GAME_DATE,OPPONENT,IS_HOME,DAYS_RESTED,SEASON_AVG_PTS,SEASON_AVG_REB,SEASON_AVG_AST,SEASON_AVG_MIN,SEASON_AVG_FGA,SEASON_AVG_FGM,SEASON_AVG_FG_PCT,SEASON_AVG_FG3A,SEASON_AVG_FG3M,SEASON_AVG_FG3_PCT,SEASON_AVG_FTA,SEASON_AVG_FTM,SEASON_AVG_FT_PCT,ROLL_3_PTS,ROLL_3_REB,ROLL_3_AST,ROLL_3_MIN,ROLL_3_FGA,ROLL_3_FGM,ROLL_3_FG_PCT,ROLL_3_FG3A,ROLL_3_FG3M,ROLL_3_FG3_PCT,ROLL_3_FTA,ROLL_3_FTM,ROLL_3_FT_PCT,ROLL_5_PTS,ROLL_5_REB,ROLL_5_AST,ROLL_5_MIN,ROLL_5_FGA,ROLL_5_FGM,ROLL_5_FG_PCT,ROLL_5_FG3A,ROLL_5_FG3M,ROLL_5_FG3_PCT,ROLL_5_FTA,ROLL_5_FTM,ROLL_5_FT_PCT,ROLL_10_PTS,ROLL_10_REB,ROLL_10_AST,ROLL_10_MIN,ROLL_10_FGA,ROLL_10_FGM,ROLL_10_FG_PCT,ROLL_10_FG3A,ROLL_10_FG3M,ROLL_10_FG3_PCT,ROLL_10_FTA,ROLL_10_FTM,ROLL_10_FT_PCT,HEAD2HEAD_AVG_PTS,HEAD2HEAD_AVG_REB,HEAD2HEAD_AVG_AST,HEAD2HEAD_AVG_MIN,HEAD2HEAD_AVG_FGA,HEAD2HEAD_AVG_FGM,HEAD2HEAD_AVG_FG_PCT,HEAD2HEAD_AVG_FG3A,HEAD2HEAD_AVG_FG3M,HEAD2HEAD_AVG_FG3_PCT,HEAD2HEAD_AVG_FTA,HEAD2HEAD_AVG_FTM,HEAD2HEAD_AVG_FT_PCT,MURRAY_OUT,SEASON_AVG_PTS_MURRAY_OUT,SEASON_AVG_REB_MURRAY_OUT,SEASON_AVG_AST_MURRAY_OUT,SEASON_AVG_MIN_MURRAY_OUT,SEASON_AVG_FGA_MURRAY_OUT,SEASON_AVG_FGM_MURRAY_OUT,SEASON_AVG_FG_PCT_MURRAY_OUT,SEASON_AVG_FG3A_MURRAY_OUT,SEASON_AVG_FG3M_MURRAY_OUT,SEASON_AVG_FG3_PCT_MURRAY_OUT,SEASON_AVG_FTA_MURRAY_OUT,SEASON_AVG_FTM_MURRAY_OUT,SEASON_AVG_FT_PCT_MURRAY_OUT,OPP_DEF_RATING,OPP_PACE,OPP_PTS,OPP_REB,OPP_AST,OPP_FGA,OPP_FGM,OPP_FG_PCT,OPP_FG3A,OPP_FG3M,OPP_FG3_PCT,OPP_FTA,OPP_FTM,OPP_FT_PCT,PTS,REB,AST
2024-10-26,LAC,1,2,16.0,12.0,13.0,35.0,13.0,6.0,0.462,3.0,1.0,0.333,4.0,3.0,0.75,,,,,,,,,,,,,,,,,,,,,,,,,,,,,,,,,,,,,,,,,,,,,,,,,,,,,0,,,,,,,,,,,,,,104.54217736121124,110.96,116.0,42.0,25.0,78.0,38.0,0.487,38.0,15.0,0.395,34.0,25.0,0.735,41,9,4
2024-10-28,TOR,0,2,28.5,10.5,8.5,36.0,19.5,10.0,0.5,7.5,4.0,0.45799999999999996,6.0,4.5,0.75,,,,,,,,,,,,,,,,,,,,,,,,,,,,,,,,,,,,,,,,,,,,,,,,,,,,,0,,,,,,,,,,,,,,115.93729588504245,102.06666666666668,118.33333333333331,35.0,25.666666666666668,82.0,39.666666666666664,0.4793333333333333,32.0,12.333333333333334,0.385,35.0,26.666666666666668,0.7643333333333334,40,10,4
2024-10-29,BKN,0,1,32.333333333333336,10.333333333333334,7.0,38.666666666666664,22.0,12.666666666666666,0.5556666666666666,6.666666666666667,3.6666666666666665,0.5053333333333333,4.666666666666667,3.3333333333333335,0.6666666666666666,32.333333333333336,10.333333333333334,7.0,38.666666666666664,22.0,12.666666666666666,0.5556666666666666,6.666666666666667,3.6666666666666665,0.5053333333333333,4.666666666666667,3.3333333333333335,0.6666666666666666,,,,,,,,,,,,,,,,,,,,,,,,,,,,,,,,,,,,,,,,0,,,,,,,,,,,,,,112.8924515698063,99.8,112.66666666666669,42.333333333333336,24.333333333333332,76.33333333333333,37.0,0.4846666666666666,30.333333333333332,11.333333333333334,0.3746666666666666,36.666666666666664,27.333333333333332,0.751,29,18,16
2024-11-01,MIN,0,3,31.5,12.25,9.25,39.25,20.5,11.75,0.5575,5.0,2.75,0.379,6.75,5.25,0.7115,36.666666666666664,12.333333333333334,8.0,40.666666666666664,23.0,13.666666666666666,0.5893333333333334,5.666666666666667,3.3333333333333335,0.39433333333333326,7.666666666666667,6.0,0.6986666666666667,,,,,,,,,,,,,,,,,,,,,,,,,,,,,,,,,,,,,,,,0,,,,,,,,,,,,,,110.93423539946274,100.51,111.5,42.5,24.25,90.0,41.5,0.46125,31.75,10.5,0.32525,22.75,18.0,0.7775,26,9,13
2024-11-02,UTA,1,1,30.4,11.6,10.0,39.4,19.6,11.0,0.546,4.6,2.6,0.4366,7.4,5.8,0.7292,31.666666666666668,12.333333333333334,11.0,41.666666666666664,19.666666666666668,11.666666666666666,0.5766666666666667,2.6666666666666665,1.6666666666666667,0.4223333333333333,8.333333333333334,6.666666666666667,0.7153333333333333,30.4,11.6,10.0,39.4,19.6,11.0,0.546,4.6,2.6,0.4366,7.4,5.8,0.7292,,,,,,,,,,,,,,,,,,,,,,,,,,,1,,,,,,,,,,,,,,113.78744036912488,102.296,116.4,48.4,28.2,95.2,44.6,0.4684,41.6,13.6,0.3194,18.4,13.6,0.7485999999999999,27,16,9
2024-11-04,TOR,1,2,29.833333333333332,12.333333333333334,9.833333333333334,37.833333333333336,19.333333333333332,10.833333333333334,0.5476666666666666,4.5,2.6666666666666665,0.4888333333333333,6.833333333333333,5.5,0.7743333333333333,27.333333333333332,14.333333333333334,12.666666666666666,37.0,16.666666666666668,9.0,0.5396666666666666,2.3333333333333335,1.6666666666666667,0.4723333333333333,9.0,7.666666666666667,0.882,32.6,12.4,9.2,38.4,20.6,11.8,0.5648,4.8,3.0,0.52,7.4,6.0,0.7792,,,,,,,,,,,,,,40.0,10.0,4.0,44.0,27.0,18.0,0.667,5.0,3.0,0.6,2.0,1.0,0.5,1,27.0,16.0,9.0,30.0,18.0,10.0,0.556,4.0,3.0,0.75,4.0,4.0,1.0,117.74634303166692,106.64571428571428,125.57142857142856,41.0,26.714285714285715,89.14285714285714,43.285714285714285,0.4837142857142856,33.285714285714285,12.428571428571429,0.3775714285714285,33.285714285714285,26.571428571428573,0.7977142857142857,28,14,13
2024-11-06,OKC,1,2,29.571428571428573,12.571428571428571,10.285714285714286,37.857142857142854,19.714285714285715,10.714285714285714,0.5344285714285715,4.571428571428571,2.4285714285714284,0.44757142857142856,7.0,5.714285714285714,0.7887142857142857,27.0,13.0,11.666666666666666,36.0,18.666666666666668,9.333333333333334,0.5036666666666667,4.0,2.0,0.539,7.333333333333333,6.333333333333333,0.8916666666666666,30.0,13.4,11.0,38.6,19.8,11.0,0.5482,3.4,1.8,0.4434,7.4,6.2,0.8042,,,,,,,,,,,,,,16.0,12.0,13.0,35.0,13.0,6.0,0.462,3.0,1.0,0.333,4.0,3.0,0.75,1,27.5,15.0,11.0,34.0,20.0,10.0,0.5055000000000001,4.5,2.0,0.475,6.0,5.5,0.9375,91.38203410143272,104.89714285714284,95.85714285714286,49.42857142857143,24.0,87.14285714285714,34.0,0.3917142857142857,37.42857142857143,10.714285714285714,0.2875714285714285,23.142857142857142,17.142857142857142,0.747,23,20,16
2024-11-08,MIA,1,2,28.75,13.5,11.0,38.0,19.75,10.5,0.523875,4.375,2.25,0.43325,6.875,5.5,0.7735000000000001,26.0,16.666666666666668,12.666666666666666,35.666666666666664,20.0,9.666666666666666,0.48700000000000004,4.0,1.6666666666666667,0.42766666666666664,6.0,5.0,0.8473333333333333,26.6,15.4,13.4,37.6,18.4,9.2,0.5048,3.0,1.4,0.39,8.2,6.8,0.8375999999999999,,,,,,,,,,,,,,,,,,,,,,,,,,,0,,,,,,,,,,,,,,111.443486421491,97.42285714285714,108.57142857142856,46.857142857142854,23.857142857142858,88.42857142857143,39.857142857142854,0.4525714285714285,39.0,14.0,0.3558571428571428,19.142857142857142,14.857142857142858,0.7811428571428571,30,11,14
2024-11-10,DAL,1,2,28.88888888888889,13.222222222222221,11.333333333333334,38.22222222222222,19.0,10.555555555555555,0.5596666666666666,4.0,2.111111111111111,0.49622222222222223,6.888888888888889,5.666666666666667,0.7986666666666667,27.0,15.0,14.333333333333334,39.0,18.333333333333332,10.0,0.5836666666666667,3.0,1.0,0.511,7.0,6.0,0.8473333333333333,26.8,14.0,13.0,37.4,17.8,9.6,0.5614,3.2,1.6,0.5900000000000001,7.0,6.0,0.8684,,,,,,,,,,,,,,,,,,,,,,,,,,,0,,,,,,,,,,,,,,108.04308480113008,100.68,108.77777777777776,46.44444444444444,26.0,88.0,39.111111111111114,0.4456666666666667,37.44444444444444,12.333333333333334,0.3302222222222222,24.77777777777778,18.22222222222222,0.7316666666666668,37,18,15
2024-11-22,DAL,1,12,29.7,13.7,11.7,38.2,19.2,10.8,0.5656,3.9,2.2,0.5466,7.0,5.9,0.8188000000000001,30.0,16.333333333333332,15.0,39.0,18.0,11.0,0.6383333333333333,2.3333333333333335,1.6666666666666667,0.7776666666666667,7.0,6.333333333333333,0.8889999999999999,29.0,15.8,13.4,37.0,18.8,10.6,0.5852,3.2,1.8,0.6566,6.6,6.0,0.9084,29.7,13.7,11.7,38.2,19.2,10.8,0.5656,3.9,2.2,0.5466,7.0,5.9,0.8188000000000001,37.0,18.0,15.0,38.0,21.0,13.0,0.619,3.0,3.0,1.0,8.0,8.0,1.0,0,,,,,,,,,,,,,,109.47686224217163,99.808,109.26666666666668,44.266666666666666,26.133333333333333,87.53333333333333,39.13333333333333,0.4474000000000001,37.0,12.533333333333331,0.342,24.866666666666667,18.466666666666665,0.7410666666666668,33,17,10
2024-11-23,LAL,0,1,30.0,14.0,11.545454545454545,38.27272727272727,19.454545454545453,11.0,0.5679090909090909,3.727272727272727,2.1818181818181817,0.5878181818181818,7.0,5.818181818181818,0.8092727272727274,33.333333333333336,15.333333333333334,13.0,39.0,18.666666666666668,12.333333333333334,0.6853333333333333,2.0,2.0,1.0,7.333333333333333,6.666666666666667,0.9046666666666666,30.2,16.0,13.6,38.8,19.6,11.2,0.5922,2.8,1.6,0.7066,7.2,6.2,0.8512000000000001,31.4,14.2,11.4,38.6,20.1,11.5,0.5785,3.8,2.3,0.6133,7.3,6.1,0.8151999999999999,,,,,,,,,,,,,,0,,,,,,,,,,,,,,114.64993290709606,101.35200000000002,116.2,43.266666666666666,28.266666666666666,90.26666666666668,43.13333333333333,0.4770666666666666,36.86666666666667,13.2,0.3577333333333333,20.8,16.733333333333334,0.7997333333333334,34,13,8
2024-11-25,NYK,1,2,30.333333333333332,13.916666666666666,11.25,38.166666666666664,19.5,11.083333333333334,0.5705833333333333,4.0,2.25,0.5745833333333333,7.083333333333333,5.916666666666667,0.8147500000000001,34.666666666666664,16.0,11.0,38.0,21.0,12.666666666666666,0.6033333333333333,4.0,2.6666666666666665,0.8096666666666666,7.666666666666667,6.666666666666667,0.863,31.4,15.8,12.6,38.6,19.2,11.6,0.6212,3.2,2.0,0.7524,7.2,6.2,0.8512000000000001,30.7,14.6,11.8,38.6,19.5,11.3,0.5847,3.3,1.9,0.5979,7.3,6.2,0.8276999999999999,,,,,,,,,,,,,,0,,,,,,,,,,,,,,114.79949970646042,97.9425,112.4375,40.0625,26.375,86.3125,40.8125,0.4724375,39.375,14.75,0.362875,20.75,16.0625,0.7680625000000001,22,7,7
2024-11-27,UTA,0,2,29.692307692307693,13.384615384615385,10.923076923076923,37.69230769230769,19.53846153846154,10.923076923076923,0.5613076923076923,4.230769230769231,2.230769230769231,0.5523846153846154,6.6923076923076925,5.615384615384615,0.8290000000000001,29.666666666666668,12.333333333333334,8.333333333333334,36.0,20.666666666666668,11.333333333333334,0.5469999999999999,5.333333333333333,2.3333333333333335,0.5716666666666667,5.666666666666667,4.666666666666667,0.863,31.2,13.2,10.8,37.2,19.2,11.6,0.6212,4.0,2.2,0.743,6.4,5.8,0.9178000000000001,28.9,14.3,12.1,37.4,18.8,10.4,0.563,3.5,1.8,0.5665,7.3,6.3,0.8776999999999999,27.0,16.0,9.0,30.0,18.0,10.0,0.556,4.0,3.0,0.75,4.0,4.0,1.0,0,,,,,,,,,,,,,,117.06730213080998,101.70117647058824,119.05882352941175,42.35294117647059,28.0,90.82352941176472,43.411764705882355,0.4796470588235294,40.0,14.588235294117649,0.3655882352941177,23.11764705882353,17.647058823529413,0.7718235294117647,30,10,7
2024-12-01,LAC,0,4,29.714285714285715,13.142857142857142,10.642857142857142,37.42857142857143,19.5,11.071428571428571,0.5700714285714286,4.142857142857143,2.2142857142857144,0.5605714285714286,6.428571428571429,5.357142857142857,0.8174285714285715,28.666666666666668,10.0,7.333333333333333,34.333333333333336,19.666666666666668,11.333333333333334,0.578,5.666666666666667,2.3333333333333335,0.4606666666666666,4.333333333333333,3.6666666666666665,0.8473333333333333,31.2,13.0,9.4,36.0,20.4,12.0,0.5888,4.4,2.4,0.6764,5.6,4.8,0.8512000000000001,29.0,13.5,11.2,36.7,19.1,10.8,0.5751000000000001,3.8,2.0,0.6332,6.3,5.4,0.8597999999999999,41.0,9.0,4.0,37.0,26.0,14.0,0.538,12.0,7.0,0.583,8.0,6.0,0.75,0,,,,,,,,,,,,,,106.675843083276,99.6342857142857,106.28571428571428,41.523809523809526,24.047619047619047,84.80952380952381,38.38095238095238,0.4531904761904762,38.19047619047619,12.952380952380953,0.3312857142857143,21.571428571428573,16.571428571428573,0.7659523809523808,28,14,11
2024-12-03,GSW,1,2,29.6,13.2,10.666666666666666,37.53333333333333,19.8,11.133333333333333,0.5654,4.333333333333333,2.2,0.5422666666666667,6.266666666666667,5.133333333333334,0.7962666666666667,26.666666666666668,10.333333333333334,8.333333333333334,35.0,21.0,11.333333333333334,0.5446666666666667,5.666666666666667,2.0,0.413,3.0,2.0,0.7223333333333333,29.4,12.2,8.6,36.2,21.0,11.8,0.5650000000000001,5.2,2.2,0.5336000000000001,4.8,3.6,0.7512000000000001,29.2,14.0,11.0,36.6,19.9,11.2,0.5751,4.2,2.0,0.5951000000000001,5.7,4.8,0.8298,,,,,,,,,,,,,,0,,,,,,,,,,,,,,106.32875259960036,103.25473684210526,109.78947368421052,46.526315789473685,25.789473684210527,89.89473684210526,39.21052631578947,0.4399473684210526,39.0,12.736842105263158,0.3301578947368421,24.26315789473684,18.63157894736842,0.7661578947368421,38,10,6
2024-12-05,CLE,0,2,30.125,13.0,10.375,37.6875,20.0625,11.3125,0.5665,4.3125,2.25,0.55525,6.4375,5.25,0.7951250000000001,32.0,11.333333333333334,8.0,37.666666666666664,22.333333333333332,13.0,0.5890000000000001,4.666666666666667,2.3333333333333335,0.5676666666666667,5.333333333333333,3.6666666666666665,0.6483333333333333,30.4,10.8,7.8,36.4,21.4,12.0,0.5634,5.6,2.4,0.48360000000000003,5.2,4.0,0.764,30.3,13.4,10.7,37.6,20.5,11.6,0.5778000000000001,4.2,2.0,0.5951000000000001,6.2,5.1,0.8076000000000001,,,,,,,,,,,,,,0,,,,,,,,,,,,,,109.04023223922066,102.0890909090909,111.3181818181818,43.59090909090909,25.59090909090909,88.95454545454545,40.40909090909091,0.4553181818181819,37.18181818181818,13.954545454545457,0.3702272727272727,20.863636363636363,16.545454545454547,0.7948636363636364,27,20,11
2024-12-07,WAS,0,2,29.941176470588236,13.411764705882353,10.411764705882353,37.76470588235294,20.41176470588235,11.411764705882353,0.5625882352941176,4.235294117647059,2.1176470588235294,0.5225882352941177,6.117647058823529,5.0,0.8071764705882354,31.0,14.666666666666666,9.333333333333334,39.333333333333336,24.666666666666668,13.0,0.5276666666666666,4.666666666666667,1.6666666666666667,0.3453333333333333,4.666666666666667,3.3333333333333335,0.7593333333333333,29.0,12.2,8.4,36.8,22.6,12.2,0.5434,4.8,1.8,0.3978,3.8,2.8,0.789,30.2,14.0,10.5,37.7,20.9,11.9,0.5823,4.0,1.9,0.5751,5.5,4.5,0.8201,,,,,,,,,,,,,,1,26.0,16.666666666666668,12.666666666666666,35.666666666666664,20.0,9.666666666666666,0.48700000000000004,4.0,1.6666666666666667,0.42766666666666664,6.0,5.0,0.8473333333333333,119.29590792344978,103.566,123.55,48.1,27.6,91.2,44.1,0.4841500000000001,38.75,14.65,0.3778499999999999,26.4,20.7,0.7921500000000001,56,16,8
2024-12-08,ATL,0,1,31.38888888888889,13.555555555555555,10.277777777777779,37.833333333333336,21.444444444444443,12.0,0.5626666666666666,4.333333333333333,2.1666666666666665,0.5213333333333333,6.5,5.222222222222222,0.8007777777777778,40.333333333333336,15.333333333333334,8.333333333333334,39.333333333333336,29.666666666666668,16.333333333333332,0.5489999999999999,4.333333333333333,2.0,0.4166666666666667,7.666666666666667,5.666666666666667,0.8233333333333333,35.8,14.0,8.6,38.2,26.4,14.8,0.5662,4.6,2.0,0.4406,6.0,4.2,0.7274,33.5,13.6,9.7,37.7,22.8,13.2,0.5937,4.3,2.1,0.5917999999999999,6.2,5.0,0.8226000000000001,,,,,,,,,,,,,,1,33.5,16.5,11.5,36.5,24.75,12.75,0.5062500000000001,4.5,2.0,0.44575,7.75,6.0,0.8085,112.0381125796628,106.17666666666668,118.95833333333331,44.375,26.958333333333332,91.54166666666669,42.5,0.4652916666666666,41.958333333333336,16.166666666666668,0.3857916666666667,22.75,17.791666666666668,0.7827916666666664,48,14,8
2024-12-13,LAC,1,5,32.26315789473684,13.578947368421053,10.157894736842104,37.68421052631579,21.842105263157894,12.263157894736842,0.5638947368421053,4.421052631578948,2.210526315789474,0.5202105263157895,6.842105263157895,5.526315789473684,0.8031578947368422,43.666666666666664,16.666666666666668,9.0,37.666666666666664,31.333333333333332,17.333333333333332,0.5499999999999999,5.0,2.0,0.3333333333333333,9.0,7.0,0.846,39.4,14.8,8.8,38.4,28.4,15.6,0.5466,5.2,2.2,0.4072,8.0,6.0,0.7632,35.3,13.9,9.1,37.2,24.4,13.8,0.5677,4.8,2.3,0.5418,6.8,5.4,0.8072000000000001,34.5,11.5,7.5,38.0,25.0,13.0,0.519,9.5,4.5,0.4345,6.0,4.0,0.625,0,,,,,,,,,,,,,,108.13511248630182,99.2832,107.36,41.6,24.84,84.64,39.16,0.4632,37.6,12.92,0.33796,21.28,16.12,0.7530399999999999,16,7,2
2024-12-16,SAC,0,3,31.45,13.25,9.75,37.3,21.2,11.95,0.5690500000000001,4.3,2.2,0.5442,6.7,5.35,0.788,40.0,12.333333333333334,6.0,34.666666666666664,25.666666666666668,15.0,0.6056666666666667,4.666666666666667,2.6666666666666665,0.6666666666666666,10.0,7.333333333333333,0.6793333333333332,37.0,13.4,7.0,36.6,25.4,14.4,0.5799999999999998,4.2,2.2,0.55,8.0,6.0,0.7632,33.2,12.8,7.8,36.4,23.2,13.1,0.5725,4.7,2.2,0.5418,6.4,4.8,0.7572,,,,,,,,,,,,,,0,,,,,,,,,,,,,,111.09347122682875,101.75076923076922,113.03846153846152,41.80769230769231,25.46153846153846,87.11538461538461,40.03846153846154,0.4604230769230769,39.65384615384615,14.961538461538462,0.3769230769230768,22.423076923076923,18.0,0.8175384615384613,20,14,13
2024-12-19,POR,0,3,30.904761904761905,13.285714285714286,9.904761904761905,37.333333333333336,21.095238095238095,11.761904761904763,0.5619999999999999,4.380952380952381,2.142857142857143,0.5262380952380953,6.571428571428571,5.238095238095238,0.7861904761904762,28.0,11.666666666666666,7.666666666666667,34.333333333333336,19.0,10.333333333333334,0.558,4.666666666666667,2.0,0.5556666666666666,7.0,5.333333333333333,0.6986666666666667,33.4,14.2,8.4,36.2,24.4,13.2,0.5476,4.6,1.8,0.43339999999999995,7.0,5.2,0.7575999999999999,31.9,12.5,8.1,36.3,22.9,12.6,0.5555,5.1,2.1,0.4585,6.1,4.6,0.7607999999999999,,,,,,,,,,,,,,0,,,,,,,,,,,,,,115.21194722697288,100.75076923076922,116.07692307692308,45.38461538461539,27.846153846153847,87.84615384615384,41.76923076923077,0.4760000000000001,37.15384615384615,13.961538461538462,0.3749615384615384,23.384615384615383,18.576923076923077,0.7960384615384617,34,6,8
2024-12-22,NOP,0,3,31.045454545454547,12.954545454545455,9.818181818181818,37.31818181818182,20.954545454545453,11.818181818181818,0.5692727272727273,4.454545454545454,2.227272727272727,0.5326363636363637,6.454545454545454,5.181818181818182,0.795909090909091,23.333333333333332,9.0,7.666666666666667,35.0,15.333333333333334,9.0,0.6033333333333334,4.666666666666667,2.3333333333333335,0.6113333333333334,4.0,3.0,0.75,34.8,11.4,7.8,35.8,22.8,13.2,0.592,5.2,2.6,0.5668,7.6,5.8,0.7575999999999999,31.9,11.8,8.1,36.3,22.7,12.7,0.5677000000000001,5.0,2.2,0.48230000000000006,5.7,4.3,0.7733,,,,,,,,,,,,,,0,,,,,,,,,,,,,,116.44231563300023,100.21241379310344,116.6896551724138,45.41379310344828,28.620689655172413,89.58620689655173,43.44827586206897,0.4850689655172413,38.41379310344828,14.344827586206897,0.3712758620689655,19.448275862068964,15.448275862068966,0.7913103448275863,27,13,10
2024-12-23,PHX,1,1,30.869565217391305,12.956521739130435,9.826086956521738,37.56521739130435,20.91304347826087,11.782608695652174,0.5684347826086956,4.391304347826087,2.217391304347826,0.5384782608695652,6.391304347826087,5.086956521739131,0.7873913043478262,27.0,11.0,10.333333333333334,39.333333333333336,19.0,10.666666666666666,0.5643333333333334,5.0,2.3333333333333335,0.5003333333333334,4.333333333333333,3.3333333333333335,0.7833333333333332,29.0,10.8,8.2,36.6,19.0,11.0,0.5892,4.6,2.4,0.6002000000000001,6.0,4.6,0.7392000000000001,32.4,12.4,8.4,37.4,22.7,12.9,0.5777,4.6,2.2,0.5204,6.0,4.4,0.7333,,,,,,,,,,,,,,1,36.4,16.0,10.8,36.2,25.6,13.6,0.5222,4.8,2.2,0.4566,8.8,7.0,0.8160000000000001,114.75446164755938,100.27851851851852,115.07407407407408,43.55555555555556,26.814814814814813,89.03703703703704,42.0,0.4761481481481481,37.2962962962963,13.925925925925926,0.376925925925926,21.59259259259259,17.14814814814815,0.8010370370370369,32,2,7
2024-12-25,PHX,0,2,30.916666666666668,12.5,9.708333333333334,37.25,20.75,11.791666666666666,0.5741666666666666,4.458333333333333,2.2916666666666665,0.5438333333333333,6.333333333333333,5.041666666666667,0.7879166666666668,31.0,7.0,8.333333333333334,36.666666666666664,18.333333333333332,12.0,0.6593333333333333,5.0,3.3333333333333335,0.667,4.666666666666667,3.6666666666666665,0.7999999999999999,25.8,8.4,8.0,35.6,16.6,10.0,0.6132,4.6,2.6,0.6336,4.4,3.2,0.73,32.6,11.6,8.4,37.0,22.5,12.8,0.5799000000000001,4.9,2.4,0.5204000000000001,6.2,4.6,0.7466,32.0,2.0,7.0,30.0,17.0,12.0,0.706,6.0,4.0,0.667,5.0,4.0,0.8,0,,,,,,,,,,,,,,115.0048513212716,100.12,115.14285714285714,43.642857142857146,27.107142857142858,89.07142857142857,42.142857142857146,0.4773928571428571,37.42857142857143,14.0,0.3773928571428572,21.214285714285715,16.857142857142858,0.8016428571428571,25,15,2
2024-12-27,CLE,1,2,30.68,12.6,9.4,37.28,20.68,11.72,0.57224,4.56,2.28,0.53352,6.24,4.96,0.7864000000000001,28.0,10.0,6.333333333333333,37.0,18.666666666666668,11.0,0.594,5.333333333333333,2.6666666666666665,0.54,4.666666666666667,3.3333333333333335,0.7166666666666667,27.6,10.0,8.0,37.2,18.6,10.8,0.5850000000000001,5.6,2.6,0.4908,4.4,3.4,0.78,32.3,11.7,7.5,36.9,22.0,12.6,0.5825,4.9,2.4,0.5204,6.2,4.7,0.7716000000000001,27.0,20.0,11.0,39.0,26.0,13.0,0.5,3.0,0.0,0.0,1.0,1.0,1.0,0,,,,,,,,,,,,,,108.10704755925286,101.936,110.2,43.6,24.933333333333337,88.46666666666667,40.0,0.4528,36.56666666666667,13.6,0.3665666666666666,21.066666666666663,16.6,0.7895333333333335,27,14,13
2024-12-28,DET,1,1,30.53846153846154,12.653846153846153,9.538461538461538,37.23076923076923,20.615384615384617,11.73076923076923,0.5745384615384614,4.5,2.1923076923076925,0.513,6.153846153846154,4.884615384615385,0.7850000000000001,28.0,10.333333333333334,7.333333333333333,34.666666666666664,18.333333333333332,11.333333333333334,0.6213333333333333,5.333333333333333,2.0,0.3176666666666667,4.333333333333333,3.3333333333333335,0.7666666666666666,29.0,10.0,8.0,36.8,18.6,11.6,0.6272,5.0,2.4,0.4574000000000001,4.4,3.4,0.78,31.2,12.1,8.2,36.5,21.5,12.4,0.5873999999999999,4.8,2.1,0.4454000000000001,5.7,4.3,0.7688,,,,,,,,,,,,,,0,,,,,,,,,,,,,,113.06036678553234,101.31612903225806,114.5483870967742,42.645161290322584,25.451612903225808,88.12903225806451,41.61290322580645,0.4740645161290321,37.58064516129032,14.35483870967742,0.3784838709677419,21.612903225806452,16.967741935483872,0.7861290322580646,37,9,8
2024-12-30,UTA,0,2,30.77777777777778,12.518518518518519,9.481481481481481,37.22222222222222,20.48148148148148,11.703703703703704,0.5772222222222222,4.518518518518518,2.259259259259259,0.5236296296296297,6.444444444444445,5.111111111111111,0.7850370370370372,29.666666666666668,12.666666666666666,7.666666666666667,37.0,18.333333333333332,11.0,0.6016666666666667,5.0,2.0,0.36200000000000004,7.333333333333333,5.666666666666667,0.762,29.6,10.6,8.0,36.8,18.4,11.2,0.6122,4.8,2.4,0.484,6.4,4.8,0.7372,32.2,11.0,7.9,36.3,20.6,12.2,0.6021,5.0,2.5,0.5254000000000001,7.0,5.3,0.7474000000000001,28.5,13.0,8.0,32.0,18.5,11.5,0.6200000000000001,3.5,2.5,0.7085,3.5,3.0,0.8335,0,,,,,,,,,,,,,,118.08193521156484,101.088,119.36666666666666,41.4,28.266666666666666,91.2,43.833333333333336,0.4820333333333333,40.46666666666667,14.833333333333334,0.3658333333333334,21.866666666666667,16.866666666666667,0.7747999999999998,36,22,11
2025-01-01,ATL,1,2,30.964285714285715,12.857142857142858,9.535714285714286,37.25,20.928571428571427,11.785714285714286,0.57175,4.678571428571429,2.2857142857142856,0.5168214285714285,6.428571428571429,5.107142857142857,0.7867500000000002,33.333333333333336,15.0,10.666666666666666,37.0,23.0,12.333333333333334,0.5676666666666667,5.666666666666667,2.3333333333333335,0.37766666666666665,8.0,6.333333333333333,0.7896666666666666,31.4,12.4,8.2,35.8,21.0,11.8,0.587,6.0,2.6,0.41720000000000007,6.6,5.2,0.7838,30.2,11.6,8.2,36.2,20.0,11.4,0.5881000000000001,5.3,2.5,0.5086999999999999,6.3,4.9,0.7615000000000001,48.0,14.0,8.0,35.0,29.0,17.0,0.586,6.0,3.0,0.5,13.0,11.0,0.846,0,,,,,,,,,,,,,,111.60510975498678,106.4630303030303,118.8181818181818,44.21212121212121,28.12121212121212,91.72727272727272,43.15151515151515,0.4709090909090908,41.06060606060606,15.696969696969695,0.3822424242424243,21.575757575757574,16.818181818181817,0.7823030303030302,23,17,15
2025-01-03,SAS,1,2,30.689655172413794,13.0,9.724137931034482,37.0,20.75862068965517,11.655172413793103,0.5692758620689655,4.551724137931035,2.2413793103448274,0.5334827586206896,6.413793103448276,5.137931034482759,0.7941034482758622,32.0,16.0,11.333333333333334,35.0,22.0,11.0,0.5236666666666667,5.0,2.6666666666666665,0.711,8.666666666666666,7.333333333333333,0.8729999999999999,29.6,15.4,9.8,35.8,20.8,11.0,0.5458000000000001,5.0,2.0,0.4838,6.8,5.6,0.8238,27.7,11.9,8.9,35.7,18.7,10.5,0.5795,4.8,2.3,0.5587,5.6,4.4,0.7769,,,,,,,,,,,,,,0,,,,,,,,,,,,,,110.12594397954162,100.95878787878787,111.1818181818182,44.90909090909091,25.151515151515152,91.63636363636364,41.666666666666664,0.4555757575757576,38.03030303030303,13.242424242424242,0.3493636363636364,18.363636363636363,14.606060606060606,0.7945454545454546,41,18,9
2025-01-04,SAS,0,1,31.033333333333335,13.166666666666666,9.7,37.0,21.266666666666666,11.766666666666667,0.5642,4.733333333333333,2.2666666666666666,0.5257000000000001,6.5,5.233333333333333,0.7972666666666668,33.333333333333336,19.0,11.666666666666666,35.0,28.333333333333332,12.333333333333334,0.447,6.666666666666667,2.3333333333333335,0.5443333333333333,7.0,6.333333333333333,0.9073333333333333,32.8,16.0,11.2,35.6,24.2,12.0,0.524,5.6,2.2,0.4866,7.8,6.6,0.8516,30.2,13.0,9.6,36.4,21.4,11.4,0.5545,5.6,2.4,0.48869999999999997,6.1,5.0,0.8158,41.0,18.0,9.0,37.0,36.0,15.0,0.417,10.0,3.0,0.3,9.0,8.0,0.889,0,,,,,,,,,,,,,,110.0568486288763,100.99058823529413,111.1470588235294,44.94117647058823,25.38235294117647,91.79411764705884,41.6764705882353,0.4549117647058823,38.05882352941177,13.294117647058824,0.3504117647058823,18.294117647058822,14.5,0.7914117647058823,46,9,10
2025-01-10,BKN,1,6,31.516129032258064,13.03225806451613,9.709677419354838,37.193548387096776,21.70967741935484,12.0,0.5635161290322581,4.838709677419355,2.2903225806451615,0.5208387096774194,6.483870967741935,5.225806451612903,0.7984193548387097,36.666666666666664,14.666666666666666,11.333333333333334,36.666666666666664,29.0,14.0,0.48666666666666664,6.333333333333333,2.3333333333333335,0.5583333333333333,7.0,6.333333333333333,0.9073333333333333,36.6,15.0,10.6,37.0,27.4,13.4,0.5062,6.6,2.8,0.5616,8.2,7.0,0.8682000000000001,32.8,12.5,9.3,36.9,23.0,12.5,0.5667000000000001,5.8,2.6,0.5095,6.3,5.2,0.8240999999999999,29.0,18.0,16.0,41.0,16.0,9.0,0.563,0.0,0.0,0.0,13.0,11.0,0.846,0,,,,,,,,,,,,,,114.7433444486962,98.88108108108108,113.45945945945944,42.45945945945946,27.08108108108108,83.35135135135135,40.67567567567568,0.4883513513513513,36.054054054054056,13.594594594594597,0.3771891891891891,24.054054054054053,18.513513513513512,0.7674054054054055,35,12,15
2025-01-12,DAL,0,2,31.625,13.0,9.875,37.21875,21.6875,12.0625,0.56675,4.71875,2.25,0.5358125,6.53125,5.25,0.7969062499999999,40.666666666666664,13.0,11.333333333333334,39.333333333333336,30.666666666666668,16.0,0.5423333333333334,6.333333333333333,2.3333333333333335,0.5583333333333333,7.666666666666667,6.333333333333333,0.824,36.2,15.6,12.0,37.2,28.2,14.0,0.5102,5.8,2.2,0.6016,7.0,6.0,0.861,32.9,13.1,10.0,37.0,23.3,12.6,0.5612,5.3,2.3,0.5428,6.7,5.4,0.7990999999999999,35.0,17.5,12.5,38.5,21.5,13.0,0.605,2.5,2.5,1.0,7.5,6.5,0.857,0,,,,,,,,,,,,,,110.25444130831808,101.44,111.84210526315788,44.10526315789474,26.342105263157897,90.3157894736842,40.973684210526315,0.4539999999999999,36.13157894736842,12.894736842105264,0.3572894736842106,22.05263157894737,17.0,0.7772894736842106,19,18,9
2025-01-14,DAL,0,2,31.242424242424242,13.151515151515152,9.848484848484848,37.27272727272727,21.424242424242426,11.878787878787879,0.5635757575757575,4.636363636363637,2.1818181818181817,0.5195757575757576,6.606060606060606,5.303030303030303,0.7963333333333332,33.333333333333336,13.0,11.333333333333334,40.0,23.0,13.0,0.5573333333333333,3.6666666666666665,1.3333333333333333,0.4583333333333333,7.666666666666667,6.0,0.7869999999999999,32.8,14.8,11.6,37.4,24.2,12.4,0.5178,4.4,1.6,0.5349999999999999,7.6,6.4,0.85,32.1,13.6,9.9,36.6,22.6,12.1,0.5524,5.2,2.1,0.4761,7.1,5.8,0.8169000000000001,29.666666666666668,17.666666666666668,11.333333333333334,38.666666666666664,18.666666666666668,10.666666666666666,0.5573333333333333,2.3333333333333335,1.6666666666666667,0.6666666666666666,8.0,6.666666666666667,0.8306666666666667,0,,,,,,,,,,,,,,110.27627214626648,101.42358974358974,111.84615384615384,44.38461538461539,26.256410256410255,90.4102564102564,41.1025641025641,0.4548974358974358,36.02564102564103,12.743589743589745,0.3537435897435898,22.0,16.897435897435898,0.7740256410256411,10,14,10
2025-01-17,MIA,0,3,30.61764705882353,13.176470588235293,9.852941176470589,37.029411764705884,21.0,11.647058823529411,0.5637941176470589,4.5588235294117645,2.1470588235294117,0.519,6.470588235294118,5.176470588235294,0.7876176470588234,21.333333333333332,14.666666666666666,11.333333333333334,35.333333333333336,13.666666666666666,8.0,0.5666666666666668,1.6666666666666667,0.6666666666666666,0.5,6.333333333333333,4.666666666666667,0.676,30.2,14.2,10.6,37.2,22.4,11.6,0.532,4.6,1.6,0.43499999999999994,6.8,5.4,0.75,29.9,14.8,10.2,36.5,21.6,11.3,0.5388999999999999,4.8,1.8,0.4593999999999999,6.8,5.5,0.7868999999999999,30.0,11.0,14.0,40.0,13.0,11.0,0.846,1.0,1.0,1.0,7.0,7.0,1.0,0,,,,,,,,,,,,,,110.34846339118658,99.2194871794872,109.48717948717947,45.79487179487179,26.794871794871796,88.97435897435898,40.8974358974359,0.4612307692307692,37.8974358974359,13.461538461538462,0.3542564102564102,17.923076923076923,14.23076923076923,0.7836410256410256,24,12,10
2025-01-19,ORL,0,2,30.428571428571427,13.142857142857142,9.857142857142858,36.857142857142854,20.742857142857144,11.571428571428571,0.5691142857142857,4.485714285714286,2.1142857142857143,0.5184571428571428,6.428571428571429,5.171428571428572,0.7936857142857142,17.666666666666668,14.666666666666666,9.666666666666666,33.0,10.666666666666666,6.333333333333333,0.5943333333333334,2.0,0.6666666666666666,0.3333333333333333,5.333333333333333,4.333333333333333,0.7593333333333333,26.8,13.0,10.8,36.0,17.6,10.4,0.5986,3.0,1.2,0.475,6.0,4.8,0.7722,29.8,14.5,11.0,35.8,20.9,11.2,0.5612999999999999,4.3,1.7,0.4808,6.9,5.7,0.8119,,,,,,,,,,,,,,0,,,,,,,,,,,,,,106.38196735338016,97.84837209302329,104.09302325581396,40.83720930232558,22.11627906976744,80.18604651162791,37.55813953488372,0.4686976744186045,30.511627906976745,11.16279069767442,0.3687209302325582,23.069767441860463,17.813953488372093,0.7758372093023255,20,14,10
2025-01-21,PHI,1,2,30.13888888888889,13.166666666666666,9.86111111111111,36.666666666666664,20.416666666666668,11.444444444444445,0.5749166666666666,4.361111111111111,2.0555555555555554,0.5040555555555556,6.444444444444445,5.194444444444445,0.7954444444444443,18.0,13.333333333333334,10.0,30.0,9.333333333333334,6.666666666666667,0.6996666666666668,1.3333333333333333,0.6666666666666666,0.3333333333333333,4.666666666666667,4.0,0.7856666666666667,21.6,14.0,10.8,33.4,12.4,8.0,0.6456000000000001,1.4,0.6,0.4,6.2,5.0,0.7769999999999999,29.1,14.5,10.7,35.2,19.9,10.7,0.5759000000000001,4.0,1.7,0.4808,7.2,6.0,0.8225999999999999,,,,,,,,,,,,,,0,,,,,,,,,,,,,,112.38687616071692,99.28682926829268,111.58536585365852,43.95121951219512,26.78048780487805,84.07317073170732,40.73170731707317,0.4851707317073169,36.63414634146341,13.292682926829269,0.3624390243902439,21.4390243902439,16.829268292682926,0.790146341463415,27,13,10
2025-01-23,SAC,1,2,30.054054054054053,13.162162162162161,9.864864864864865,36.486486486486484,20.27027027027027,11.405405405405405,0.5774054054054054,4.324324324324325,2.054054054054054,0.5084594594594595,6.405405405405405,5.1891891891891895,0.8009729729729729,23.666666666666668,13.0,10.0,30.333333333333332,12.0,8.666666666666666,0.7316666666666668,1.6666666666666667,1.0,0.389,5.666666666666667,5.333333333333333,0.9523333333333334,20.0,14.2,9.8,31.8,11.2,7.2,0.6456,1.8,0.8,0.33340000000000003,5.6,4.8,0.827,28.1,14.9,10.9,34.5,19.7,10.6,0.5779,3.8,1.5,0.4675000000000001,6.3,5.4,0.844,20.0,14.0,13.0,38.0,19.0,8.0,0.421,6.0,1.0,0.167,4.0,3.0,0.75,0,,,,,,,,,,,,,,111.26552040473398,102.4158139534884,113.95348837209302,43.13953488372093,25.86046511627907,87.90697674418605,40.674418604651166,0.4634418604651163,38.76744186046512,14.534883720930232,0.3757209302325581,22.72093023255814,18.069767441860463,0.7997906976744183,35,22,17
2025-01-25,MIN,0,2,30.18421052631579,13.394736842105264,10.052631578947368,36.5,20.236842105263158,11.421052631578947,0.5788421052631579,4.2894736842105265,2.0526315789473686,0.5126315789473685,6.5,5.2894736842105265,0.803578947368421,27.333333333333332,16.333333333333332,12.333333333333334,32.333333333333336,14.333333333333334,9.666666666666666,0.6923333333333335,2.0,1.3333333333333333,0.4446666666666667,7.333333333333333,6.666666666666667,0.919,23.2,15.0,11.4,31.4,12.4,8.4,0.6796,2.0,1.2,0.4668,5.8,5.2,0.8513999999999999,28.0,14.9,11.5,34.4,18.3,10.4,0.5987,3.2,1.4,0.5009,6.7,5.8,0.8507,26.0,9.0,13.0,40.0,16.0,8.0,0.5,3.0,2.0,0.667,10.0,8.0,0.8,0,,,,,,,,,,,,,,108.88964141238488,99.32909090909092,108.1590909090909,43.20454545454545,24.181818181818183,88.18181818181819,39.97727272727273,0.4535681818181819,36.77272727272727,12.727272727272728,0.3439545454545455,19.704545454545453,15.477272727272728,0.7835909090909093,20,3,11
2025-01-27,CHI,0,2,29.923076923076923,13.128205128205128,10.076923076923077,36.38461538461539,20.05128205128205,11.35897435897436,0.5817435897435898,4.282051282051282,2.051282051282051,0.5123076923076925,6.358974358974359,5.153846153846154,0.7829743589743589,27.333333333333332,12.666666666666666,12.666666666666666,33.0,15.666666666666666,10.333333333333334,0.6636666666666667,3.3333333333333335,2.0,0.6113333333333334,5.333333333333333,4.666666666666667,0.6333333333333333,25.2,12.8,11.6,32.0,13.6,9.4,0.7038,2.4,1.4,0.4668,5.6,5.0,0.7514,27.7,13.5,11.1,34.6,18.0,10.5,0.6178999999999999,3.5,1.5,0.4509,6.2,5.2,0.7506999999999999,,,,,,,,,,,,,,0,,,,,,,,,,,,,,113.7319067559102,105.49217391304347,119.97826086956522,46.891304347826086,28.76086956521739,95.52173913043478,44.91304347826087,0.471108695652174,40.02173913043478,13.521739130434783,0.3386739130434782,21.32608695652174,16.630434782608695,0.7851956521739129,33,12,14
2025-01-29,NYK,0,2,30.0,13.1,10.175,36.475,20.075,11.45,0.5850500000000001,4.275,2.025,0.50575,6.25,5.075,0.7884,29.333333333333332,12.333333333333334,14.0,36.333333333333336,17.666666666666668,12.0,0.6793333333333335,3.6666666666666665,1.6666666666666667,0.4723333333333333,4.333333333333333,3.6666666666666665,0.6333333333333333,27.0,12.8,12.4,33.8,15.4,10.6,0.6966,2.8,1.4,0.4168,5.0,4.4,0.7514,26.9,12.9,11.6,34.9,16.5,10.5,0.6476,2.9,1.3,0.4459000000000001,5.5,4.6,0.7617999999999999,22.0,7.0,7.0,32.0,20.0,9.0,0.45,7.0,2.0,0.286,2.0,2.0,1.0,0,,,,,,,,,,,,,,111.81209898387776,99.08340425531917,110.7872340425532,40.97872340425532,25.53191489361702,87.82978723404256,41.08510638297872,0.4685106382978724,36.17021276595744,13.638297872340424,0.3738936170212766,19.0,14.97872340425532,0.7846382978723404,17,6,6
2025-01-31,PHI,0,2,29.682926829268293,12.926829268292684,10.073170731707316,36.390243902439025,19.951219512195124,11.317073170731707,0.5805365853658536,4.341463414634147,2.048780487804878,0.5038780487804878,6.146341463414634,5.0,0.7935609756097561,23.333333333333332,7.0,10.333333333333334,35.0,16.333333333333332,10.0,0.602,5.0,2.0,0.393,1.6666666666666667,1.3333333333333333,0.6666666666666666,26.4,11.2,11.6,34.4,16.6,10.4,0.621,4.2,2.0,0.5025999999999999,4.0,3.6,0.78,24.0,12.6,11.2,33.9,14.5,9.2,0.6333,2.8,1.3,0.4513,5.1,4.3,0.7785,27.0,13.0,10.0,30.0,15.0,10.0,0.667,3.0,2.0,0.667,5.0,5.0,1.0,0,,,,,,,,,,,,,,112.86775657537368,99.25043478260868,112.02173913043478,44.108695652173914,27.17391304347826,84.1086956521739,40.869565217391305,0.4866521739130433,36.891304347826086,13.434782608695652,0.3634782608695652,21.369565217391305,16.847826086956523,0.7921086956521741,28,9,13
2025-02-01,CHA,0,1,29.642857142857142,12.833333333333334,10.142857142857142,36.404761904761905,19.857142857142858,11.30952380952381,0.5830952380952381,4.309523809523809,2.0476190476190474,0.5077619047619047,6.119047619047619,4.976190476190476,0.7937142857142857,26.0,9.0,11.0,36.666666666666664,17.333333333333332,10.666666666666666,0.6006666666666668,4.666666666666667,2.0,0.4486666666666667,3.0,2.6666666666666665,0.9333333333333332,26.6,10.4,12.2,35.8,16.8,10.6,0.6251999999999999,4.2,2.0,0.5025999999999999,4.0,3.4,0.74,23.3,12.3,11.0,33.8,14.0,8.9,0.6354,3.0,1.4,0.41800000000000004,4.8,4.1,0.7835,,,,,,,,,,,,,,0,,,,,,,,,,,,,,111.80096678344938,100.21777777777778,112.04444444444444,44.06666666666667,26.22222222222222,87.17777777777778,40.6,0.4673111111111111,38.24444444444445,13.244444444444444,0.3464000000000001,22.666666666666668,17.6,0.7677999999999999,28,13,17
2025-02-03,NOP,1,2,29.6046511627907,12.837209302325581,10.30232558139535,36.41860465116279,19.790697674418606,11.255813953488373,0.5818372093023255,4.372093023255814,2.046511627906977,0.5026046511627907,6.186046511627907,5.046511627906977,0.7959302325581395,24.333333333333332,9.333333333333334,12.0,35.666666666666664,16.0,8.666666666666666,0.539,5.666666666666667,2.3333333333333335,0.4606666666666667,5.333333333333333,4.666666666666667,0.8963333333333333,25.2,8.6,12.2,35.8,16.4,10.0,0.6046,5.0,2.0,0.4264,3.8,3.2,0.7378,24.2,11.8,11.8,33.6,14.4,9.2,0.6421,3.5,1.6,0.4466,4.8,4.2,0.7946,27.0,13.0,10.0,43.0,20.0,11.0,0.55,3.0,2.0,0.667,5.0,3.0,0.6,0,,,,,,,,,,,,,,115.9984929014053,101.83102040816328,118.12244897959184,46.30612244897959,28.40816326530612,90.63265306122447,43.775510204081634,0.4836530612244898,38.93877551020408,14.244897959183673,0.3639795918367348,20.6734693877551,16.3265306122449,0.7902653061224488,27,14,10
2025-02-05,NOP,1,2,29.545454545454547,12.863636363636363,10.295454545454545,36.40909090909091,19.636363636363637,11.204545454545455,0.5843409090909091,4.340909090909091,2.022727272727273,0.49875,6.2727272727272725,5.113636363636363,0.7960227272727273,27.666666666666668,12.0,13.333333333333334,36.666666666666664,15.333333333333334,9.666666666666666,0.6363333333333334,4.333333333333333,1.6666666666666667,0.4286666666666667,8.0,6.666666666666667,0.8296666666666667,26.6,10.8,12.0,36.6,16.4,10.0,0.6045999999999999,4.8,1.8,0.393,5.6,4.8,0.8977999999999999,25.9,11.8,11.8,34.3,15.0,9.7,0.6542,3.6,1.6,0.42990000000000006,5.6,4.9,0.8246,27.0,13.5,10.0,39.5,16.5,10.0,0.621,3.0,1.5,0.5,7.5,5.5,0.7,0,,,,,,,,,,,,,,116.30239803625378,101.6832,118.26,46.3,28.4,90.66,43.82,0.48398,38.82,14.2,0.3639800000000001,20.78,16.42,0.7906199999999999,38,8,10
2025-02-06,ORL,1,1,29.733333333333334,12.755555555555556,10.28888888888889,36.4,19.822222222222223,11.28888888888889,0.5832666666666667,4.533333333333333,2.088888888888889,0.4962222222222223,6.2,5.066666666666666,0.8005555555555556,31.0,11.666666666666666,12.333333333333334,36.333333333333336,19.333333333333332,11.0,0.5856666666666667,7.666666666666667,2.6666666666666665,0.33466666666666667,7.333333333333333,6.333333333333333,0.8963333333333333,27.6,10.0,11.2,35.8,17.8,10.0,0.569,6.6,2.6,0.42000000000000004,5.8,5.0,0.8977999999999999,27.3,11.4,11.8,34.8,16.6,10.3,0.6327999999999999,4.7,2.0,0.4184,5.4,4.7,0.8246,20.0,14.0,10.0,30.0,9.0,7.0,0.778,0.0,0.0,0.0,7.0,6.0,0.857,1,35.666666666666664,13.666666666666666,10.166666666666666,35.166666666666664,24.166666666666668,13.333333333333334,0.5528333333333334,5.0,2.5,0.4916666666666667,8.166666666666666,6.5,0.8133333333333334,107.57497292971144,98.0353846153846,105.46153846153848,41.36538461538461,22.692307692307693,80.34615384615384,38.0,0.473230769230769,30.403846153846153,11.192307692307692,0.3715769230769231,23.76923076923077,18.26923076923077,0.7711538461538461,28,10,12
2025-02-08,PHX,0,2,29.695652173913043,12.695652173913043,10.326086956521738,36.28260869565217,19.73913043478261,11.282608695652174,0.5855434782608695,4.521739130434782,2.0869565217391304,0.496304347826087,6.195652173913044,5.043478260869565,0.7976521739130434,31.0,10.666666666666666,10.666666666666666,34.333333333333336,19.0,11.666666666666666,0.6386666666666668,6.666666666666667,2.6666666666666665,0.40599999999999997,6.333333333333333,5.0,0.8223333333333334,29.8,10.8,12.4,35.4,18.0,11.0,0.6266,6.0,2.4,0.43420000000000003,6.6,5.4,0.8312000000000002,28.1,11.0,12.0,34.9,17.3,10.7,0.6237999999999999,5.1,2.2,0.46840000000000004,5.3,4.5,0.8055999999999999,28.5,8.5,4.5,34.0,18.0,11.0,0.616,6.5,3.0,0.47650000000000003,4.5,3.5,0.775,0,,,,,,,,,,,,,,114.63502590998534,100.04470588235294,114.68627450980392,45.11764705882353,26.392156862745097,90.3921568627451,41.76470588235294,0.4654117647058823,38.13725490196079,13.588235294117649,0.3590588235294117,22.294117647058822,17.568627450980394,0.7949411764705883,26,11,9
2025-02-10,POR,1,2,29.617021276595743,12.659574468085106,10.297872340425531,36.12765957446808,19.595744680851062,11.27659574468085,0.5910851063829787,4.468085106382978,2.0638297872340425,0.4963829787234043,6.127659574468085,5.0,0.8019574468085107,30.666666666666668,9.666666666666666,10.333333333333334,32.0,19.0,12.333333333333334,0.6900000000000001,6.333333333333333,2.6666666666666665,0.46166666666666667,4.0,3.3333333333333335,0.8889999999999999,29.4,11.2,11.6,33.8,17.4,11.0,0.6582000000000001,5.8,2.2,0.4008,6.2,5.2,0.8712,28.0,10.8,11.9,34.8,17.1,10.8,0.6416999999999999,5.0,2.1,0.45169999999999993,5.1,4.3,0.8055999999999999,34.0,6.0,8.0,37.0,18.0,13.0,0.722,6.0,4.0,0.667,4.0,4.0,1.0,0,,,,,,,,,,,,,,114.26700282402464,99.68377358490568,113.90566037735849,44.20754716981132,26.20754716981132,87.64150943396227,41.320754716981135,0.4718490566037737,35.54716981132076,12.962264150943396,0.3612075471698112,23.0377358490566,18.30188679245283,0.7966792452830187,40,7,8
2025-02-12,POR,1,2,29.833333333333332,12.541666666666666,10.25,36.020833333333336,19.645833333333332,11.354166666666666,0.5929791666666667,4.520833333333333,2.0625,0.492,6.166666666666667,5.0625,0.8060833333333334,31.333333333333332,9.333333333333334,9.666666666666666,30.333333333333332,17.0,12.333333333333334,0.7386666666666667,4.333333333333333,1.6666666666666667,0.4286666666666667,5.666666666666667,5.0,0.8889999999999999,31.8,10.0,9.8,32.6,18.4,12.2,0.6888,5.8,2.2,0.4008,6.0,5.2,0.8934000000000001,28.5,9.3,11.0,34.2,17.4,11.1,0.6466999999999999,5.4,2.1,0.4136,4.9,4.2,0.8156000000000001,37.0,6.5,8.0,34.0,20.0,14.0,0.702,6.5,3.0,0.47650000000000003,6.0,6.0,1.0,0,,,,,,,,,,,,,,114.81808863072511,99.72296296296297,114.5,44.092592592592595,26.53703703703704,87.70370370370371,41.666666666666664,0.4753148148148149,35.351851851851855,12.87037037037037,0.3604444444444443,22.98148148148148,18.296296296296298,0.7985925925925924,26,15,10
2025-02-20,CHA,1,8,29.755102040816325,12.591836734693878,10.244897959183673,36.02040816326531,19.653061224489797,11.346938775510203,0.5921020408163266,4.489795918367347,2.020408163265306,0.4819591836734694,6.122448979591836,5.040816326530612,0.8100408163265306,30.666666666666668,11.0,9.0,32.0,18.333333333333332,12.333333333333334,0.6926666666666668,4.0,1.0,0.262,5.0,5.0,1.0,31.6,10.2,9.8,32.6,19.8,12.6,0.6604,5.8,2.0,0.3342,4.8,4.4,0.9334,29.1,10.5,10.9,34.6,18.1,11.3,0.6325000000000001,5.3,1.9,0.3636,5.2,4.6,0.9156000000000001,28.0,13.0,17.0,37.0,17.0,9.0,0.529,7.0,2.0,0.286,9.0,8.0,0.889,0,,,,,,,,,,,,,,111.85271558479909,99.67622641509432,111.49056603773585,44.471698113207545,26.32075471698113,87.66037735849056,40.56603773584906,0.4643584905660378,38.924528301886795,13.20754716981132,0.3396603773584906,21.90566037735849,17.150943396226417,0.7769622641509434,29,17,9
2025-02-22,LAL,1,2,29.74,12.68,10.22,36.04,19.7,11.34,0.59026,4.68,2.1,0.48089999999999994,6.04,4.96,0.80384,31.666666666666668,13.0,9.0,34.666666666666664,21.333333333333332,12.333333333333334,0.5773333333333334,8.0,2.6666666666666665,0.2383333333333333,4.666666666666667,4.333333333333333,0.8333333333333334,29.8,12.0,9.6,32.8,18.6,11.8,0.6532,6.0,2.2,0.34299999999999997,4.6,4.0,0.8333999999999999,28.7,11.0,10.4,34.3,18.2,10.9,0.6111,6.3,2.4,0.38150000000000006,5.2,4.5,0.8656,34.0,13.0,8.0,37.0,20.0,12.0,0.6,7.0,3.0,0.429,8.0,7.0,0.875,0,,,,,,,,,,,,,,111.63547539628657,100.3762962962963,112.05555555555556,42.96296296296296,27.425925925925927,89.57407407407408,41.629629629629626,0.4653888888888888,37.851851851851855,13.351851851851851,0.3528333333333333,19.5,15.444444444444445,0.786203703703704,12,13,10
2025-02-24,IND,0,2,29.392156862745097,12.686274509803921,10.215686274509803,36.01960784313726,19.45098039215686,11.156862745098039,0.5842941176470589,4.607843137254902,2.0588235294117645,0.4714705882352941,6.117647058823529,5.019607843137255,0.8037647058823529,22.333333333333332,15.0,9.666666666666666,36.0,16.333333333333332,8.0,0.4453333333333334,6.0,2.0,0.143,5.333333333333333,4.333333333333333,0.7666666666666666,26.6,12.6,9.2,33.6,16.8,10.0,0.5728,5.4,1.8,0.24299999999999997,5.4,4.8,0.86,28.2,11.7,10.8,34.5,17.4,10.5,0.5997000000000001,5.7,2.1,0.3386,6.0,5.1,0.8455999999999999,,,,,,,,,,,,,,0,,,,,,,,,,,,,,112.87937494223615,102.29745454545456,115.47272727272728,44.63636363636363,26.454545454545453,89.2,42.16363636363637,0.4741636363636362,36.8,13.163636363636364,0.3582000000000001,23.07272727272727,17.98181818181818,0.7842181818181819,18,9,19
2025-02-27,MIL,0,3,29.173076923076923,12.615384615384615,10.384615384615385,36.07692307692308,19.346153846153847,11.115384615384615,0.585423076923077,4.538461538461538,2.019230769230769,0.4624038461538461,6.0,4.923076923076923,0.7883076923076923,19.666666666666668,13.0,12.666666666666666,37.0,14.333333333333334,7.333333333333333,0.47633333333333344,5.333333333333333,2.0,0.143,4.0,3.0,0.43333333333333335,25.0,12.2,11.2,35.6,17.0,9.6,0.5321999999999999,5.2,1.6,0.143,4.8,4.2,0.6599999999999999,27.2,11.7,11.4,34.7,17.2,10.3,0.5952,5.5,1.9,0.27190000000000003,5.5,4.7,0.7656,,,,,,,,,,,,,,0,,,,,,,,,,,,,,111.1855394589792,101.0954385964912,112.40350877192982,46.05263157894737,25.842105263157897,90.82456140350877,40.98245614035088,0.4517368421052633,39.1578947368421,13.75438596491228,0.3500350877192982,21.07017543859649,16.68421052631579,0.7943157894736839,32,14,10
2025-02-28,DET,0,1,29.22641509433962,12.641509433962264,10.377358490566039,36.113207547169814,19.28301886792453,11.150943396226415,0.5897169811320755,4.490566037735849,2.0,0.4631132075471698,6.018867924528302,4.9245283018867925,0.7869056603773584,20.666666666666668,12.0,13.0,37.333333333333336,12.333333333333334,8.0,0.5806666666666667,1.3333333333333333,0.3333333333333333,0.16666666666666666,5.666666666666667,4.333333333333333,0.5046666666666667,23.4,13.6,11.6,37.0,15.8,9.2,0.5584,4.2,1.4,0.18580000000000002,4.6,3.6,0.6028,27.6,11.8,10.7,34.8,17.1,10.7,0.6235999999999999,5.0,1.8,0.2933,5.3,4.4,0.7481,37.0,9.0,8.0,37.0,17.0,11.0,0.647,5.0,4.0,0.8,14.0,11.0,0.786,0,,,,,,,,,,,,,,110.98422549091418,101.81627118644067,113.0,41.88135593220339,25.389830508474574,87.62711864406779,40.6271186440678,0.4654745762711864,37.52542372881356,13.915254237288137,0.3702881355932201,23.11864406779661,17.83050847457627,0.7683389830508476,23,17,15
2025-03-02,BOS,0,2,29.11111111111111,12.722222222222221,10.462962962962964,36.074074074074076,19.14814814814815,11.055555555555555,0.5880555555555556,4.462962962962963,1.962962962962963,0.454537037037037,6.12962962962963,5.037037037037037,0.7893148148148148,24.333333333333332,13.333333333333334,14.666666666666666,37.0,14.0,9.333333333333334,0.652,2.0,0.3333333333333333,0.16666666666666666,6.333333333333333,5.333333333333333,0.5436666666666666,22.8,14.0,12.6,36.6,14.2,8.2,0.5484,4.2,1.4,0.18580000000000002,6.2,5.0,0.5862,27.2,12.1,11.2,34.6,17.0,10.4,0.6043999999999999,5.0,1.7,0.26,5.5,4.7,0.7597999999999999,,,,,,,,,,,,,,0,,,,,,,,,,,,,,108.76915763325812,99.56866666666666,108.3,44.266666666666666,24.05,89.78333333333333,40.583333333333336,0.4528166666666666,36.36666666666667,12.6,0.3459,18.3,14.533333333333331,0.7906500000000001,20,14,9
2025-03-05,SAC,1,3,28.945454545454545,12.745454545454546,10.436363636363636,36.127272727272725,19.072727272727274,11.018181818181818,0.5882727272727274,4.4363636363636365,1.9636363636363636,0.4584,6.0181818181818185,4.945454545454545,0.7749636363636363,25.0,15.0,11.333333333333334,37.0,14.333333333333334,9.333333333333334,0.6376666666666667,2.6666666666666665,1.0,0.389,6.333333333333333,5.333333333333333,0.5436666666666666,21.0,13.4,12.6,37.0,12.8,7.8,0.5684,2.0,0.6,0.2334,5.8,4.8,0.4862,25.4,12.7,11.1,34.9,15.7,9.8,0.6108,4.0,1.4,0.28819999999999996,5.2,4.4,0.6597999999999999,27.5,18.0,15.0,37.5,19.0,10.0,0.5265,4.5,1.5,0.41700000000000004,7.0,6.0,0.825,0,,,,,,,,,,,,,,112.71013754457464,102.07599999999998,115.05,42.81666666666667,26.85,88.75,41.4,0.4663166666666668,38.416666666666664,14.4,0.3747166666666666,22.483333333333334,17.85,0.7996166666666664,22,15,6
2025-03-07,PHX,1,2,28.821428571428573,12.785714285714286,10.357142857142858,36.160714285714285,19.053571428571427,10.982142857142858,0.5866964285714286,4.392857142857143,1.9285714285714286,0.4502142857142858,6.017857142857143,4.928571428571429,0.7730357142857142,21.666666666666668,15.333333333333334,10.0,37.0,15.0,8.0,0.5333333333333333,2.6666666666666665,0.6666666666666666,0.22233333333333336,6.0,5.0,0.528,23.0,13.8,11.8,37.6,15.0,9.2,0.6112,2.2,0.6,0.2334,5.0,4.0,0.4596,24.8,13.2,10.5,35.6,15.9,9.6,0.592,3.8,1.2,0.23819999999999997,5.2,4.4,0.6597999999999999,27.666666666666668,9.333333333333334,6.0,32.333333333333336,16.333333333333332,11.0,0.6926666666666667,5.0,2.3333333333333335,0.48433333333333334,4.0,3.3333333333333335,0.85,0,,,,,,,,,,,,,,115.54608342334004,100.35096774193546,115.9516129032258,45.11290322580645,26.822580645161292,91.01612903225806,42.25806451612903,0.4671451612903225,38.62903225806452,13.935483870967742,0.3630161290322581,22.241935483870968,17.5,0.7913225806451614,31,21,22
2025-03-09,OKC,0,2,28.859649122807017,12.929824561403509,10.56140350877193,36.31578947368421,19.105263157894736,11.017543859649123,0.5867719298245614,4.43859649122807,1.9473684210526316,0.44984210526315793,5.964912280701754,4.87719298245614,0.7711754385964911,24.333333333333332,16.666666666666668,12.333333333333334,40.666666666666664,18.333333333333332,10.333333333333334,0.5636666666666666,4.0,1.6666666666666667,0.36533333333333334,3.0,2.0,0.4446666666666667,25.6,16.2,12.4,38.8,16.6,10.0,0.6008,3.4,1.2,0.31920000000000004,5.6,4.4,0.593,25.3,14.2,11.8,37.2,16.8,9.8,0.5665,4.3,1.4,0.2311,5.2,4.3,0.6265,19.5,16.0,14.5,37.0,16.5,7.5,0.456,3.0,1.0,0.333,5.0,3.5,0.7085,0,,,,,,,,,,,,,,104.3841984884646,102.15619047619047,106.63492063492065,45.666666666666664,24.349206349206348,86.41269841269842,37.476190476190474,0.435174603174603,38.6031746031746,12.873015873015872,0.3353015873015873,24.38095238095238,18.80952380952381,0.7686984126984125,24,13,9
2025-03-10,OKC,0,1,28.775862068965516,12.931034482758621,10.53448275862069,36.39655172413793,19.17241379310345,11.0,0.5841551724137931,4.5344827586206895,1.9482758620689655,0.44553448275862073,5.9655172413793105,4.827586206896552,0.7636206896551723,25.666666666666668,16.333333333333332,12.333333333333334,41.333333333333336,21.0,10.666666666666666,0.5086666666666667,6.333333333333333,1.6666666666666667,0.20966666666666667,5.0,2.6666666666666665,0.5556666666666666,24.0,16.0,12.2,39.4,18.0,9.4,0.5252,5.0,1.4,0.2592,5.4,3.8,0.5168,23.7,14.8,11.9,38.2,16.9,9.3,0.5418000000000001,4.6,1.4,0.2225,5.0,3.7,0.5598,21.0,15.0,12.666666666666666,38.333333333333336,18.666666666666668,8.333333333333334,0.449,5.333333333333333,1.3333333333333333,0.2886666666666667,5.333333333333333,3.0,0.5833333333333334,0,,,,,,,,,,,,,,104.38218478753228,102.10375,106.578125,45.703125,24.3125,86.578125,37.515625,0.4348124999999998,38.625,12.859375,0.33475,24.3125,18.6875,0.7652812499999998,35,18,8
2025-03-12,MIN,1,2,28.88135593220339,13.016949152542374,10.491525423728813,36.45762711864407,19.1864406779661,11.067796610169491,0.5869661016949153,4.491525423728813,1.9322033898305084,0.44645762711864406,5.9491525423728815,4.813559322033898,0.764237288135593,30.0,17.333333333333332,13.0,42.0,21.666666666666668,12.666666666666666,0.5920000000000001,6.333333333333333,2.0,0.37633333333333335,4.666666666666667,2.6666666666666665,0.6,26.4,16.2,10.8,40.6,19.6,11.2,0.5751999999999999,4.8,1.6,0.3592,4.0,2.4,0.4934,24.6,15.1,11.7,38.6,16.9,9.7,0.5618000000000001,4.5,1.5,0.2725,5.1,3.7,0.5398,23.0,6.0,12.0,36.0,14.5,8.5,0.596,3.5,2.0,0.5835,5.5,4.0,0.4,0,,,,,,,,,,,,,,109.67794939204732,99.5890909090909,109.22727272727272,43.621212121212125,24.62121212121212,87.95454545454545,40.39393939393939,0.4596515151515152,36.15151515151515,12.606060606060606,0.3491666666666665,20.484848484848484,15.833333333333334,0.7716515151515152,34,8,4
2025-03-14,LAL,1,2,28.966666666666665,12.933333333333334,10.383333333333333,36.483333333333334,19.25,11.1,0.5866,4.516666666666667,1.9333333333333333,0.44456666666666667,5.983333333333333,4.833333333333333,0.7639999999999998,31.0,13.0,7.0,39.666666666666664,22.0,12.666666666666666,0.5833333333333334,6.0,1.6666666666666667,0.3443333333333333,6.333333333333333,4.0,0.6276666666666667,29.2,15.0,9.8,40.4,21.2,12.0,0.5681999999999999,5.4,1.6,0.2924,5.6,3.6,0.6434,25.1,14.2,11.2,38.7,17.0,9.9,0.5683,3.7,1.1,0.2629,5.7,4.2,0.5648,23.0,13.0,9.0,36.0,13.5,7.0,0.44299999999999995,4.0,1.5,0.2145,9.0,7.5,0.8375,0,,,,,,,,,,,,,,111.10626172944193,100.241875,111.375,43.03125,27.046875,89.46875,41.09375,0.4599687499999999,38.21875,13.34375,0.3490312499999999,20.1875,15.84375,0.7822812500000002,28,7,5
2025-03-15,WAS,1,1,28.950819672131146,12.836065573770492,10.295081967213115,36.50819672131148,19.19672131147541,11.049180327868852,0.5851803278688524,4.508196721311475,1.901639344262295,0.4372786885245902,6.163934426229508,4.950819672131147,0.7630491803278687,32.333333333333336,11.0,5.666666666666667,38.666666666666664,19.666666666666668,12.0,0.6050000000000001,4.0,1.0,0.2776666666666667,10.0,7.333333333333333,0.7520000000000001,30.4,13.4,9.6,40.4,20.8,11.8,0.5681999999999999,5.8,1.6,0.2924,7.8,5.2,0.6512,26.7,13.6,10.7,39.0,17.9,10.5,0.5896999999999999,4.0,1.1,0.2629,6.4,4.6,0.5554,56.0,16.0,8.0,39.0,39.0,22.0,0.564,6.0,3.0,0.5,13.0,9.0,0.692,0,,,,,,,,,,,,,,116.84917053630508,103.23630769230768,120.63076923076925,48.323076923076925,28.415384615384617,92.6923076923077,43.61538461538461,0.471076923076923,38.89230769230769,14.23076923076923,0.3653692307692306,24.138461538461534,19.16923076923077,0.7938153846153847,40,13,9
2025-03-26,MIL,1,11,29.129032258064516,12.838709677419354,10.274193548387096,36.54838709677419,19.370967741935484,11.129032258064516,0.5843387096774193,4.564516129032258,1.8870967741935485,0.43224193548387096,6.17741935483871,4.983870967741935,0.7668709677419353,34.0,9.333333333333334,6.0,38.333333333333336,23.0,12.333333333333334,0.5326666666666667,6.0,1.0,0.15266666666666667,10.666666666666666,8.333333333333334,0.8186666666666667,32.2,11.8,7.0,39.2,22.4,12.4,0.5566,6.0,1.2,0.23159999999999997,8.6,6.2,0.7178,28.9,14.0,9.7,39.0,19.5,11.2,0.5787,4.7,1.2,0.2754,7.1,5.3,0.6554,32.0,14.0,10.0,38.0,16.0,13.0,0.813,2.0,1.0,0.5,7.0,5.0,0.714,0,,,,,,,,,,,,,,110.98371997009562,100.97915492957746,112.07042253521126,45.40845070422535,25.87323943661972,90.6056338028169,41.098591549295776,0.4540281690140846,38.95774647887324,13.661971830985916,0.3492676056338027,20.535211267605632,16.211267605633804,0.7880140845070419,39,10,10
2025-03-28,UTA,1,2,29.285714285714285,12.793650793650794,10.26984126984127,36.57142857142857,19.46031746031746,11.206349206349206,0.5852222222222222,4.587301587301587,1.9047619047619047,0.4333174603174603,6.190476190476191,4.968253968253968,0.7637619047619046,35.666666666666664,10.0,8.0,38.333333333333336,23.666666666666668,13.333333333333334,0.5576666666666668,6.0,1.3333333333333333,0.20833333333333334,10.333333333333334,7.666666666666667,0.759,35.2,11.2,7.2,38.6,22.8,13.6,0.5976,5.2,1.4,0.29159999999999997,8.8,6.6,0.7654,29.6,13.6,9.7,39.0,20.4,11.5,0.5614,5.1,1.4,0.27540000000000003,7.1,5.2,0.6411,31.0,16.0,9.0,34.0,23.333333333333332,12.333333333333334,0.5546666666666668,5.333333333333333,2.6666666666666665,0.5833333333333334,4.333333333333333,3.6666666666666665,0.8333333333333334,1,34.57142857142857,13.142857142857142,10.428571428571429,34.57142857142857,23.0,13.0,0.5721428571428573,4.857142857142857,2.4285714285714284,0.4928571428571429,7.857142857142857,6.142857142857143,0.7924285714285714,117.47113792975794,102.21027027027029,120.06756756756756,43.71621621621622,29.135135135135137,92.82432432432432,43.95945945945946,0.4751351351351351,41.58108108108108,14.756756756756756,0.3551756756756756,22.62162162162162,17.39189189189189,0.770418918918919,27,14,6
2025-04-01,MIN,1,4,29.25,12.8125,10.203125,36.5,19.4375,11.15625,0.583015625,4.59375,1.890625,0.42967187500000004,6.28125,5.046875,0.7648437499999999,35.333333333333336,12.333333333333334,8.333333333333334,36.333333333333336,24.333333333333332,13.333333333333334,0.539,6.333333333333333,1.6666666666666667,0.27499999999999997,8.666666666666666,7.0,0.8013333333333333,33.6,10.4,6.8,37.0,22.4,12.2,0.5364,5.8,1.4,0.23159999999999997,10.2,7.8,0.772,30.0,13.3,8.8,38.8,21.0,11.7,0.5558,5.3,1.5,0.2954,7.1,5.1,0.6327,26.666666666666668,6.666666666666667,9.333333333333334,36.666666666666664,17.333333333333332,10.0,0.5856666666666667,4.333333333333333,2.0,0.5,6.333333333333333,4.666666666666667,0.5166666666666667,1,33.625,13.25,9.875,34.25,22.375,12.375,0.556125,4.875,2.25,0.45625,8.375,6.625,0.7975,109.4402026106424,99.81706666666668,109.24,43.29333333333334,24.56,87.93333333333334,40.413333333333334,0.4601599999999999,35.85333333333333,12.626666666666669,0.3527733333333332,20.493333333333332,15.786666666666669,0.7702533333333333,61,10,10
2025-04-04,GSW,0,3,29.73846153846154,12.76923076923077,10.2,36.753846153846155,19.584615384615386,11.261538461538462,0.5836000000000001,4.6923076923076925,1.9538461538461538,0.4314461538461539,6.553846153846154,5.2615384615384615,0.7652615384615384,42.333333333333336,11.333333333333334,8.666666666666666,41.0,24.0,14.0,0.5683333333333334,7.333333333333333,3.3333333333333335,0.41500000000000004,14.333333333333334,11.0,0.7319999999999999,39.0,10.8,8.0,40.0,23.6,13.2,0.5476,6.8,2.2,0.274,13.4,10.4,0.7804,34.1,12.9,8.9,40.2,22.4,12.6,0.5579000000000001,6.1,1.9,0.2832,9.5,7.0,0.7119,38.0,10.0,6.0,40.0,24.0,14.0,0.583,4.0,3.0,0.75,9.0,7.0,0.778,1,36.666666666666664,12.88888888888889,9.88888888888889,36.333333333333336,23.11111111111111,13.0,0.5633333333333332,5.555555555555555,2.6666666666666665,0.46611111111111114,10.11111111111111,8.0,0.796888888888889,110.11299936787223,100.7457894736842,110.9342105263158,44.05263157894737,25.94736842105263,87.09210526315789,40.48684210526316,0.4666973684210527,36.39473684210526,13.263157894736842,0.3636842105263157,21.67105263157895,16.69736842105263,0.7706052631578943,33,12,9
2025-04-06,IND,1,2,29.78787878787879,12.757575757575758,10.181818181818182,36.75757575757576,19.545454545454547,11.287878787878787,0.5863484848484849,4.7272727272727275,1.9848484848484849,0.43356060606060615,6.5,5.2272727272727275,0.7688181818181817,40.333333333333336,12.0,8.333333333333334,40.666666666666664,21.333333333333332,13.0,0.61,7.666666666666667,3.6666666666666665,0.4386666666666667,13.0,10.666666666666666,0.875,40.0,11.8,8.8,39.8,23.8,14.2,0.6006,7.4,3.0,0.3882,10.6,8.6,0.8392,35.2,12.6,9.2,40.1,22.3,13.0,0.5844,6.6,2.3,0.3403,9.2,6.9,0.7452,18.0,9.0,19.0,39.0,14.0,9.0,0.643,1.0,0.0,0.0,0.0,0.0,0.0,1,36.3,12.8,9.8,36.4,22.5,13.0,0.5835,5.7,2.8,0.4766,9.4,7.5,0.8172,112.5455819764548,102.28467532467532,115.11688311688312,44.75324675324675,26.01298701298701,89.48051948051948,42.45454545454545,0.4761948051948053,36.09090909090909,12.87012987012987,0.3580519480519482,22.31168831168831,17.337662337662337,0.7784805194805197,41,15,13
2025-04-09,SAC,0,3,29.955223880597014,12.791044776119403,10.223880597014926,36.791044776119406,19.746268656716417,11.388059701492537,0.5857313432835822,4.82089552238806,2.0,0.4311641791044777,6.447761194029851,5.17910447761194,0.7672985074626866,45.0,12.333333333333334,10.666666666666666,43.0,26.333333333333332,16.333333333333332,0.6436666666666667,9.666666666666666,4.333333333333333,0.4630000000000001,10.0,8.0,0.8196666666666667,40.2,12.2,9.6,39.8,24.4,14.6,0.603,8.0,3.4,0.4178,9.8,7.6,0.7726,36.2,12.0,8.3,39.5,23.4,13.5,0.5798,7.0,2.3,0.32470000000000004,9.2,6.9,0.7452,25.666666666666668,17.0,12.0,37.666666666666664,18.666666666666668,9.666666666666666,0.5176666666666666,3.6666666666666665,1.0,0.278,6.666666666666667,5.333333333333333,0.7723333333333334,1,36.72727272727273,13.0,10.090909090909092,36.63636363636363,23.454545454545453,13.454545454545455,0.58,6.181818181818182,2.8181818181818183,0.45809090909090905,8.818181818181818,7.0,0.8035454545454545,114.3212115443383,101.06987341772152,115.54430379746836,42.44303797468354,27.025316455696203,87.9493670886076,41.59493670886076,0.4732911392405067,38.37974683544304,14.658227848101266,0.3820506329113924,22.56962025316456,17.696202531645568,0.7889493670886072,20,12,11
2025-04-11,MEM,1,2,29.808823529411764,12.779411764705882,10.235294117647058,36.80882352941177,19.63235294117647,11.294117647058824,0.5832500000000002,4.764705882352941,1.9705882352941178,0.42482352941176477,6.5,5.25,0.7707205882352941,31.333333333333332,13.0,11.0,38.0,20.666666666666668,12.0,0.5756666666666668,6.333333333333333,2.3333333333333335,0.2813333333333333,5.333333333333333,5.0,0.8889999999999999,36.4,12.6,9.8,39.8,21.8,12.4,0.5584,7.0,2.8,0.31779999999999997,10.4,8.8,0.8583999999999999,35.8,11.9,8.5,39.2,22.3,13.0,0.578,6.1,2.1,0.3047,9.6,7.7,0.8119,,,,,,,,,,,,,,0,,,,,,,,,,,,,,110.80620741862224,105.68,117.1,43.5,27.0625,91.8875,41.9125,0.4575249999999999,39.725,14.4,0.3627125000000001,24.5,18.875,0.7740750000000002,26,16,13
2025-04-13,HOU,0,2,29.753623188405797,12.826086956521738,10.27536231884058,36.869565217391305,19.6231884057971,11.289855072463768,0.5831884057971016,4.72463768115942,1.9565217391304348,0.4259130434782609,6.507246376811594,5.217391304347826,0.765768115942029,29.0,14.333333333333334,12.333333333333334,39.333333333333336,21.333333333333332,11.333333333333334,0.5136666666666668,4.666666666666667,1.3333333333333333,0.25766666666666665,6.666666666666667,5.0,0.6986666666666667,36.2,13.0,11.2,41.6,22.0,13.0,0.5854,6.4,2.8,0.3778,9.4,7.4,0.7776,34.9,11.7,9.0,39.3,22.2,12.6,0.5609,6.1,2.1,0.3047,9.8,7.6,0.7748,,,,,,,,,,,,,,0,,,,,,,,,,,,,,108.6174404659928,100.88641975308644,109.58024691358024,42.08641975308642,23.432098765432094,88.34567901234568,40.45679012345679,0.459432098765432,34.617283950617285,12.34567901234568,0.3599135802469138,21.54320987654321,16.320987654320987,0.7583950617283951,18,7,7
2025-04-19,LAC,1,6,29.585714285714285,12.742857142857142,10.228571428571428,36.785714285714285,19.485714285714284,11.228571428571428,0.5848571428571431,4.728571428571429,1.9714285714285715,0.4284000000000001,6.442857142857143,5.1571428571428575,0.7619714285714286,21.333333333333332,11.666666666666666,10.333333333333334,36.666666666666664,13.666666666666666,7.666666666666667,0.5653333333333334,2.6666666666666665,1.3333333333333333,0.3666666666666667,6.333333333333333,4.666666666666667,0.643,27.6,12.4,10.6,37.2,18.2,10.8,0.6012000000000001,5.2,2.2,0.3888,5.0,3.8,0.7192000000000001,33.3,11.6,9.3,38.6,20.9,12.0,0.5744,6.0,2.2,0.33140000000000003,9.2,7.1,0.7498,28.333333333333332,10.0,5.666666666666667,35.333333333333336,19.666666666666668,10.666666666666666,0.5683333333333334,7.0,3.6666666666666665,0.623,5.333333333333333,3.3333333333333335,0.5833333333333334,0,,,,,,,,,,,,,,108.62859157412304,99.62341463414634,108.21951219512196,41.5,25.67073170731707,85.7560975609756,39.51219512195122,0.4619756097560978,37.04878048780488,12.975609756097562,0.3451585365853658,21.01219512195122,16.21951219512195,0.7696219512195123,29,9,12
