GROUP_ID,GROUP_NAME,TEAM_ID,TEAM_ABBREVIATION,MIN,OFF_RATING,DEF_RATING,NET_RATING,PACE,TS_PCT,FTA_RATE,TM_AST_PCT,PCT_FGA_2PT,PCT_FGA_3PT,PCT_PTS_2PT_MR,PCT_PTS_FB,PCT_PTS_FT,PCT_PTS_PAINT,PCT_AST_FGM,PCT_UAST_FGM,OPP_FG3_PCT,OPP_EFG_PCT,OPP_FTA_RATE,OPP_TOV_PCT
-1626157-1628384-1628404-1628969-1628973-,K. Towns - O. Anunoby - J. Hart - M. Bridges - J. Brunson,1610612752,NYK,939.9,117.7,114.4,3.3,98.76,0.601,0.239,0.661,0.648,0.352,0.06,0.138,0.143,0.508,0.661,0.339,0.372,0.561,0.188,0.133
-201144-203497-203944-1630162-1630183-,M. Conley - R. Gobert - J. Randle - A. Edwards - J. McDaniels,1610612750,MIN,713.7,113.4,110.2,3.2,97.48,0.599,0.217,0.63,0.581,0.419,0.071,0.107,0.13,0.42,0.63,0.37,0.379,0.551,0.165,0.141
-202699-203501-1630595-1631105-1641709-,T. Harris - T. Hardaway Jr. - C. Cunningham - J. Duren - A. Thompson,1610612765,DET,491.3,115.5,109.4,6.1,103.18,0.58,0.209,0.593,0.721,0.279,0.072,0.191,0.122,0.574,0.593,0.407,0.363,0.55,0.236,0.149
-1627832-1628415-1630224-1630578-1631095-,F. VanVleet - D. Brooks - J. Green - A. Sengun - J. Smith Jr.,1610612745,HOU,450.4,109.3,104.1,5.2,100.34,0.53,0.247,0.568,0.606,0.394,0.073,0.159,0.165,0.44,0.568,0.432,0.382,0.524,0.209,0.141
-1626167-1627783-1629614-1630169-1631097-,M. Turner - P. Siakam - A. Nembhard - T. Haliburton - B. Mathurin,1610612754,IND,434.7,114.1,102.2,11.9,101.58,0.604,0.251,0.697,0.605,0.395,0.115,0.145,0.15,0.415,0.697,0.303,0.351,0.519,0.19,0.14
-201942-1627734-1628368-1628370-1631099-,D. DeRozan - D. Sabonis - D. Fox - M. Monk - K. Murray,1610612758,SAC,430.8,114.9,114.7,0.2,103.63,0.579,0.235,0.643,0.667,0.333,0.127,0.13,0.152,0.464,0.643,0.357,0.419,0.575,0.262,0.153
-203932-203999-1627750-1629008-1631128-,A. Gordon - N. Jokić - J. Murray - M. Porter Jr. - C. Braun,1610612743,DEN,425.9,125.0,114.4,10.6,102.57,0.643,0.245,0.693,0.633,0.367,0.054,0.178,0.137,0.487,0.693,0.307,0.366,0.554,0.199,0.115
-1626167-1627783-1629614-1630169-1630174-,M. Turner - P. Siakam - A. Nembhard - T. Haliburton - A. Nesmith,1610612754,IND,382.7,118.8,107.7,11.1,100.65,0.618,0.199,0.714,0.556,0.444,0.067,0.178,0.113,0.407,0.714,0.286,0.354,0.531,0.207,0.153
-201566-203999-1627750-1629008-1631128-,R. Westbrook - N. Jokić - J. Murray - M. Porter Jr. - C. Braun,1610612743,DEN,367.8,125.1,122.2,2.9,102.12,0.627,0.219,0.712,0.674,0.326,0.08,0.17,0.129,0.499,0.712,0.288,0.412,0.591,0.161,0.115
-201950-204001-1627759-1628369-1628401-,J. Holiday - K. Porziņģis - J. Brown - J. Tatum - D. White,1610612738,BOS,356.8,114.1,114.1,0.0,103.05,0.586,0.226,0.685,0.5,0.5,0.066,0.109,0.14,0.371,0.685,0.315,0.417,0.543,0.218,0.121
-201935-1626181-1627739-1627826-1627884-,J. Harden - N. Powell - K. Dunn - I. Zubac - D. Jones Jr.,1610612746,LAC,326.0,114.7,103.9,10.8,101.22,0.583,0.246,0.593,0.621,0.379,0.048,0.178,0.142,0.501,0.593,0.407,0.38,0.535,0.199,0.186
-1627832-1628415-1630224-1630578-1641708-,F. VanVleet - D. Brooks - J. Green - A. Sengun - A. Thompson,1610612745,HOU,323.1,107.3,114.9,-7.6,99.46,0.535,0.238,0.573,0.635,0.365,0.072,0.132,0.149,0.453,0.573,0.427,0.414,0.58,0.208,0.169
-1628392-1628983-1629652-1631114-1641717-,I. Hartenstein - S. Gilgeous-Alexander - L. Dort - J. Williams - C. Wallace,1610612760,OKC,316.1,117.0,101.0,15.9,102.81,0.586,0.196,0.589,0.679,0.321,0.097,0.12,0.128,0.481,0.589,0.411,0.305,0.499,0.227,0.167
-201572-203081-203507-1627752-1641748-,B. Lopez - D. Lillard - G. Antetokounmpo - T. Prince - A. Jackson Jr.,1610612749,MIL,310.6,110.2,112.7,-2.5,101.61,0.586,0.219,0.62,0.585,0.415,0.08,0.16,0.111,0.421,0.62,0.38,0.388,0.56,0.194,0.131
-201935-202695-1626181-1627739-1627826-,J. Harden - K. Leonard - N. Powell - K. Dunn - I. Zubac,1610612746,LAC,285.9,117.3,107.9,9.5,98.54,0.61,0.227,0.655,0.649,0.351,0.061,0.136,0.132,0.521,0.655,0.345,0.395,0.559,0.176,0.162
-203991-1629027-1630552-1630700-1642258-,C. Capela - T. Young - J. Johnson - D. Daniels - Z. Risacher,1610612737,ATL,281.6,111.5,111.7,-0.2,106.35,0.572,0.191,0.712,0.683,0.317,0.043,0.149,0.105,0.563,0.712,0.288,0.403,0.566,0.176,0.147
-201143-201950-1627759-1628369-1628401-,A. Horford - J. Holiday - J. Brown - J. Tatum - D. White,1610612738,BOS,268.1,122.1,104.4,17.7,100.6,0.638,0.214,0.703,0.437,0.563,0.047,0.099,0.12,0.289,0.703,0.297,0.29,0.501,0.206,0.115
-202699-203501-1630595-1631093-1631105-,T. Harris - T. Hardaway Jr. - C. Cunningham - J. Ivey - J. Duren,1610612765,DET,261.2,119.8,122.0,-2.1,97.66,0.617,0.21,0.653,0.609,0.391,0.05,0.162,0.113,0.463,0.653,0.347,0.412,0.604,0.212,0.116
-203924-1629014-1629028-1630166-1641739-,J. Grant - A. Simons - D. Ayton - D. Avdija - T. Camara,1610612757,POR,251.0,102.5,116.2,-13.6,99.34,0.516,0.212,0.602,0.597,0.403,0.079,0.132,0.15,0.432,0.602,0.398,0.399,0.567,0.253,0.138
-202696-203897-1629632-1630172-1630581-,N. Vučević - Z. LaVine - C. White - P. Williams - J. Giddey,1610612741,CHI,250.4,106.7,111.8,-5.1,107.56,0.579,0.18,0.675,0.56,0.44,0.083,0.113,0.116,0.422,0.675,0.325,0.327,0.549,0.142,0.108
-1629027-1630168-1630700-1631243-1642258-,T. Young - O. Okongwu - D. Daniels - M. Gueye - Z. Risacher,1610612737,ATL,247.9,117.2,109.4,7.9,107.19,0.596,0.179,0.711,0.616,0.384,0.04,0.204,0.105,0.483,0.711,0.289,0.415,0.571,0.245,0.192
-1628378-1628386-1629622-1629636-1630596-,D. Mitchell - J. Allen - M. Strus - D. Garland - E. Mobley,1610612739,CLE,243.0,118.9,106.4,12.5,103.92,0.611,0.231,0.657,0.557,0.443,0.035,0.152,0.135,0.478,0.657,0.343,0.327,0.528,0.214,0.125
-1628991-1629630-1630217-1641744-1642377-,J. Jackson Jr. - J. Morant - D. Bane - Z. Edey - J. Wells,1610612763,MEM,221.8,127.8,101.4,26.4,108.66,0.625,0.24,0.536,0.639,0.361,0.066,0.177,0.155,0.469,0.536,0.464,0.328,0.494,0.237,0.139
-203468-1627749-1630529-1630530-1642274-,C. McCollum - D. Murray - H. Jones - T. Murphy III - Y. Missi,1610612740,NOP,221.1,112.6,120.1,-7.5,102.16,0.589,0.218,0.617,0.619,0.381,0.08,0.127,0.146,0.439,0.617,0.383,0.364,0.59,0.247,0.146
-201942-203897-1627734-1631099-1631165-,D. DeRozan - Z. LaVine - D. Sabonis - K. Murray - K. Ellis,1610612758,SAC,219.5,112.6,113.5,-0.9,97.31,0.598,0.169,0.61,0.603,0.397,0.152,0.162,0.106,0.395,0.61,0.39,0.368,0.555,0.21,0.121
-202709-203484-1628976-1630532-1631094-,C. Joseph - K. Caldwell-Pope - W. Carter Jr. - F. Wagner - P. Banchero,1610612753,ORL,215.6,116.0,104.6,11.5,96.39,0.588,0.22,0.595,0.592,0.408,0.1,0.11,0.14,0.405,0.595,0.405,0.362,0.53,0.249,0.156
-203497-203944-1628978-1630162-1630183-,R. Gobert - J. Randle - D. DiVincenzo - A. Edwards - J. McDaniels,1610612750,MIN,212.8,115.4,110.8,4.6,100.05,0.59,0.238,0.624,0.604,0.396,0.027,0.157,0.131,0.459,0.624,0.376,0.361,0.515,0.165,0.112
-201939-202710-203110-1630541-1641764-,S. Curry - J. Butler III - D. Green - M. Moody - B. Podziemski,1610612744,GSW,211.4,120.6,104.2,16.4,103.88,0.635,0.285,0.779,0.531,0.469,0.061,0.167,0.171,0.381,0.779,0.221,0.39,0.564,0.144,0.199
-1628398-1629673-1641731-1642259-1642267-,K. Kuzma - J. Poole - B. Coulibaly - A. Sarr - B. Carrington,1610612764,WAS,207.7,86.7,120.3,-33.5,108.15,0.464,0.178,0.636,0.496,0.504,0.044,0.217,0.111,0.415,0.636,0.364,0.4,0.588,0.239,0.134
-201572-203081-203507-1627752-1628398-,B. Lopez - D. Lillard - G. Antetokounmpo - T. Prince - K. Kuzma,1610612749,MIL,204.9,113.4,109.1,4.3,102.97,0.606,0.215,0.584,0.601,0.399,0.14,0.104,0.124,0.393,0.584,0.416,0.316,0.525,0.176,0.093
-201942-1627734-1628370-1631099-1631165-,D. DeRozan - D. Sabonis - M. Monk - K. Murray - K. Ellis,1610612758,SAC,200.8,119.3,102.2,17.1,99.3,0.6,0.218,0.658,0.618,0.382,0.12,0.142,0.146,0.416,0.658,0.342,0.37,0.499,0.191,0.143
-202699-203501-1627736-1630595-1631105-,T. Harris - T. Hardaway Jr. - M. Beasley - C. Cunningham - J. Duren,1610612765,DET,200.5,112.6,116.1,-3.5,107.87,0.633,0.336,0.597,0.627,0.373,0.075,0.1,0.194,0.443,0.597,0.403,0.445,0.614,0.28,0.138
-2544-203076-1629060-1630559-1631108-,L. James - A. Davis - R. Hachimura - A. Reaves - M. Christie,1610612747,LAL,198.6,107.4,106.3,1.1,103.43,0.583,0.243,0.672,0.645,0.355,0.065,0.162,0.147,0.489,0.672,0.328,0.364,0.538,0.131,0.138
-1628378-1628386-1629636-1629731-1630596-,D. Mitchell - J. Allen - D. Garland - D. Wade - E. Mobley,1610612739,CLE,197.3,120.1,112.4,7.7,101.08,0.617,0.163,0.63,0.568,0.432,0.085,0.139,0.105,0.411,0.63,0.37,0.373,0.546,0.189,0.139
-1628374-1628381-1629012-1631117-1641718-,L. Markkanen - J. Collins - C. Sexton - W. Kessler - K. George,1610612762,UTA,196.2,123.5,116.1,7.4,100.4,0.646,0.263,0.63,0.598,0.402,0.039,0.098,0.147,0.424,0.63,0.37,0.362,0.562,0.183,0.083
-201942-203897-1627734-1628370-1631099-,D. DeRozan - Z. LaVine - D. Sabonis - M. Monk - K. Murray,1610612758,SAC,195.8,114.6,123.0,-8.4,102.73,0.593,0.231,0.612,0.614,0.386,0.107,0.154,0.142,0.431,0.612,0.388,0.4,0.588,0.223,0.07
-201935-202695-1626181-1627826-1627884-,J. Harden - K. Leonard - N. Powell - I. Zubac - D. Jones Jr.,1610612746,LAC,192.7,124.8,102.9,21.8,103.11,0.632,0.178,0.659,0.703,0.297,0.081,0.146,0.106,0.501,0.659,0.341,0.359,0.543,0.163,0.153
-202710-1628389-1629130-1629312-1629639-,J. Butler - B. Adebayo - D. Robinson - H. Highsmith - T. Herro,1610612748,MIA,189.0,118.4,114.0,4.4,96.41,0.604,0.155,0.737,0.539,0.461,0.022,0.124,0.098,0.453,0.737,0.263,0.389,0.571,0.169,0.121
-203944-1628978-1629638-1629675-1630162-,J. Randle - D. DiVincenzo - N. Alexander-Walker - N. Reid - A. Edwards,1610612750,MIN,188.1,124.1,112.5,11.7,101.94,0.647,0.241,0.606,0.513,0.487,0.032,0.128,0.13,0.413,0.606,0.394,0.367,0.552,0.235,0.13
-201572-203081-203507-1627752-1629018-,B. Lopez - D. Lillard - G. Antetokounmpo - T. Prince - G. Trent Jr.,1610612749,MIL,187.8,118.5,117.7,0.9,103.15,0.646,0.391,0.634,0.555,0.445,0.05,0.121,0.2,0.4,0.634,0.366,0.346,0.551,0.276,0.102
-203484-1628976-1630175-1630532-1631094-,K. Caldwell-Pope - W. Carter Jr. - C. Anthony - F. Wagner - P. Banchero,1610612753,ORL,186.9,115.8,103.7,12.1,97.2,0.577,0.263,0.545,0.713,0.287,0.105,0.145,0.164,0.473,0.545,0.455,0.393,0.521,0.288,0.175
-1626157-1628384-1628404-1628969-1630540-,K. Towns - O. Anunoby - J. Hart - M. Bridges - M. McBride,1610612752,NYK,185.3,114.7,110.6,4.1,97.26,0.559,0.183,0.706,0.611,0.389,0.056,0.145,0.121,0.466,0.706,0.294,0.393,0.537,0.196,0.154
-201942-1627734-1628368-1628989-1631099-,D. DeRozan - D. Sabonis - D. Fox - K. Huerter - K. Murray,1610612758,SAC,183.7,115.0,105.5,9.5,100.71,0.61,0.239,0.61,0.648,0.352,0.18,0.094,0.142,0.422,0.61,0.39,0.356,0.51,0.166,0.159
-101108-203084-1630577-1641705-1642264-,C. Paul - H. Barnes - J. Champagnie - V. Wembanyama - S. Castle,1610612759,SAS,176.7,124.8,112.2,12.6,98.87,0.635,0.256,0.713,0.404,0.596,0.048,0.1,0.153,0.314,0.713,0.287,0.307,0.546,0.127,0.114
-201935-1627739-1627826-1627884-1629599-,J. Harden - K. Dunn - I. Zubac - D. Jones Jr. - A. Coffey,1610612746,LAC,175.5,106.7,108.2,-1.5,97.24,0.567,0.19,0.646,0.632,0.368,0.026,0.123,0.123,0.535,0.646,0.354,0.311,0.532,0.194,0.144
-201935-1626181-1627826-1627884-1629611-,J. Harden - N. Powell - I. Zubac - D. Jones Jr. - T. Mann,1610612746,LAC,169.1,110.6,120.5,-9.9,96.93,0.558,0.21,0.721,0.595,0.405,0.032,0.143,0.162,0.456,0.721,0.279,0.411,0.622,0.238,0.132
-203999-1627750-1629008-1631128-1631212-,N. Jokić - J. Murray - M. Porter Jr. - C. Braun - P. Watson,1610612743,DEN,168.4,128.4,114.2,14.2,98.47,0.653,0.223,0.747,0.686,0.314,0.077,0.142,0.115,0.51,0.747,0.253,0.371,0.552,0.154,0.113
-1628392-1628983-1629652-1631096-1631114-,I. Hartenstein - S. Gilgeous-Alexander - L. Dort - C. Holmgren - J. Williams,1610612760,OKC,167.4,126.2,111.2,15.0,104.83,0.646,0.191,0.571,0.652,0.348,0.091,0.11,0.113,0.498,0.571,0.429,0.405,0.552,0.227,0.137
-1627751-1629628-1630534-1630558-1641711-,J. Poeltl - R. Barrett - O. Agbaji - D. Mitchell - G. Dick,1610612761,TOR,166.8,116.7,113.1,3.6,102.46,0.566,0.24,0.606,0.681,0.319,0.068,0.235,0.15,0.49,0.606,0.394,0.315,0.539,0.302,0.128
-101108-203084-1630170-1641705-1642264-,C. Paul - H. Barnes - D. Vassell - V. Wembanyama - S. Castle,1610612759,SAS,165.6,122.7,111.2,11.5,102.61,0.622,0.242,0.685,0.548,0.452,0.093,0.153,0.125,0.407,0.685,0.315,0.397,0.558,0.129,0.11
-1628378-1628386-1629636-1630171-1630596-,D. Mitchell - J. Allen - D. Garland - I. Okoro - E. Mobley,1610612739,CLE,159.6,123.7,117.6,6.1,102.69,0.647,0.203,0.6,0.56,0.44,0.033,0.147,0.113,0.392,0.6,0.4,0.424,0.567,0.214,0.138
-1629014-1630166-1631101-1641739-1642270-,A. Simons - D. Avdija - S. Sharpe - T. Camara - D. Clingan,1610612757,POR,154.9,114.6,110.2,4.4,99.6,0.547,0.211,0.681,0.536,0.464,0.049,0.171,0.12,0.391,0.681,0.319,0.366,0.521,0.211,0.134
-203484-1629048-1630532-1630591-1641783-,K. Caldwell-Pope - G. Bitadze - F. Wagner - J. Suggs - T. da Silva,1610612753,ORL,151.9,108.2,110.0,-1.7,95.62,0.549,0.204,0.669,0.618,0.382,0.067,0.204,0.143,0.535,0.669,0.331,0.357,0.539,0.267,0.143
-1628415-1630224-1630578-1631106-1641708-,D. Brooks - J. Green - A. Sengun - T. Eason - A. Thompson,1610612745,HOU,148.6,128.3,108.0,20.3,104.18,0.638,0.214,0.601,0.654,0.346,0.039,0.182,0.102,0.539,0.601,0.399,0.427,0.531,0.26,0.167
-201572-203507-1627752-1628398-1631157-,B. Lopez - G. Antetokounmpo - T. Prince - K. Kuzma - R. Rollins,1610612749,MIL,145.9,130.1,117.6,12.4,97.21,0.697,0.29,0.664,0.637,0.363,0.068,0.125,0.13,0.468,0.664,0.336,0.348,0.559,0.154,0.108
-203497-203944-1629638-1630162-1630183-,R. Gobert - J. Randle - N. Alexander-Walker - A. Edwards - J. McDaniels,1610612750,MIN,145.7,109.9,102.0,8.0,98.18,0.55,0.307,0.482,0.537,0.463,0.025,0.106,0.168,0.405,0.482,0.518,0.333,0.522,0.25,0.148
-101108-202687-203084-1630170-1642264-,C. Paul - B. Biyombo - H. Barnes - D. Vassell - S. Castle,1610612759,SAS,137.5,115.3,125.2,-9.8,99.32,0.625,0.153,0.654,0.54,0.46,0.097,0.145,0.079,0.363,0.654,0.346,0.48,0.609,0.143,0.149
-203924-1629014-1629028-1631101-1641739-,J. Grant - A. Simons - D. Ayton - S. Sharpe - T. Camara,1610612757,POR,136.9,91.4,121.9,-30.5,102.05,0.491,0.142,0.583,0.571,0.429,0.106,0.151,0.117,0.46,0.583,0.417,0.449,0.636,0.178,0.106
-101108-203084-1630170-1631110-1641705-,C. Paul - H. Barnes - D. Vassell - J. Sochan - V. Wembanyama,1610612759,SAS,135.9,116.3,100.0,16.3,99.99,0.606,0.228,0.771,0.484,0.516,0.104,0.152,0.137,0.329,0.771,0.229,0.301,0.479,0.147,0.116
-202696-1628989-1629632-1630581-1641824-,N. Vučević - K. Huerter - C. White - J. Giddey - M. Buzelis,1610612741,CHI,133.8,122.9,117.6,5.2,104.38,0.635,0.233,0.683,0.658,0.342,0.022,0.2,0.133,0.561,0.683,0.317,0.394,0.567,0.167,0.083
-1629014-1629028-1630166-1631101-1641739-,A. Simons - D. Ayton - D. Avdija - S. Sharpe - T. Camara,1610612757,POR,133.5,113.3,111.4,2.0,99.05,0.619,0.21,0.55,0.579,0.421,0.102,0.089,0.121,0.425,0.55,0.45,0.295,0.512,0.196,0.136
-201566-203932-203999-1629008-1631128-,R. Westbrook - A. Gordon - N. Jokić - M. Porter Jr. - C. Braun,1610612743,DEN,128.4,127.0,103.5,23.5,106.93,0.663,0.285,0.739,0.671,0.329,0.06,0.174,0.136,0.469,0.739,0.261,0.337,0.522,0.171,0.152
-1627751-1629628-1630558-1630567-1641711-,J. Poeltl - R. Barrett - D. Mitchell - S. Barnes - G. Dick,1610612761,TOR,125.9,105.1,113.2,-8.0,102.92,0.571,0.251,0.693,0.692,0.308,0.056,0.167,0.132,0.583,0.693,0.307,0.395,0.572,0.275,0.147
-101108-202687-203084-1628368-1630170-,C. Paul - B. Biyombo - H. Barnes - D. Fox - D. Vassell,1610612759,SAS,125.3,108.7,116.5,-7.8,101.94,0.564,0.146,0.681,0.563,0.438,0.111,0.132,0.083,0.41,0.681,0.319,0.337,0.531,0.153,0.12
-202710-203110-1630541-1641764-1642366-,J. Butler III - D. Green - M. Moody - B. Podziemski - Q. Post,1610612744,GSW,124.8,109.6,93.6,16.0,95.99,0.566,0.208,0.717,0.489,0.511,0.066,0.15,0.132,0.374,0.717,0.283,0.35,0.495,0.126,0.2
-1628384-1628404-1628969-1628973-1630173-,O. Anunoby - J. Hart - M. Bridges - J. Brunson - P. Achiuwa,1610612752,NYK,123.5,104.9,114.3,-9.4,102.59,0.59,0.333,0.592,0.667,0.333,0.08,0.156,0.196,0.442,0.592,0.408,0.419,0.59,0.282,0.147
-201144-203497-1628978-1629638-1629675-,M. Conley - R. Gobert - D. DiVincenzo - N. Alexander-Walker - N. Reid,1610612750,MIN,123.0,116.7,93.2,23.5,97.76,0.601,0.221,0.736,0.523,0.477,0.02,0.119,0.126,0.403,0.736,0.264,0.281,0.469,0.157,0.152
-203497-1628978-1629638-1629675-1630162-,R. Gobert - D. DiVincenzo - N. Alexander-Walker - N. Reid - A. Edwards,1610612750,MIN,122.6,110.3,94.9,15.4,108.44,0.664,0.195,0.664,0.479,0.521,0.013,0.116,0.11,0.394,0.664,0.336,0.386,0.51,0.276,0.176
-201572-203081-1626171-1629018-1631260-,B. Lopez - D. Lillard - B. Portis - G. Trent Jr. - A. Green,1610612749,MIL,121.1,121.8,99.6,22.2,100.65,0.635,0.159,0.566,0.513,0.487,0.098,0.068,0.104,0.319,0.566,0.434,0.303,0.485,0.208,0.102
-1628384-1628404-1628969-1628973-1630579-,O. Anunoby - J. Hart - M. Bridges - J. Brunson - J. Sims,1610612752,NYK,120.3,105.6,110.0,-4.4,92.33,0.529,0.176,0.632,0.583,0.417,0.122,0.118,0.114,0.423,0.632,0.368,0.391,0.571,0.199,0.143
-203952-1628389-1629639-1630558-1642276-,A. Wiggins - B. Adebayo - T. Herro - D. Mitchell - K. Ware,1610612748,MIA,120.1,112.5,114.0,-1.5,99.55,0.61,0.275,0.67,0.598,0.402,0.05,0.158,0.172,0.444,0.67,0.33,0.411,0.579,0.195,0.152
-1626179-1628389-1629312-1629639-1631170-,T. Rozier - B. Adebayo - H. Highsmith - T. Herro - J. Jaquez Jr.,1610612748,MIA,119.7,96.4,114.9,-18.4,99.07,0.507,0.225,0.67,0.583,0.417,0.074,0.148,0.165,0.428,0.67,0.33,0.429,0.549,0.111,0.153
-1628970-1630163-1630182-1631109-1641733-,M. Bridges - L. Ball - J. Green - M. Williams - N. Smith Jr.,1610612766,CHA,119.5,101.5,115.6,-14.1,106.05,0.52,0.229,0.594,0.572,0.428,0.037,0.133,0.156,0.407,0.594,0.406,0.368,0.573,0.249,0.149
-201143-1628369-1628436-1630202-1630573-,A. Horford - J. Tatum - L. Kornet - P. Pritchard - S. Hauser,1610612738,BOS,119.5,111.7,101.3,10.4,94.82,0.533,0.131,0.612,0.443,0.557,0.067,0.045,0.097,0.33,0.612,0.388,0.238,0.474,0.206,0.129
-201142-203078-203994-1626145-1626164-,K. Durant - B. Beal - J. Nurkić - T. Jones - D. Booker,1610612756,PHX,119.3,103.9,120.9,-17.1,103.83,0.591,0.111,0.736,0.583,0.417,0.119,0.153,0.071,0.485,0.736,0.264,0.427,0.582,0.248,0.116
-202681-202691-1629023-1629029-1641726-,K. Irving - K. Thompson - P. Washington - L. Dončić - D. Lively II,1610612742,DAL,118.7,127.9,104.4,23.5,100.88,0.622,0.212,0.582,0.559,0.441,0.112,0.146,0.112,0.393,0.582,0.418,0.387,0.523,0.201,0.169
-1626157-1628404-1628969-1628973-1630173-,K. Towns - J. Hart - M. Bridges - J. Brunson - P. Achiuwa,1610612752,NYK,116.3,118.1,115.2,2.9,100.52,0.572,0.238,0.536,0.749,0.251,0.125,0.136,0.167,0.551,0.536,0.464,0.403,0.58,0.192,0.148
-201144-203497-1629675-1630162-1630183-,M. Conley - R. Gobert - N. Reid - A. Edwards - J. McDaniels,1610612750,MIN,114.1,123.0,97.0,26.0,98.66,0.6,0.228,0.68,0.562,0.438,0.021,0.062,0.145,0.408,0.68,0.32,0.316,0.511,0.216,0.145
-203944-1628978-1629675-1630162-1630183-,J. Randle - D. DiVincenzo - N. Reid - A. Edwards - J. McDaniels,1610612750,MIN,113.2,104.6,108.9,-4.3,103.48,0.556,0.33,0.612,0.523,0.477,0.016,0.116,0.219,0.454,0.612,0.388,0.362,0.579,0.148,0.133
-201566-203999-1629008-1631128-1631212-,R. Westbrook - N. Jokić - M. Porter Jr. - C. Braun - P. Watson,1610612743,DEN,113.1,115.9,116.9,-1.1,107.41,0.662,0.297,0.798,0.723,0.277,0.048,0.192,0.147,0.589,0.798,0.202,0.423,0.573,0.227,0.154
-1628991-1629630-1629634-1630217-1642377-,J. Jackson Jr. - J. Morant - B. Clarke - D. Bane - J. Wells,1610612763,MEM,110.2,119.2,114.3,4.9,105.21,0.639,0.311,0.653,0.648,0.352,0.049,0.133,0.182,0.442,0.653,0.347,0.347,0.553,0.244,0.143
-201572-203081-203507-1627752-1631260-,B. Lopez - D. Lillard - G. Antetokounmpo - T. Prince - A. Green,1610612749,MIL,109.8,107.0,92.5,14.5,105.53,0.566,0.395,0.506,0.595,0.405,0.062,0.158,0.212,0.425,0.506,0.494,0.329,0.453,0.224,0.112
-203497-1628978-1629675-1630162-1630183-,R. Gobert - D. DiVincenzo - N. Reid - A. Edwards - J. McDaniels,1610612750,MIN,108.2,106.2,96.1,10.0,101.8,0.563,0.249,0.605,0.565,0.435,0.033,0.12,0.145,0.398,0.605,0.395,0.33,0.477,0.258,0.134
-2544-1627827-1629029-1629060-1630559-,L. James - D. Finney-Smith - L. Dončić - R. Hachimura - A. Reaves,1610612747,LAL,107.8,124.9,106.3,18.6,100.83,0.662,0.158,0.593,0.559,0.441,0.035,0.143,0.08,0.497,0.593,0.407,0.34,0.549,0.176,0.156
-1626167-1627783-1630169-1631097-1641767-,M. Turner - P. Siakam - T. Haliburton - B. Mathurin - B. Sheppard,1610612754,IND,106.8,110.7,115.4,-4.7,96.43,0.551,0.169,0.693,0.532,0.468,0.076,0.13,0.109,0.361,0.693,0.307,0.304,0.515,0.228,0.107
-1627751-1629628-1630193-1630567-1641711-,J. Poeltl - R. Barrett - I. Quickley - S. Barnes - G. Dick,1610612761,TOR,106.6,99.6,108.8,-9.2,103.36,0.523,0.176,0.696,0.623,0.377,0.07,0.239,0.083,0.496,0.696,0.304,0.375,0.571,0.205,0.149
-1629673-1641731-1642259-1642267-1642273-,J. Poole - B. Coulibaly - A. Sarr - B. Carrington - K. George,1610612764,WAS,106.5,101.8,110.8,-9.0,103.65,0.527,0.203,0.571,0.515,0.485,0.06,0.207,0.155,0.422,0.571,0.429,0.345,0.512,0.261,0.138
-1627747-1627777-1629027-1630168-1630700-,C. LeVert - G. Niang - T. Young - O. Okongwu - D. Daniels,1610612737,ATL,106.2,120.8,115.7,5.2,107.55,0.636,0.397,0.653,0.557,0.443,0.028,0.124,0.224,0.448,0.653,0.347,0.391,0.574,0.267,0.114
-1626167-1627783-1630169-1631097-1631245-,M. Turner - P. Siakam - T. Haliburton - B. Mathurin - Q. Jackson,1610612754,IND,106.2,113.8,119.2,-5.4,98.74,0.605,0.261,0.681,0.62,0.38,0.097,0.101,0.153,0.411,0.681,0.319,0.419,0.574,0.245,0.119
-1626167-1629614-1630167-1630169-1631097-,M. Turner - A. Nembhard - O. Toppin - T. Haliburton - B. Mathurin,1610612754,IND,106.1,110.9,106.5,4.4,104.5,0.584,0.313,0.652,0.589,0.411,0.071,0.09,0.173,0.439,0.652,0.348,0.297,0.488,0.207,0.116
-203471-1627827-1629651-1629661-1630560-,D. Schröder - D. Finney-Smith - N. Claxton - C. Johnson - C. Thomas,1610612751,BKN,105.8,116.2,104.2,12.0,97.34,0.603,0.245,0.611,0.527,0.473,0.056,0.08,0.151,0.398,0.611,0.389,0.359,0.531,0.254,0.169
-202696-203897-1629632-1630172-1630245-,N. Vučević - Z. LaVine - C. White - P. Williams - A. Dosunmu,1610612741,CHI,105.2,107.5,109.0,-1.5,110.68,0.587,0.258,0.767,0.535,0.465,0.062,0.193,0.174,0.371,0.767,0.233,0.308,0.524,0.178,0.082
-2544-203076-1626156-1629060-1630559-,L. James - A. Davis - D. Russell - R. Hachimura - A. Reaves,1610612747,LAL,104.8,109.6,104.0,5.6,104.69,0.557,0.323,0.824,0.652,0.348,0.056,0.234,0.187,0.484,0.824,0.176,0.315,0.507,0.166,0.141
-203991-1629027-1629631-1630552-1630700-,C. Capela - T. Young - D. Hunter - J. Johnson - D. Daniels,1610612737,ATL,104.5,111.7,100.0,11.7,108.9,0.564,0.35,0.688,0.646,0.354,0.03,0.179,0.209,0.47,0.688,0.312,0.381,0.523,0.231,0.188
-202696-203897-1629632-1630245-1630581-,N. Vučević - Z. LaVine - C. White - A. Dosunmu - J. Giddey,1610612741,CHI,104.3,116.7,119.8,-3.2,107.23,0.643,0.228,0.728,0.554,0.446,0.037,0.172,0.106,0.44,0.728,0.272,0.321,0.574,0.233,0.078
-1626156-1629651-1629661-1630533-1630553-,D. Russell - N. Claxton - C. Johnson - Z. Williams - K. Johnson,1610612751,BKN,104.1,88.1,110.9,-22.8,100.99,0.459,0.153,0.639,0.495,0.505,0.052,0.125,0.12,0.438,0.639,0.361,0.333,0.568,0.177,0.136
-1627736-1630191-1631204-1631323-1641842-,M. Beasley - I. Stewart - M. Sasser - S. Fontecchio - R. Holland II,1610612765,DET,103.2,109.3,115.2,-5.9,106.07,0.618,0.208,0.721,0.481,0.519,0.032,0.13,0.117,0.291,0.721,0.279,0.393,0.525,0.337,0.113
-1628379-1628991-1630217-1641744-1642377-,L. Kennard - J. Jackson Jr. - D. Bane - Z. Edey - J. Wells,1610612763,MEM,102.9,124.2,131.7,-7.5,102.6,0.633,0.192,0.56,0.712,0.288,0.125,0.099,0.107,0.493,0.56,0.44,0.43,0.636,0.184,0.104
-1627832-1628415-1630224-1630578-1631106-,F. VanVleet - D. Brooks - J. Green - A. Sengun - T. Eason,1610612745,HOU,102.4,112.4,108.4,4.1,103.08,0.562,0.274,0.5,0.617,0.383,0.079,0.178,0.178,0.411,0.5,0.5,0.315,0.513,0.214,0.126
-201566-203932-203999-1627750-1629008-,R. Westbrook - A. Gordon - N. Jokić - J. Murray - M. Porter Jr.,1610612743,DEN,102.3,126.0,118.8,7.2,106.69,0.63,0.239,0.649,0.67,0.33,0.076,0.165,0.127,0.529,0.649,0.351,0.446,0.589,0.214,0.107
-1628415-1630224-1630578-1631095-1641708-,D. Brooks - J. Green - A. Sengun - J. Smith Jr. - A. Thompson,1610612745,HOU,101.6,112.7,104.7,8.0,99.94,0.557,0.242,0.393,0.649,0.351,0.1,0.113,0.159,0.452,0.393,0.607,0.342,0.521,0.133,0.1
-2544-1627827-1629029-1629637-1630559-,L. James - D. Finney-Smith - L. Dončić - J. Hayes - A. Reaves,1610612747,LAL,101.5,117.4,116.3,1.1,98.32,0.625,0.343,0.639,0.556,0.444,0.049,0.103,0.193,0.387,0.639,0.361,0.405,0.543,0.277,0.096
-2544-1629029-1629060-1629637-1630559-,L. James - L. Dončić - R. Hachimura - J. Hayes - A. Reaves,1610612747,LAL,99.7,112.3,111.4,1.0,105.66,0.609,0.265,0.624,0.597,0.403,0.049,0.175,0.142,0.504,0.624,0.376,0.436,0.565,0.182,0.109
-101108-203084-1630577-1631110-1641705-,C. Paul - H. Barnes - J. Champagnie - J. Sochan - V. Wembanyama,1610612759,SAS,99.5,102.9,108.3,-5.4,99.83,0.547,0.181,0.709,0.533,0.467,0.093,0.135,0.135,0.381,0.709,0.291,0.4,0.497,0.171,0.117
-203497-1629638-1629675-1630162-1630183-,R. Gobert - N. Alexander-Walker - N. Reid - A. Edwards - J. McDaniels,1610612750,MIN,98.0,102.5,111.3,-8.9,101.9,0.542,0.161,0.526,0.55,0.45,0.019,0.077,0.11,0.44,0.526,0.474,0.397,0.572,0.259,0.156
-1626157-1626166-1628384-1628404-1628969-,K. Towns - C. Payne - O. Anunoby - J. Hart - M. Bridges,1610612752,NYK,97.7,120.8,105.8,14.9,101.47,0.625,0.294,0.729,0.661,0.339,0.088,0.196,0.144,0.504,0.729,0.271,0.441,0.545,0.193,0.18
-201144-203944-1629675-1630162-1630183-,M. Conley - J. Randle - N. Reid - A. Edwards - J. McDaniels,1610612750,MIN,97.4,109.0,110.6,-1.6,103.52,0.61,0.272,0.646,0.503,0.497,0.061,0.147,0.169,0.329,0.646,0.354,0.417,0.549,0.163,0.135
-203468-1627749-1629750-1630530-1642274-,C. McCollum - D. Murray - J. Green - T. Murphy III - Y. Missi,1610612740,NOP,96.9,111.0,112.1,-1.1,104.75,0.526,0.219,0.539,0.592,0.408,0.069,0.147,0.125,0.483,0.539,0.461,0.268,0.542,0.222,0.168
-203471-1627732-1627827-1629661-1630560-,D. Schröder - B. Simmons - D. Finney-Smith - C. Johnson - C. Thomas,1610612751,BKN,95.2,109.3,112.7,-3.4,103.4,0.618,0.224,0.713,0.509,0.491,0.098,0.161,0.156,0.357,0.713,0.288,0.391,0.565,0.296,0.156
-1629027-1629631-1630168-1630552-1630700-,T. Young - D. Hunter - O. Okongwu - J. Johnson - D. Daniels,1610612737,ATL,94.8,120.5,116.9,3.7,110.86,0.643,0.471,0.57,0.594,0.406,0.008,0.083,0.258,0.462,0.57,0.43,0.373,0.547,0.311,0.123
-202710-1626179-1628389-1629639-1631107-,J. Butler - T. Rozier - B. Adebayo - T. Herro - N. Jović,1610612748,MIA,94.6,104.7,124.5,-19.7,96.93,0.53,0.281,0.657,0.605,0.395,0.05,0.095,0.176,0.412,0.657,0.343,0.381,0.583,0.229,0.109
-1627736-1630191-1630595-1631323-1641842-,M. Beasley - I. Stewart - C. Cunningham - S. Fontecchio - R. Holland II,1610612765,DET,93.4,97.6,103.4,-5.9,105.34,0.499,0.2,0.634,0.535,0.465,0.05,0.209,0.149,0.368,0.634,0.366,0.278,0.497,0.263,0.142
-201935-1626181-1627826-1627884-1629599-,J. Harden - N. Powell - I. Zubac - D. Jones Jr. - A. Coffey,1610612746,LAC,93.2,108.7,106.3,2.3,106.56,0.649,0.367,0.63,0.647,0.353,0.035,0.159,0.177,0.469,0.63,0.37,0.323,0.522,0.41,0.121
-201942-202685-203897-1631099-1631165-,D. DeRozan - J. Valančiūnas - Z. LaVine - K. Murray - K. Ellis,1610612758,SAC,92.2,125.4,111.1,14.3,98.36,0.64,0.174,0.648,0.64,0.36,0.177,0.118,0.118,0.363,0.648,0.352,0.338,0.518,0.251,0.085
-1627832-1630224-1630578-1631095-1641708-,F. VanVleet - J. Green - A. Sengun - J. Smith Jr. - A. Thompson,1610612745,HOU,92.1,124.4,119.7,4.7,99.33,0.588,0.209,0.479,0.631,0.369,0.083,0.167,0.108,0.483,0.479,0.521,0.439,0.581,0.197,0.101
-1626167-1629614-1630167-1630169-1630174-,M. Turner - A. Nembhard - O. Toppin - T. Haliburton - A. Nesmith,1610612754,IND,91.6,125.3,107.3,18.0,99.34,0.627,0.155,0.759,0.489,0.511,0.077,0.176,0.094,0.352,0.759,0.241,0.309,0.52,0.146,0.098
-202685-1628398-1630557-1642267-1642273-,J. Valančiūnas - K. Kuzma - C. Kispert - B. Carrington - K. George,1610612764,WAS,91.2,106.7,131.1,-24.3,100.74,0.604,0.212,0.671,0.545,0.455,0.097,0.107,0.136,0.301,0.671,0.329,0.393,0.594,0.304,0.079
-1628389-1629130-1629312-1629639-1642276-,B. Adebayo - D. Robinson - H. Highsmith - T. Herro - K. Ware,1610612748,MIA,90.3,107.0,105.3,1.6,99.42,0.616,0.187,0.703,0.533,0.467,0.08,0.09,0.115,0.37,0.703,0.297,0.31,0.509,0.168,0.096
-1628983-1629652-1631096-1631114-1641717-,S. Gilgeous-Alexander - L. Dort - C. Holmgren - J. Williams - C. Wallace,1610612760,OKC,90.0,118.1,96.6,21.5,109.34,0.596,0.17,0.495,0.665,0.335,0.075,0.174,0.112,0.515,0.495,0.505,0.379,0.47,0.199,0.175
-202681-202691-1629023-1629029-1629655-,K. Irving - K. Thompson - P. Washington - L. Dončić - D. Gafford,1610612742,DAL,89.5,110.6,119.4,-8.8,105.97,0.573,0.236,0.537,0.615,0.385,0.091,0.159,0.145,0.436,0.537,0.463,0.394,0.567,0.327,0.122
-201142-203486-1626145-1626164-1642346-,K. Durant - M. Plumlee - T. Jones - D. Booker - R. Dunn,1610612756,PHX,89.0,115.5,87.8,27.7,101.1,0.563,0.205,0.735,0.585,0.415,0.056,0.213,0.125,0.5,0.735,0.265,0.234,0.424,0.186,0.176
-202685-1629673-1630557-1641731-1642273-,J. Valančiūnas - J. Poole - C. Kispert - B. Coulibaly - K. George,1610612764,WAS,88.8,117.4,113.1,4.3,104.35,0.62,0.301,0.598,0.607,0.393,0.044,0.135,0.188,0.48,0.598,0.402,0.377,0.544,0.237,0.12
-1629673-1630551-1641731-1642259-1642267-,J. Poole - J. Champagnie - B. Coulibaly - A. Sarr - B. Carrington,1610612764,WAS,88.2,109.8,115.1,-5.3,105.01,0.583,0.14,0.638,0.465,0.535,0.047,0.146,0.07,0.347,0.638,0.363,0.338,0.534,0.247,0.099
-201942-203897-1626168-1627734-1631165-,D. DeRozan - Z. LaVine - T. Lyles - D. Sabonis - K. Ellis,1610612758,SAC,87.6,127.1,129.4,-2.4,93.14,0.645,0.216,0.58,0.575,0.425,0.093,0.097,0.125,0.407,0.58,0.42,0.453,0.66,0.312,0.124
-1626156-1629651-1630533-1630553-1630592-,D. Russell - N. Claxton - Z. Williams - K. Johnson - J. Wilson,1610612751,BKN,86.8,103.9,111.9,-8.0,98.47,0.55,0.221,0.725,0.552,0.448,0.022,0.183,0.118,0.441,0.725,0.275,0.356,0.552,0.159,0.153
-1627747-1627777-1628378-1630241-1630596-,C. LeVert - G. Niang - D. Mitchell - S. Merrill - E. Mobley,1610612739,CLE,84.5,120.8,86.6,34.2,101.43,0.64,0.342,0.662,0.493,0.507,0.028,0.167,0.153,0.344,0.662,0.338,0.239,0.422,0.183,0.162
-1626157-1628384-1628404-1628973-1630540-,K. Towns - O. Anunoby - J. Hart - J. Brunson - M. McBride,1610612752,NYK,84.4,130.8,96.4,34.4,96.11,0.673,0.275,0.583,0.638,0.362,0.044,0.107,0.147,0.489,0.583,0.417,0.406,0.544,0.184,0.169
-203471-1627736-1630191-1631323-1641842-,D. Schröder - M. Beasley - I. Stewart - S. Fontecchio - R. Holland II,1610612765,DET,84.3,110.3,106.3,4.0,107.32,0.592,0.303,0.773,0.533,0.467,0.02,0.157,0.196,0.314,0.773,0.227,0.281,0.461,0.32,0.089
-1626157-1626166-1628404-1628969-1630540-,K. Towns - C. Payne - J. Hart - M. Bridges - M. McBride,1610612752,NYK,83.4,123.2,101.1,22.1,105.3,0.642,0.242,0.675,0.548,0.452,0.054,0.197,0.152,0.404,0.675,0.325,0.283,0.533,0.222,0.168
-202699-203501-1630191-1630595-1631093-,T. Harris - T. Hardaway Jr. - I. Stewart - C. Cunningham - J. Ivey,1610612765,DET,83.2,116.7,115.1,1.6,99.84,0.594,0.156,0.692,0.644,0.356,0.099,0.177,0.108,0.424,0.692,0.308,0.406,0.497,0.276,0.093
-203484-1628976-1629048-1630591-1641783-,K. Caldwell-Pope - W. Carter Jr. - G. Bitadze - J. Suggs - T. da Silva,1610612753,ORL,83.1,103.0,105.6,-2.5,94.42,0.53,0.139,0.629,0.675,0.325,0.153,0.135,0.094,0.506,0.629,0.371,0.378,0.55,0.223,0.222
-201142-1626164-1630208-1631221-1642346-,K. Durant - D. Booker - N. Richards - C. Gillespie - R. Dunn,1610612756,PHX,82.5,125.3,129.9,-4.6,92.84,0.62,0.192,0.605,0.603,0.397,0.079,0.064,0.118,0.404,0.605,0.395,0.425,0.597,0.194,0.083
-1627747-1628378-1628386-1629636-1630596-,C. LeVert - D. Mitchell - J. Allen - D. Garland - E. Mobley,1610612739,CLE,82.4,121.9,101.1,20.8,102.76,0.657,0.264,0.603,0.608,0.392,0.055,0.06,0.157,0.415,0.603,0.397,0.28,0.503,0.287,0.166
-203484-1628976-1630532-1630591-1631094-,K. Caldwell-Pope - W. Carter Jr. - F. Wagner - J. Suggs - P. Banchero,1610612753,ORL,82.1,100.6,109.6,-9.0,103.84,0.527,0.272,0.694,0.536,0.464,0.09,0.14,0.185,0.371,0.694,0.306,0.356,0.541,0.299,0.135
-1626153-1626157-1628384-1628404-1628969-,D. Wright - K. Towns - O. Anunoby - J. Hart - M. Bridges,1610612752,NYK,81.2,119.5,120.6,-1.1,98.77,0.589,0.224,0.633,0.718,0.282,0.089,0.178,0.144,0.545,0.633,0.367,0.317,0.592,0.197,0.145
-202681-202691-203915-1629023-1629655-,K. Irving - K. Thompson - S. Dinwiddie - P. Washington - D. Gafford,1610612742,DAL,80.7,124.0,103.5,20.5,103.47,0.623,0.248,0.613,0.631,0.369,0.046,0.147,0.138,0.442,0.613,0.387,0.296,0.459,0.176,0.092
-201572-203081-1626171-1627752-1629018-,B. Lopez - D. Lillard - B. Portis - T. Prince - G. Trent Jr.,1610612749,MIL,80.5,120.2,111.8,8.5,100.79,0.635,0.236,0.527,0.583,0.417,0.119,0.129,0.149,0.376,0.527,0.473,0.313,0.536,0.109,0.106
-202699-203501-1627736-1630191-1630595-,T. Harris - T. Hardaway Jr. - M. Beasley - I. Stewart - C. Cunningham,1610612765,DET,80.1,104.7,94.4,10.3,110.91,0.608,0.235,0.606,0.49,0.51,0.05,0.14,0.135,0.35,0.606,0.394,0.291,0.464,0.238,0.128
-201942-1627734-1628368-1631099-1631165-,D. DeRozan - D. Sabonis - D. Fox - K. Murray - K. Ellis,1610612758,SAC,79.9,130.2,109.8,20.4,97.01,0.623,0.211,0.595,0.645,0.355,0.155,0.072,0.116,0.367,0.595,0.405,0.381,0.579,0.271,0.134
-1628392-1628983-1629652-1630598-1631114-,I. Hartenstein - S. Gilgeous-Alexander - L. Dort - A. Wiggins - J. Williams,1610612760,OKC,79.6,125.9,93.1,32.7,105.18,0.636,0.252,0.571,0.697,0.303,0.091,0.151,0.151,0.511,0.571,0.429,0.296,0.522,0.174,0.189
-1629673-1630551-1642259-1642267-1642358-,J. Poole - J. Champagnie - A. Sarr - B. Carrington - A. Johnson,1610612764,WAS,79.2,107.9,126.3,-18.5,100.63,0.573,0.196,0.571,0.455,0.545,0.034,0.169,0.14,0.371,0.571,0.429,0.359,0.564,0.182,0.09
-202696-203897-1628366-1630172-1630581-,N. Vučević - Z. LaVine - L. Ball - P. Williams - J. Giddey,1610612741,CHI,78.5,115.5,102.4,13.1,103.33,0.621,0.093,0.641,0.587,0.413,0.041,0.139,0.052,0.474,0.641,0.359,0.275,0.481,0.138,0.147
-203468-203482-1629627-1630530-1642274-,C. McCollum - K. Olynyk - Z. Williamson - T. Murphy III - Y. Missi,1610612740,NOP,78.5,117.5,128.2,-10.8,102.73,0.558,0.193,0.625,0.727,0.273,0.0,0.159,0.097,0.656,0.625,0.375,0.397,0.596,0.21,0.082
-203944-1629638-1629675-1630162-1630183-,J. Randle - N. Alexander-Walker - N. Reid - A. Edwards - J. McDaniels,1610612750,MIN,78.5,109.1,112.7,-3.5,100.9,0.575,0.234,0.603,0.504,0.496,0.067,0.134,0.162,0.369,0.603,0.397,0.355,0.558,0.238,0.108
-201587-201935-202695-1627739-1627826-,N. Batum - J. Harden - K. Leonard - K. Dunn - I. Zubac,1610612746,LAC,78.5,113.4,109.9,3.5,97.54,0.597,0.165,0.768,0.597,0.403,0.067,0.174,0.112,0.483,0.768,0.232,0.357,0.528,0.218,0.185
-1628970-1630163-1630182-1631109-1641706-,M. Bridges - L. Ball - J. Green - M. Williams - B. Miller,1610612766,CHA,76.9,117.8,111.7,6.1,101.8,0.558,0.155,0.753,0.534,0.466,0.042,0.104,0.078,0.396,0.753,0.247,0.39,0.567,0.176,0.117
-201143-201950-204001-1627759-1628401-,A. Horford - J. Holiday - K. Porziņģis - J. Brown - D. White,1610612738,BOS,76.7,117.2,105.7,11.4,100.17,0.616,0.159,0.648,0.531,0.469,0.031,0.094,0.11,0.419,0.648,0.352,0.311,0.507,0.175,0.121
-1627777-1628378-1629660-1630241-1630596-,G. Niang - D. Mitchell - T. Jerome - S. Merrill - E. Mobley,1610612739,CLE,76.1,98.2,110.9,-12.7,104.65,0.485,0.206,0.627,0.503,0.497,0.037,0.116,0.152,0.427,0.627,0.373,0.393,0.557,0.374,0.152
-1628970-1629610-1630163-1630182-1631109-,M. Bridges - D. Jeffries - L. Ball - J. Green - M. Williams,1610612766,CHA,76.1,132.5,113.6,18.9,100.64,0.655,0.252,0.75,0.573,0.427,0.029,0.13,0.149,0.462,0.75,0.25,0.397,0.585,0.163,0.173
-201950-1627759-1628369-1628401-1628436-,J. Holiday - J. Brown - J. Tatum - D. White - L. Kornet,1610612738,BOS,75.8,109.7,92.0,17.7,103.53,0.545,0.196,0.614,0.536,0.464,0.099,0.122,0.116,0.453,0.614,0.386,0.274,0.462,0.125,0.173
-201939-203110-203952-1630322-1631218-,S. Curry - D. Green - A. Wiggins - L. Waters III - T. Jackson-Davis,1610612744,GSW,75.8,124.1,117.4,6.7,102.3,0.644,0.172,0.747,0.531,0.469,0.05,0.169,0.095,0.378,0.747,0.253,0.361,0.544,0.231,0.093
-1627736-1630191-1631093-1631323-1641842-,M. Beasley - I. Stewart - J. Ivey - S. Fontecchio - R. Holland II,1610612765,DET,75.7,107.3,115.2,-8.0,104.36,0.569,0.181,0.688,0.549,0.451,0.056,0.096,0.13,0.373,0.688,0.313,0.451,0.592,0.206,0.104
-201142-1626145-1626164-1630208-1642346-,K. Durant - T. Jones - D. Booker - N. Richards - R. Dunn,1610612756,PHX,75.3,114.6,118.0,-3.4,95.91,0.609,0.25,0.609,0.625,0.375,0.185,0.058,0.145,0.324,0.609,0.391,0.377,0.52,0.159,0.1
-203484-1628976-1629048-1630532-1630591-,K. Caldwell-Pope - W. Carter Jr. - G. Bitadze - F. Wagner - J. Suggs,1610612753,ORL,75.0,129.3,97.3,31.9,94.72,0.691,0.287,0.657,0.607,0.393,0.042,0.158,0.158,0.484,0.657,0.343,0.357,0.547,0.263,0.221
-201142-203994-1626145-1626164-1626220-,K. Durant - J. Nurkić - T. Jones - D. Booker - R. O'Neale,1610612756,PHX,74.3,122.3,91.8,30.5,102.03,0.68,0.159,0.653,0.523,0.477,0.125,0.167,0.094,0.313,0.653,0.347,0.286,0.464,0.167,0.113
-1630166-1630703-1631101-1641739-1642270-,D. Avdija - S. Henderson - S. Sharpe - T. Camara - D. Clingan,1610612757,POR,73.9,91.6,109.4,-17.8,101.93,0.466,0.291,0.627,0.56,0.44,0.057,0.121,0.177,0.468,0.627,0.373,0.32,0.522,0.336,0.125
-201939-203110-203471-203952-1631218-,S. Curry - D. Green - D. Schröder - A. Wiggins - T. Jackson-Davis,1610612744,GSW,73.6,97.4,105.7,-8.2,102.76,0.518,0.077,0.754,0.585,0.415,0.053,0.086,0.059,0.474,0.754,0.246,0.41,0.556,0.084,0.145
-202685-1627763-1630557-1642267-1642273-,J. Valančiūnas - M. Brogdon - C. Kispert - C. Carrington - K. George,1610612764,WAS,73.0,107.8,116.6,-8.8,100.29,0.585,0.225,0.738,0.589,0.411,0.072,0.084,0.151,0.434,0.738,0.262,0.443,0.585,0.154,0.119
-203992-1629027-1629631-1630168-1630700-,B. Bogdanović - T. Young - D. Hunter - O. Okongwu - D. Daniels,1610612737,ATL,72.9,113.8,117.3,-3.5,106.01,0.554,0.199,0.667,0.616,0.384,0.022,0.126,0.154,0.462,0.667,0.333,0.406,0.625,0.273,0.142
-1627747-1627777-1628378-1629622-1630596-,C. LeVert - G. Niang - D. Mitchell - M. Strus - E. Mobley,1610612739,CLE,72.3,98.2,116.7,-18.5,106.58,0.543,0.221,0.636,0.404,0.596,0.049,0.105,0.154,0.296,0.636,0.364,0.418,0.554,0.15,0.103
-202331-1626162-1627824-1628997-1630178-,P. George - K. Oubre Jr. - G. Yabusele - C. Martin - T. Maxey,1610612755,PHI,72.1,128.7,103.9,24.7,100.5,0.593,0.245,0.465,0.517,0.483,0.073,0.166,0.124,0.383,0.465,0.535,0.411,0.544,0.246,0.171
-1628392-1628983-1629652-1630198-1631114-,I. Hartenstein - S. Gilgeous-Alexander - L. Dort - I. Joe - J. Williams,1610612760,OKC,71.5,118.1,101.9,16.2,105.42,0.58,0.215,0.493,0.674,0.326,0.131,0.169,0.137,0.47,0.493,0.507,0.35,0.512,0.292,0.157
-203471-203501-1627736-1631105-1641709-,D. Schröder - T. Hardaway Jr. - M. Beasley - J. Duren - A. Thompson,1610612765,DET,71.3,128.5,108.1,20.4,98.29,0.578,0.305,0.597,0.681,0.319,0.032,0.114,0.178,0.497,0.597,0.403,0.364,0.516,0.289,0.122
-1628991-1629634-1630217-1630590-1642377-,J. Jackson Jr. - B. Clarke - D. Bane - S. Pippen Jr. - J. Wells,1610612763,MEM,71.1,100.0,109.7,-9.7,106.02,0.538,0.199,0.677,0.618,0.382,0.05,0.145,0.113,0.516,0.677,0.323,0.408,0.541,0.131,0.135
-201569-1626162-1627824-1630178-1642348-,E. Gordon - K. Oubre Jr. - G. Yabusele - T. Maxey - J. Edwards,1610612755,PHI,70.4,109.4,122.0,-12.6,101.92,0.571,0.149,0.594,0.567,0.433,0.061,0.209,0.086,0.466,0.594,0.406,0.293,0.644,0.288,0.207
-1629028-1630166-1630703-1631101-1641739-,D. Ayton - D. Avdija - S. Henderson - S. Sharpe - T. Camara,1610612757,POR,70.4,117.9,112.1,5.8,102.3,0.628,0.242,0.597,0.648,0.352,0.09,0.225,0.157,0.483,0.597,0.403,0.512,0.636,0.195,0.208
-203924-1629014-1630166-1641739-1642270-,J. Grant - A. Simons - D. Avdija - T. Camara - D. Clingan,1610612757,POR,70.3,116.5,81.6,34.8,107.93,0.632,0.331,0.734,0.52,0.48,0.011,0.283,0.152,0.38,0.734,0.266,0.267,0.405,0.229,0.203
-1628384-1628969-1628973-1630173-1630540-,O. Anunoby - M. Bridges - J. Brunson - P. Achiuwa - M. McBride,1610612752,NYK,69.9,108.8,102.7,6.2,101.97,0.554,0.333,0.537,0.524,0.476,0.075,0.081,0.219,0.388,0.537,0.463,0.429,0.531,0.146,0.18
-1628378-1629631-1629660-1630241-1630596-,D. Mitchell - D. Hunter - T. Jerome - S. Merrill - E. Mobley,1610612739,CLE,69.9,117.0,116.9,0.1,107.51,0.613,0.281,0.529,0.541,0.459,0.032,0.134,0.14,0.441,0.529,0.471,0.387,0.532,0.288,0.123
-201569-202331-1626162-1627824-1630178-,E. Gordon - P. George - K. Oubre Jr. - G. Yabusele - T. Maxey,1610612755,PHI,69.9,114.1,115.6,-1.5,97.21,0.634,0.252,0.537,0.539,0.461,0.037,0.105,0.173,0.309,0.537,0.463,0.358,0.542,0.212,0.135
-101108-203084-1630170-1631110-1642264-,C. Paul - H. Barnes - D. Vassell - J. Sochan - S. Castle,1610612759,SAS,69.8,102.7,128.1,-25.4,103.81,0.543,0.209,0.729,0.519,0.481,0.039,0.072,0.085,0.444,0.729,0.271,0.4,0.623,0.116,0.111
-201942-1627734-1628368-1628370-1631165-,D. DeRozan - D. Sabonis - D. Fox - M. Monk - K. Ellis,1610612758,SAC,69.4,130.4,113.1,17.3,104.09,0.658,0.292,0.542,0.592,0.408,0.114,0.119,0.161,0.446,0.542,0.458,0.458,0.558,0.271,0.17
-203501-1627736-1630595-1631105-1641709-,T. Hardaway Jr. - M. Beasley - C. Cunningham - J. Duren - A. Thompson,1610612765,DET,69.4,120.7,109.9,10.8,104.44,0.63,0.221,0.543,0.634,0.366,0.044,0.254,0.133,0.541,0.543,0.457,0.4,0.569,0.293,0.178
-203484-1629048-1630175-1631216-1641783-,K. Caldwell-Pope - G. Bitadze - C. Anthony - C. Houstan - T. da Silva,1610612753,ORL,68.8,99.2,100.0,-0.8,87.54,0.475,0.102,0.615,0.586,0.414,0.11,0.079,0.079,0.504,0.615,0.385,0.348,0.475,0.117,0.171
-1629014-1629028-1630166-1630703-1641739-,A. Simons - D. Ayton - D. Avdija - S. Henderson - T. Camara,1610612757,POR,68.8,112.9,104.9,8.0,101.15,0.559,0.386,0.571,0.669,0.331,0.06,0.157,0.229,0.422,0.571,0.429,0.333,0.586,0.305,0.21
-2544-203076-1629060-1629629-1630559-,L. James - A. Davis - R. Hachimura - C. Reddish - A. Reaves,1610612747,LAL,68.2,107.6,120.8,-13.2,101.78,0.598,0.156,0.767,0.59,0.41,0.064,0.167,0.096,0.436,0.767,0.233,0.413,0.557,0.157,0.132
-1628384-1628969-1628973-1630540-1630579-,O. Anunoby - M. Bridges - J. Brunson - M. McBride - J. Sims,1610612752,NYK,67.4,118.2,94.5,23.7,102.57,0.613,0.232,0.534,0.568,0.432,0.095,0.136,0.148,0.26,0.534,0.466,0.239,0.448,0.266,0.166
-1628389-1629130-1629312-1629639-1631170-,B. Adebayo - D. Robinson - H. Highsmith - T. Herro - J. Jaquez Jr.,1610612748,MIA,66.9,99.2,121.3,-22.0,92.94,0.546,0.161,0.681,0.473,0.527,0.092,0.115,0.137,0.336,0.681,0.319,0.386,0.565,0.146,0.071
-203944-1628978-1629638-1629675-1631169-,J. Randle - D. DiVincenzo - N. Alexander-Walker - N. Reid - J. Minott,1610612750,MIN,66.3,119.2,102.7,16.5,106.1,0.676,0.185,0.787,0.37,0.63,0.0,0.178,0.115,0.333,0.787,0.213,0.262,0.469,0.292,0.129
-201935-202695-1627739-1627826-1627884-,J. Harden - K. Leonard - K. Dunn - I. Zubac - D. Jones Jr.,1610612746,LAC,66.0,124.1,105.6,18.5,103.23,0.662,0.271,0.667,0.619,0.381,0.046,0.126,0.143,0.503,0.667,0.333,0.408,0.573,0.171,0.168
-201566-203999-1629008-1631124-1631128-,R. Westbrook - N. Jokić - M. Porter Jr. - J. Strawther - C. Braun,1610612743,DEN,65.8,134.2,95.9,38.4,106.17,0.639,0.328,0.778,0.716,0.284,0.031,0.143,0.168,0.51,0.778,0.222,0.333,0.5,0.143,0.159
-203484-1628976-1630532-1631094-1641710-,K. Caldwell-Pope - W. Carter Jr. - F. Wagner - P. Banchero - A. Black,1610612753,ORL,65.6,83.7,101.4,-17.7,100.98,0.492,0.284,0.6,0.637,0.363,0.088,0.177,0.212,0.46,0.6,0.4,0.279,0.492,0.213,0.142
-1628970-1630182-1631109-1641733-1642354-,M. Bridges - J. Green - M. Williams - N. Smith Jr. - K. Simpson,1610612766,CHA,65.1,90.8,111.0,-20.2,105.84,0.46,0.177,0.529,0.692,0.308,0.047,0.07,0.155,0.636,0.529,0.471,0.321,0.557,0.144,0.083
-1627832-1628415-1630578-1631095-1641708-,F. VanVleet - D. Brooks - A. Sengun - J. Smith Jr. - A. Thompson,1610612745,HOU,64.4,116.5,86.4,30.1,104.04,0.644,0.327,0.786,0.6,0.4,0.049,0.173,0.173,0.37,0.786,0.214,0.245,0.436,0.284,0.186
-1626157-1628404-1628969-1628973-1630540-,K. Towns - J. Hart - M. Bridges - J. Brunson - M. McBride,1610612752,NYK,64.3,128.2,109.2,19.0,105.99,0.639,0.425,0.5,0.725,0.275,0.11,0.181,0.214,0.429,0.5,0.5,0.311,0.531,0.363,0.162
-1627751-1629628-1630534-1630567-1642266-,J. Poeltl - R. Barrett - O. Agbaji - S. Barnes - J. Walter,1610612761,TOR,63.2,122.8,100.7,22.1,103.98,0.644,0.183,0.727,0.65,0.35,0.048,0.126,0.096,0.515,0.727,0.273,0.362,0.467,0.236,0.13
-1626179-1628389-1629312-1629639-1631107-,T. Rozier - B. Adebayo - H. Highsmith - T. Herro - N. Jović,1610612748,MIA,63.1,107.4,102.3,5.1,101.52,0.55,0.398,0.652,0.487,0.513,0.055,0.199,0.219,0.274,0.652,0.348,0.31,0.488,0.128,0.145
-1627783-1628418-1629614-1630169-1630174-,P. Siakam - T. Bryant - A. Nembhard - T. Haliburton - A. Nesmith,1610612754,IND,63.1,103.8,100.8,3.0,99.32,0.539,0.117,0.667,0.567,0.433,0.059,0.25,0.096,0.382,0.667,0.333,0.357,0.488,0.18,0.162
-201587-201935-203992-1627739-1627826-,N. Batum - J. Harden - B. Bogdanović - K. Dunn - I. Zubac,1610612746,LAC,62.7,125.6,101.6,24.0,96.1,0.651,0.29,0.589,0.626,0.374,0.013,0.025,0.166,0.459,0.589,0.411,0.25,0.523,0.224,0.159
-202685-1628398-1629673-1641731-1642273-,J. Valančiūnas - K. Kuzma - J. Poole - B. Coulibaly - K. George,1610612764,WAS,62.7,87.9,118.5,-30.6,100.36,0.444,0.246,0.658,0.525,0.475,0.034,0.181,0.207,0.345,0.658,0.342,0.395,0.594,0.232,0.138
-201142-203078-1626164-1629626-1630208-,K. Durant - B. Beal - D. Booker - B. Bol - N. Richards,1610612756,PHX,62.5,111.1,123.0,-11.9,105.19,0.625,0.161,0.689,0.616,0.384,0.147,0.1,0.087,0.467,0.689,0.311,0.406,0.588,0.294,0.05
-201935-1626181-1627739-1627826-1629599-,J. Harden - N. Powell - K. Dunn - I. Zubac - A. Coffey,1610612746,LAC,62.1,133.8,91.7,42.2,101.24,0.715,0.266,0.597,0.55,0.45,0.069,0.132,0.144,0.356,0.597,0.403,0.2,0.472,0.292,0.205
-202696-1629632-1630245-1630581-1641824-,N. Vučević - C. White - A. Dosunmu - J. Giddey - M. Buzelis,1610612741,CHI,62.0,96.2,132.8,-36.7,100.98,0.547,0.11,0.809,0.486,0.514,0.064,0.232,0.088,0.368,0.809,0.191,0.491,0.629,0.25,0.107
-201142-1626145-1626164-1629626-1630208-,K. Durant - T. Jones - D. Booker - B. Bol - N. Richards,1610612756,PHX,61.8,134.9,124.6,10.3,97.81,0.685,0.119,0.8,0.534,0.466,0.118,0.094,0.076,0.329,0.8,0.2,0.322,0.553,0.128,0.063
-202699-1627736-1630595-1631093-1631105-,T. Harris - M. Beasley - C. Cunningham - J. Ivey - J. Duren,1610612765,DET,61.8,111.0,95.7,15.4,106.37,0.613,0.294,0.63,0.578,0.422,0.026,0.113,0.159,0.437,0.63,0.37,0.383,0.473,0.295,0.152
-1629640-1630200-1630577-1641705-1642264-,K. Johnson - T. Jones - J. Champagnie - V. Wembanyama - S. Castle,1610612759,SAS,61.6,109.4,95.7,13.6,108.78,0.579,0.322,0.792,0.539,0.461,0.066,0.237,0.191,0.408,0.792,0.208,0.293,0.424,0.198,0.143
-203992-1629631-1630168-1630552-1641723-,B. Bogdanović - D. Hunter - O. Okongwu - J. Johnson - K. Bufkin,1610612737,ATL,61.4,100.7,105.7,-5.0,110.2,0.549,0.237,0.679,0.653,0.347,0.042,0.203,0.168,0.517,0.679,0.321,0.328,0.542,0.193,0.157
-1627732-1629651-1629661-1630553-1641730-,B. Simmons - N. Claxton - C. Johnson - K. Johnson - N. Clowney,1610612751,BKN,61.1,107.2,124.6,-17.4,97.09,0.562,0.211,0.646,0.624,0.376,0.015,0.097,0.149,0.433,0.646,0.354,0.451,0.627,0.226,0.189
-1627751-1629628-1630534-1630567-1641711-,J. Poeltl - R. Barrett - O. Agbaji - S. Barnes - G. Dick,1610612761,TOR,60.7,99.2,115.6,-16.3,105.5,0.578,0.111,0.722,0.574,0.426,0.031,0.206,0.069,0.58,0.722,0.278,0.375,0.551,0.263,0.104
-101108-203084-1628368-1630170-1641705-,C. Paul - H. Barnes - D. Fox - D. Vassell - V. Wembanyama,1610612759,SAS,60.6,115.0,117.6,-2.5,104.6,0.585,0.227,0.754,0.605,0.395,0.183,0.17,0.144,0.34,0.754,0.246,0.379,0.617,0.083,0.153
-203924-1629014-1631101-1641739-1642270-,J. Grant - A. Simons - S. Sharpe - T. Camara - D. Clingan,1610612757,POR,60.5,79.8,108.5,-28.6,102.77,0.428,0.104,0.537,0.539,0.461,0.136,0.136,0.058,0.369,0.537,0.463,0.325,0.568,0.236,0.131
-1628368-1629640-1630577-1631110-1642264-,D. Fox - K. Johnson - J. Champagnie - J. Sochan - S. Castle,1610612759,SAS,60.4,117.7,126.1,-8.3,112.38,0.613,0.15,0.676,0.638,0.362,0.048,0.181,0.078,0.566,0.676,0.324,0.418,0.613,0.219,0.099
-203486-1626145-1626164-1626220-1628960-,M. Plumlee - T. Jones - D. Booker - R. O'Neale - G. Allen,1610612756,PHX,60.3,116.9,120.5,-3.5,102.25,0.608,0.406,0.787,0.406,0.594,0.066,0.099,0.224,0.237,0.787,0.213,0.413,0.601,0.266,0.134
-1627747-1627777-1628386-1629636-1630241-,C. LeVert - G. Niang - J. Allen - D. Garland - S. Merrill,1610612739,CLE,60.2,123.2,121.3,1.9,109.3,0.666,0.342,0.661,0.595,0.405,0.0,0.094,0.165,0.518,0.661,0.339,0.409,0.603,0.259,0.147
-1628970-1629684-1630163-1630182-1641706-,M. Bridges - G. Williams - L. Ball - J. Green - B. Miller,1610612766,CHA,59.9,127.6,133.6,-6.0,101.05,0.715,0.181,0.8,0.429,0.571,0.025,0.204,0.111,0.235,0.8,0.2,0.481,0.712,0.17,0.144
-203924-1630703-1631101-1641739-1642270-,J. Grant - S. Henderson - S. Sharpe - T. Camara - D. Clingan,1610612757,POR,59.6,104.0,115.9,-11.9,101.04,0.56,0.238,0.63,0.552,0.448,0.062,0.185,0.138,0.338,0.63,0.37,0.406,0.553,0.212,0.143
-203484-1629048-1630175-1630532-1631094-,K. Caldwell-Pope - G. Bitadze - C. Anthony - F. Wagner - P. Banchero,1610612753,ORL,59.2,106.5,95.3,11.2,101.32,0.538,0.196,0.596,0.661,0.339,0.092,0.221,0.122,0.534,0.596,0.404,0.259,0.481,0.282,0.189
-1628369-1628401-1628436-1630202-1630573-,J. Tatum - D. White - L. Kornet - P. Pritchard - S. Hauser,1610612738,BOS,58.8,123.6,96.1,27.5,104.43,0.637,0.184,0.579,0.456,0.544,0.089,0.076,0.102,0.293,0.579,0.421,0.375,0.513,0.088,0.132
-203991-1627747-1627777-1629027-1629611-,C. Capela - C. LeVert - G. Niang - T. Young - T. Mann,1610612737,ATL,58.7,107.7,118.0,-10.3,105.46,0.544,0.27,0.66,0.583,0.417,0.057,0.186,0.164,0.543,0.66,0.34,0.407,0.588,0.175,0.148
-201942-202685-203897-1628370-1631099-,D. DeRozan - J. Valančiūnas - Z. LaVine - M. Monk - K. Murray,1610612758,SAC,58.4,114.0,111.2,2.8,101.14,0.637,0.19,0.66,0.69,0.31,0.159,0.058,0.13,0.406,0.66,0.34,0.395,0.552,0.165,0.088
-1628983-1629652-1630198-1631114-1641717-,S. Gilgeous-Alexander - L. Dort - I. Joe - J. Williams - C. Wallace,1610612760,OKC,58.2,118.0,84.7,33.2,106.77,0.589,0.261,0.481,0.548,0.452,0.053,0.225,0.166,0.424,0.481,0.519,0.262,0.421,0.317,0.191
-201567-1626179-1628389-1629312-1629639-,K. Love - T. Rozier - B. Adebayo - H. Highsmith - T. Herro,1610612748,MIA,58.1,97.5,100.8,-3.3,100.41,0.498,0.173,0.578,0.6,0.4,0.034,0.254,0.127,0.508,0.578,0.422,0.354,0.481,0.196,0.148
-1626157-1628969-1628973-1630173-1630540-,K. Towns - M. Bridges - J. Brunson - P. Achiuwa - M. McBride,1610612752,NYK,57.6,105.8,113.3,-7.5,100.0,0.519,0.167,0.647,0.64,0.36,0.11,0.11,0.11,0.52,0.647,0.353,0.436,0.613,0.147,0.142
-202696-1629632-1630172-1630245-1630581-,N. Vučević - C. White - P. Williams - A. Dosunmu - J. Giddey,1610612741,CHI,57.6,112.7,140.7,-28.0,103.75,0.608,0.185,0.792,0.556,0.444,0.056,0.113,0.113,0.408,0.792,0.208,0.5,0.681,0.177,0.122
-203932-203999-1627750-1631124-1631128-,A. Gordon - N. Jokić - J. Murray - J. Strawther - C. Braun,1610612743,DEN,57.3,137.2,110.5,26.7,102.68,0.692,0.324,0.672,0.676,0.324,0.036,0.211,0.193,0.446,0.672,0.328,0.385,0.518,0.214,0.113
-203114-203507-1626171-1629018-1631260-,K. Middleton - G. Antetokounmpo - B. Portis - G. Trent Jr. - A. Green,1610612749,MIL,57.2,128.5,102.5,26.0,101.88,0.654,0.343,0.632,0.619,0.381,0.114,0.108,0.19,0.43,0.632,0.368,0.364,0.505,0.233,0.142
-1630557-1641731-1642259-1642267-1642273-,C. Kispert - B. Coulibaly - A. Sarr - B. Carrington - K. George,1610612764,WAS,57.2,109.3,126.5,-17.2,111.24,0.626,0.214,0.72,0.476,0.524,0.057,0.163,0.135,0.34,0.72,0.28,0.38,0.581,0.373,0.088
-203552-203995-1628970-1630182-1631109-,S. Curry - V. Micić - M. Bridges - J. Green - M. Williams,1610612766,CHA,56.6,107.4,108.4,-1.0,101.82,0.549,0.173,0.694,0.555,0.445,0.046,0.077,0.123,0.462,0.694,0.306,0.309,0.509,0.198,0.134
-203078-203486-1626145-1626164-1626220-,B. Beal - M. Plumlee - T. Jones - D. Booker - R. O'Neale,1610612756,PHX,56.3,106.7,138.6,-31.9,99.36,0.599,0.263,0.721,0.505,0.495,0.031,0.181,0.157,0.315,0.721,0.279,0.444,0.626,0.299,0.096
-201143-201950-204001-1628369-1628401-,A. Horford - J. Holiday - K. Porziņģis - J. Tatum - D. White,1610612738,BOS,56.2,107.3,99.2,8.0,107.19,0.548,0.168,0.729,0.416,0.584,0.03,0.09,0.12,0.376,0.729,0.271,0.319,0.487,0.184,0.11
-204456-1627783-1628418-1641716-1641767-,T. McConnell - P. Siakam - T. Bryant - J. Walker - B. Sheppard,1610612754,IND,56.0,119.3,116.1,3.2,96.94,0.622,0.21,0.66,0.65,0.35,0.147,0.074,0.125,0.441,0.66,0.34,0.425,0.571,0.263,0.116
-1627777-1629027-1630168-1630700-1642258-,G. Niang - T. Young - O. Okongwu - D. Daniels - Z. Risacher,1610612737,ATL,55.8,119.0,109.5,9.5,108.32,0.603,0.083,0.644,0.558,0.442,0.067,0.147,0.053,0.4,0.644,0.356,0.429,0.591,0.242,0.167
-202699-1627736-1630595-1631105-1641709-,T. Harris - M. Beasley - C. Cunningham - J. Duren - A. Thompson,1610612765,DET,55.7,105.1,126.4,-21.3,102.53,0.578,0.172,0.52,0.717,0.283,0.033,0.114,0.106,0.618,0.52,0.48,0.378,0.635,0.34,0.157
-1626179-1629639-1631107-1631170-1642276-,T. Rozier - T. Herro - N. Jović - J. Jaquez Jr. - K. Ware,1610612748,MIA,55.5,109.1,130.6,-21.5,104.72,0.549,0.123,0.731,0.605,0.395,0.03,0.22,0.098,0.53,0.731,0.269,0.453,0.616,0.241,0.091
-201935-202695-203992-1627739-1627826-,J. Harden - K. Leonard - B. Bogdanović - K. Dunn - I. Zubac,1610612746,LAC,55.2,123.4,106.3,17.2,96.87,0.628,0.157,0.673,0.598,0.402,0.044,0.139,0.109,0.584,0.673,0.327,0.389,0.548,0.28,0.161
-202696-203897-1630245-1630581-1641763-,N. Vučević - Z. LaVine - A. Dosunmu - J. Giddey - J. Phillips,1610612741,CHI,55.1,118.9,109.8,9.1,106.67,0.722,0.292,0.66,0.573,0.427,0.069,0.124,0.124,0.372,0.66,0.34,0.273,0.517,0.191,0.065
-1627751-1629628-1630534-1630558-1630567-,J. Poeltl - R. Barrett - O. Agbaji - D. Mitchell - S. Barnes,1610612761,TOR,54.9,110.0,84.2,25.8,102.36,0.618,0.284,0.72,0.684,0.316,0.03,0.136,0.152,0.545,0.72,0.28,0.277,0.437,0.2,0.158
-203114-1629673-1630551-1642259-1642273-,K. Middleton - J. Poole - J. Champagnie - A. Sarr - K. George,1610612764,WAS,54.8,100.8,128.6,-27.7,103.73,0.516,0.178,0.667,0.458,0.542,0.034,0.185,0.118,0.319,0.667,0.333,0.413,0.584,0.143,0.109
-1629640-1630572-1630577-1631104-1642264-,K. Johnson - S. Mamukelashvili - J. Champagnie - B. Wesley - S. Castle,1610612759,SAS,54.6,93.3,134.2,-40.8,105.5,0.493,0.31,0.632,0.55,0.45,0.0,0.098,0.188,0.411,0.632,0.368,0.436,0.636,0.218,0.125
-1626158-1629673-1641731-1642267-1642273-,R. Holmes - J. Poole - B. Coulibaly - B. Carrington - K. George,1610612764,WAS,54.6,107.0,116.5,-9.6,101.19,0.569,0.158,0.708,0.465,0.535,0.033,0.138,0.065,0.439,0.708,0.292,0.435,0.55,0.28,0.157
-202696-1628989-1629632-1630200-1641824-,N. Vučević - K. Huerter - C. White - T. Jones - M. Buzelis,1610612741,CHI,54.5,104.3,114.3,-10.0,104.02,0.592,0.07,0.714,0.49,0.51,0.033,0.156,0.049,0.475,0.714,0.286,0.304,0.548,0.122,0.076
-1628991-1630217-1630590-1641744-1642377-,J. Jackson Jr. - D. Bane - S. Pippen Jr. - Z. Edey - J. Wells,1610612763,MEM,54.4,118.1,97.6,20.5,112.06,0.624,0.28,0.519,0.673,0.327,0.12,0.06,0.173,0.387,0.519,0.481,0.386,0.49,0.243,0.165
-1627759-1628401-1629674-1630202-1630573-,J. Brown - D. White - N. Queta - P. Pritchard - S. Hauser,1610612738,BOS,54.4,136.5,140.0,-3.5,90.05,0.696,0.168,0.691,0.526,0.474,0.099,0.07,0.099,0.423,0.691,0.309,0.419,0.59,0.179,0.07
-203932-203999-1629008-1629618-1631128-,A. Gordon - N. Jokić - M. Porter Jr. - J. Pickett - C. Braun,1610612743,DEN,54.3,136.1,111.8,24.3,96.34,0.654,0.183,0.714,0.596,0.404,0.054,0.122,0.116,0.463,0.714,0.286,0.396,0.557,0.208,0.055
-1630231-1630548-1641729-1642268-1642271-,K. Martin - J. Juzang - B. Sensabaugh - I. Collier - K. Filipowski,1610612762,UTA,54.3,123.1,129.4,-6.3,104.37,0.635,0.181,0.679,0.543,0.457,0.028,0.146,0.118,0.417,0.679,0.321,0.4,0.588,0.219,0.084
-1626167-1627783-1629614-1630174-1631097-,M. Turner - P. Siakam - A. Nembhard - A. Nesmith - B. Mathurin,1610612754,IND,54.1,105.8,95.8,10.0,106.01,0.587,0.316,0.574,0.674,0.326,0.142,0.142,0.197,0.472,0.574,0.426,0.296,0.441,0.11,0.118
-202681-202691-1629029-1629655-1630230-,K. Irving - K. Thompson - L. Dončić - D. Gafford - N. Marshall,1610612742,DAL,54.1,116.9,113.6,3.4,104.74,0.65,0.24,0.577,0.563,0.438,0.058,0.217,0.13,0.464,0.577,0.423,0.286,0.544,0.123,0.068
-202331-203954-1626162-1628997-1630178-,P. George - J. Embiid - K. Oubre Jr. - C. Martin - T. Maxey,1610612755,PHI,53.9,101.7,107.7,-6.0,104.23,0.561,0.348,0.658,0.576,0.424,0.067,0.151,0.261,0.37,0.658,0.342,0.413,0.575,0.14,0.256
-1628415-1630224-1630578-1631095-1631106-,D. Brooks - J. Green - A. Sengun - J. Smith Jr. - T. Eason,1610612745,HOU,53.9,94.9,103.4,-8.6,103.8,0.551,0.217,0.535,0.674,0.326,0.072,0.117,0.135,0.523,0.535,0.465,0.455,0.559,0.245,0.138
-204456-1627783-1628418-1631097-1641767-,T. McConnell - P. Siakam - T. Bryant - B. Mathurin - B. Sheppard,1610612754,IND,53.8,116.9,101.6,15.3,109.73,0.619,0.215,0.685,0.607,0.393,0.097,0.2,0.138,0.414,0.685,0.315,0.409,0.53,0.22,0.156
-201143-201950-1628369-1628401-1629674-,A. Horford - J. Holiday - J. Tatum - D. White - N. Queta,1610612738,BOS,53.8,129.9,101.9,28.1,95.93,0.647,0.17,0.588,0.45,0.55,0.014,0.144,0.108,0.403,0.588,0.412,0.279,0.481,0.104,0.139
-201587-1627739-1627826-1629599-1629645-,N. Batum - K. Dunn - I. Zubac - A. Coffey - K. Porter Jr.,1610612746,LAC,53.6,106.3,95.6,10.7,100.36,0.572,0.05,0.647,0.703,0.297,0.068,0.237,0.025,0.576,0.647,0.353,0.375,0.522,0.141,0.177
-203484-1629048-1630532-1631094-1641710-,K. Caldwell-Pope - G. Bitadze - F. Wagner - P. Banchero - A. Black,1610612753,ORL,53.5,96.4,116.7,-20.2,98.61,0.513,0.196,0.465,0.701,0.299,0.185,0.139,0.12,0.444,0.465,0.535,0.293,0.574,0.234,0.13
-201572-203081-203507-1629018-1631260-,B. Lopez - D. Lillard - G. Antetokounmpo - G. Trent Jr. - A. Green,1610612749,MIL,53.5,118.3,102.6,15.7,103.58,0.641,0.348,0.646,0.543,0.457,0.059,0.11,0.162,0.382,0.646,0.354,0.298,0.468,0.153,0.095
-201566-203932-203999-1631128-1631212-,R. Westbrook - A. Gordon - N. Jokić - C. Braun - P. Watson,1610612743,DEN,53.5,121.7,114.7,7.1,103.64,0.698,0.44,0.7,0.667,0.333,0.043,0.179,0.2,0.5,0.7,0.3,0.354,0.571,0.283,0.121
-201142-203486-1626145-1626220-1628960-,K. Durant - M. Plumlee - T. Jones - R. O'Neale - G. Allen,1610612756,PHX,53.5,140.4,103.4,36.9,103.21,0.782,0.226,0.672,0.473,0.527,0.038,0.1,0.106,0.35,0.672,0.328,0.238,0.524,0.146,0.095
-203114-1641731-1642259-1642267-1642273-,K. Middleton - B. Coulibaly - A. Sarr - B. Carrington - K. George,1610612764,WAS,53.4,113.7,109.5,4.2,104.75,0.601,0.24,0.745,0.56,0.44,0.06,0.256,0.165,0.391,0.745,0.255,0.435,0.602,0.068,0.172
-202685-1630557-1641731-1642267-1642273-,J. Valančiūnas - C. Kispert - B. Coulibaly - C. Carrington - K. George,1610612764,WAS,53.1,109.7,128.6,-18.8,101.76,0.647,0.321,0.659,0.571,0.429,0.081,0.129,0.177,0.403,0.659,0.341,0.474,0.64,0.19,0.098
-1628983-1629652-1630198-1631096-1631114-,S. Gilgeous-Alexander - L. Dort - I. Joe - C. Holmgren - J. Williams,1610612760,OKC,53.0,120.5,115.8,4.7,102.3,0.59,0.179,0.784,0.519,0.481,0.089,0.178,0.119,0.415,0.784,0.216,0.41,0.615,0.146,0.149
-1626168-1627734-1628370-1628989-1631165-,T. Lyles - D. Sabonis - M. Monk - K. Huerter - K. Ellis,1610612758,SAC,52.9,116.4,123.5,-7.1,102.05,0.562,0.17,0.826,0.462,0.538,0.031,0.156,0.125,0.375,0.826,0.174,0.405,0.621,0.212,0.157
-1629673-1630557-1641731-1642259-1642273-,J. Poole - C. Kispert - B. Coulibaly - A. Sarr - K. George,1610612764,WAS,52.9,115.1,105.0,10.1,111.7,0.652,0.306,0.627,0.592,0.408,0.014,0.152,0.172,0.441,0.627,0.373,0.281,0.476,0.274,0.117
-201939-1626172-1627741-1627780-1630228-,S. Curry - K. Looney - B. Hield - G. Payton II - J. Kuminga,1610612744,GSW,52.6,119.5,98.3,21.2,106.77,0.605,0.226,0.679,0.538,0.462,0.071,0.163,0.092,0.369,0.679,0.321,0.268,0.473,0.33,0.181
-201142-203078-203486-1626164-1628960-,K. Durant - B. Beal - M. Plumlee - D. Booker - G. Allen,1610612756,PHX,52.5,120.5,122.5,-2.0,104.21,0.692,0.419,0.694,0.581,0.419,0.099,0.128,0.199,0.383,0.694,0.306,0.462,0.602,0.312,0.099
-1630166-1630703-1631101-1641739-1641871-,D. Avdija - S. Henderson - S. Sharpe - T. Camara - D. Reath,1610612757,POR,52.3,129.7,122.8,6.9,106.5,0.66,0.26,0.607,0.558,0.442,0.026,0.092,0.137,0.444,0.607,0.393,0.485,0.69,0.241,0.158
-1627751-1630534-1630558-1630567-1641711-,J. Poeltl - O. Agbaji - D. Mitchell - S. Barnes - G. Dick,1610612761,TOR,52.3,105.7,109.0,-3.3,99.62,0.552,0.181,0.619,0.649,0.351,0.071,0.232,0.125,0.429,0.619,0.381,0.304,0.505,0.429,0.117
-202696-1628366-1629632-1630245-1630581-,N. Vučević - L. Ball - C. White - A. Dosunmu - J. Giddey,1610612741,CHI,52.0,105.3,123.0,-17.7,104.7,0.562,0.129,0.628,0.475,0.525,0.033,0.133,0.1,0.317,0.628,0.372,0.333,0.617,0.084,0.106
-201142-203078-1626164-1626220-1630208-,K. Durant - B. Beal - D. Booker - R. O'Neale - N. Richards,1610612756,PHX,52.0,112.7,103.6,9.1,101.97,0.581,0.204,0.563,0.673,0.327,0.145,0.089,0.137,0.452,0.563,0.438,0.372,0.505,0.192,0.144
-202699-203501-1627736-1631093-1631105-,T. Harris - T. Hardaway Jr. - M. Beasley - J. Ivey - J. Duren,1610612765,DET,52.0,103.8,124.5,-20.7,96.06,0.559,0.299,0.641,0.586,0.414,0.073,0.118,0.182,0.418,0.641,0.359,0.39,0.583,0.068,0.118
-1628374-1628381-1629012-1641718-1642271-,L. Markkanen - J. Collins - C. Sexton - K. George - K. Filipowski,1610612762,UTA,51.9,117.3,127.3,-10.0,101.77,0.635,0.264,0.652,0.538,0.462,0.016,0.202,0.147,0.419,0.652,0.348,0.447,0.661,0.333,0.155
-201143-1627759-1628369-1628401-1628436-,A. Horford - J. Brown - J. Tatum - D. White - L. Kornet,1610612738,BOS,50.9,123.8,101.9,21.8,96.61,0.63,0.151,0.542,0.538,0.462,0.016,0.08,0.08,0.448,0.542,0.458,0.308,0.505,0.187,0.106
-202696-203897-1630172-1630245-1630581-,N. Vučević - Z. LaVine - P. Williams - A. Dosunmu - J. Giddey,1610612741,CHI,50.8,102.5,110.1,-7.6,112.95,0.585,0.242,0.644,0.589,0.411,0.065,0.179,0.138,0.407,0.644,0.356,0.324,0.559,0.218,0.168
-201142-1626145-1626164-1626220-1630208-,K. Durant - T. Jones - D. Booker - R. O'Neale - N. Richards,1610612756,PHX,50.8,105.7,132.4,-26.7,98.33,0.576,0.154,0.756,0.571,0.429,0.143,0.054,0.116,0.286,0.756,0.244,0.463,0.691,0.157,0.108
-1629022-1629656-1630215-1630542-1641737-,L. Walker IV - Q. Grimes - J. Butler - M. Bagley - A. Bona,1610612755,PHI,50.7,111.8,113.6,-1.8,104.21,0.607,0.228,0.543,0.565,0.435,0.033,0.179,0.13,0.472,0.543,0.457,0.417,0.538,0.143,0.164
-203924-1629028-1630703-1631101-1641739-,J. Grant - D. Ayton - S. Henderson - S. Sharpe - T. Camara,1610612757,POR,50.6,109.8,102.8,7.0,103.4,0.583,0.277,0.659,0.66,0.34,0.146,0.114,0.195,0.39,0.659,0.341,0.222,0.512,0.451,0.123
