CLOSE_DEF_PERSON_ID,PLAYER_NAME,PLAYER_LAST_TEAM_ID,PLAYER_LAST_TEAM_ABBREVIATION,PLAYER_POSITION,AGE,GP,G,FREQ,D_FGM,D_FGA,D_FG_PCT,NORMAL_FG_PCT,PCT_PLUSMINUS
201572,Brook Lopez,1610612749,MIL,C,37.0,80,80,1.0,711,1523,0.467,0.488,-0.021
1627826,Ivica Zubac,1610612746,LAC,C,28.0,80,80,1.0,669,1461,0.458,0.49,-0.032
203999,Nikola Jokić,1610612743,DEN,C,30.0,70,70,1.0,703,1436,0.49,0.494,-0.005
1630578,Alperen Sengun,1610612745,HOU,C,22.0,76,76,1.0,636,1350,0.471,0.484,-0.013
202696,Nikola Vučević,1610612741,CHI,C,34.0,73,73,1.0,620,1306,0.475,0.493,-0.018
203497,Rudy Gobert,1610612750,MIN,C,32.0,72,72,1.0,587,1281,0.458,0.49,-0.032
1630596,Evan Mobley,1610612739,CLE,C,23.0,71,71,1.0,542,1218,0.445,0.476,-0.031
1628386,Jarrett Allen,1610612739,CLE,C,27.0,81,81,1.0,567,1209,0.469,0.488,-0.019
1626157,Karl-Anthony Towns,1610612752,NYK,C-F,29.0,71,71,1.0,609,1196,0.509,0.484,0.025
1627734,Domantas Sabonis,1610612758,SAC,F-C,29.0,70,70,1.0,595,1192,0.499,0.494,0.005
1642259,Alex Sarr,1610612764,WAS,C,20.0,67,67,1.0,602,1186,0.508,0.498,0.01
1628404,Josh Hart,1610612752,NYK,G,30.0,76,76,1.0,569,1175,0.484,0.464,0.02
1627783,Pascal Siakam,1610612754,IND,F,31.0,78,78,1.0,531,1147,0.463,0.469,-0.006
1631117,Walker Kessler,1610612762,UTA,C,23.0,58,58,1.0,501,1144,0.438,0.488,-0.05
1630700,Dyson Daniels,1610612737,ATL,G,22.0,76,76,1.0,555,1143,0.486,0.469,0.017
1630559,Austin Reaves,1610612747,LAL,G,27.0,72,72,1.0,553,1122,0.493,0.459,0.034
1630183,Jaden McDaniels,1610612750,MIN,F,24.0,82,82,1.0,512,1113,0.46,0.463,-0.003
1627750,Jamal Murray,1610612743,DEN,G,28.0,67,67,1.0,526,1103,0.477,0.462,0.015
1642274,Yves Missi,1610612740,NOP,C,21.0,73,73,1.0,571,1090,0.524,0.492,0.032
1626167,Myles Turner,1610612754,IND,C-F,29.0,72,72,1.0,522,1075,0.486,0.492,-0.007
1628415,Dillon Brooks,1610612745,HOU,G-F,29.0,75,75,1.0,500,1068,0.468,0.469,-0.001
1631105,Jalen Duren,1610612765,DET,C,21.0,78,78,1.0,528,1058,0.499,0.49,0.009
1628401,Derrick White,1610612738,BOS,G,30.0,76,76,1.0,463,1053,0.44,0.46,-0.02
1631099,Keegan Murray,1610612758,SAC,F,24.0,76,76,1.0,471,1047,0.45,0.466,-0.017
1628969,Mikal Bridges,1610612752,NYK,G-F,28.0,80,80,1.0,483,1040,0.464,0.456,0.009
1630595,Cade Cunningham,1610612765,DET,G,23.0,70,70,1.0,458,1039,0.441,0.464,-0.023
201935,James Harden,1610612746,LAC,G,35.0,79,79,1.0,490,1034,0.474,0.468,0.006
1628389,Bam Adebayo,1610612748,MIA,C-F,27.0,78,78,1.0,486,1025,0.474,0.49,-0.016
1641739,Toumani Camara,1610612757,POR,F,25.0,78,78,1.0,497,1013,0.491,0.471,0.02
1628384,OG Anunoby,1610612752,NYK,F-G,27.0,73,73,1.0,450,1005,0.448,0.465,-0.017
1630168,Onyeka Okongwu,1610612737,ATL,F-C,24.0,74,74,1.0,503,998,0.504,0.491,0.013
1631128,Christian Braun,1610612743,DEN,G,24.0,79,79,1.0,476,989,0.481,0.461,0.02
1630581,Josh Giddey,1610612741,CHI,G,22.0,70,70,1.0,471,987,0.477,0.467,0.01
203110,Draymond Green,1610612744,GSW,F,35.0,68,68,1.0,425,982,0.433,0.48,-0.047
203897,Zach LaVine,1610612758,SAC,G,30.0,74,74,1.0,438,966,0.453,0.461,-0.008
1628991,Jaren Jackson Jr.,1610612763,MEM,F-C,25.0,73,73,1.0,398,951,0.419,0.48,-0.062
1628983,Shai Gilgeous-Alexander,1610612760,OKC,G,26.0,76,76,1.0,419,949,0.442,0.467,-0.025
1629675,Naz Reid,1610612750,MIN,C-F,25.0,80,80,1.0,430,948,0.454,0.476,-0.022
1642273,Kyshawn George,1610612764,WAS,F,21.0,67,67,1.0,392,927,0.423,0.465,-0.042
1630224,Jalen Green,1610612745,HOU,G,23.0,82,82,1.0,435,925,0.47,0.46,0.011
1629639,Tyler Herro,1610612748,MIA,G,25.0,77,77,1.0,449,925,0.485,0.455,0.031
1628368,De'Aaron Fox,1610612759,SAS,G,27.0,62,62,1.0,439,923,0.476,0.459,0.016
1626164,Devin Booker,1610612756,PHX,G,28.0,75,75,1.0,454,920,0.493,0.462,0.031
1630166,Deni Avdija,1610612757,POR,F,24.0,72,72,1.0,443,913,0.485,0.473,0.012
1627751,Jakob Poeltl,1610612761,TOR,C,29.0,57,57,1.0,439,910,0.482,0.495,-0.012
1642270,Donovan Clingan,1610612757,POR,C,21.0,67,67,1.0,390,910,0.429,0.486,-0.057
1630162,Anthony Edwards,1610612750,MIN,G,23.0,79,79,1.0,418,907,0.461,0.468,-0.007
1629027,Trae Young,1610612737,ATL,G,26.0,76,76,1.0,436,903,0.483,0.449,0.033
1642264,Stephon Castle,1610612759,SAS,G,20.0,81,81,1.0,432,902,0.479,0.463,0.016
203944,Julius Randle,1610612750,MIN,F-C,30.0,69,69,1.0,411,894,0.46,0.478,-0.018
1631165,Keon Ellis,1610612758,SAC,G,25.0,79,79,1.0,426,887,0.48,0.46,0.021
202685,Jonas Valančiūnas,1610612758,SAC,C,33.0,81,81,1.0,465,882,0.527,0.502,0.025
1630577,Julian Champagnie,1610612759,SAS,F,23.0,82,82,1.0,420,876,0.479,0.459,0.02
1630567,Scottie Barnes,1610612761,TOR,F-G,23.0,65,65,1.0,399,874,0.457,0.473,-0.017
1641744,Zach Edey,1610612763,MEM,C,23.0,65,65,1.0,411,873,0.471,0.49,-0.019
202699,Tobias Harris,1610612765,DET,F,32.0,73,73,1.0,414,871,0.475,0.469,0.007
1629632,Coby White,1610612741,CHI,G,25.0,74,74,1.0,430,868,0.495,0.456,0.04
1630169,Tyrese Haliburton,1610612754,IND,G,25.0,73,73,1.0,409,867,0.472,0.449,0.023
1631108,Max Christie,1610612742,DAL,G,22.0,76,76,1.0,408,862,0.473,0.463,0.011
1629312,Haywood Highsmith,1610612748,MIA,F,28.0,74,74,1.0,406,857,0.474,0.457,0.017
1629008,Michael Porter Jr.,1610612743,DEN,F,26.0,77,77,1.0,411,853,0.482,0.468,0.014
1628392,Isaiah Hartenstein,1610612760,OKC,C-F,27.0,57,57,1.0,395,852,0.464,0.488,-0.025
203084,Harrison Barnes,1610612759,SAS,F,33.0,82,82,1.0,429,851,0.504,0.475,0.029
201942,DeMar DeRozan,1610612758,SAC,G-F,35.0,77,77,1.0,425,850,0.5,0.471,0.029
1641705,Victor Wembanyama,1610612759,SAS,F-C,21.0,46,46,1.0,362,848,0.427,0.494,-0.067
1628436,Luke Kornet,1610612738,BOS,C-F,29.0,71,71,1.0,371,843,0.44,0.472,-0.032
1629651,Nic Claxton,1610612751,BKN,C,26.0,70,70,1.0,419,841,0.498,0.489,0.009
101108,Chris Paul,1610612759,SAS,G,40.0,82,82,1.0,405,834,0.486,0.462,0.023
1629655,Daniel Gafford,1610612742,DAL,F-C,26.0,57,57,1.0,380,834,0.456,0.482,-0.027
1642267,Bub Carrington,1610612764,WAS,G,19.0,82,82,1.0,405,833,0.486,0.457,0.029
203076,Anthony Davis,1610612742,DAL,F-C,32.0,50,50,1.0,366,828,0.442,0.487,-0.045
1642258,Zaccharie Risacher,1610612737,ATL,F,20.0,75,75,1.0,410,826,0.496,0.461,0.035
1629638,Nickeil Alexander-Walker,1610612750,MIN,G,26.0,82,82,1.0,399,825,0.484,0.458,0.026
1641718,Keyonte George,1610612762,UTA,G,21.0,67,67,1.0,418,825,0.507,0.462,0.045
1630208,Nick Richards,1610612756,PHX,C,27.0,57,57,1.0,404,817,0.494,0.493,0.001
1629014,Anfernee Simons,1610612757,POR,G,25.0,70,70,1.0,412,815,0.506,0.462,0.044
1629636,Darius Garland,1610612739,CLE,G,25.0,75,75,1.0,377,809,0.466,0.454,0.012
1631097,Bennedict Mathurin,1610612754,IND,G-F,22.0,72,72,1.0,404,807,0.501,0.458,0.043
1641717,Cason Wallace,1610612760,OKC,G,21.0,68,68,1.0,378,807,0.468,0.457,0.012
1626162,Kelly Oubre Jr.,1610612755,PHI,F-G,29.0,60,60,1.0,388,807,0.481,0.466,0.015
1642271,Kyle Filipowski,1610612762,UTA,C,21.0,72,72,1.0,420,800,0.525,0.477,0.048
1629023,P.J. Washington,1610612742,DAL,F,26.0,57,57,1.0,401,799,0.502,0.475,0.027
1630191,Isaiah Stewart,1610612765,DET,F-C,24.0,72,72,1.0,346,798,0.434,0.486,-0.053
1628970,Miles Bridges,1610612766,CHA,F,27.0,63,63,1.0,336,797,0.422,0.475,-0.054
1630598,Aaron Wiggins,1610612760,OKC,G,26.0,76,76,1.0,374,794,0.471,0.456,0.015
1627824,Guerschon Yabusele,1610612755,PHI,F,29.0,70,70,1.0,413,793,0.521,0.48,0.04
201143,Al Horford,1610612738,BOS,C-F,39.0,60,60,1.0,357,791,0.451,0.481,-0.029
1627741,Buddy Hield,1610612744,GSW,G,32.0,82,82,1.0,381,788,0.484,0.463,0.02
203507,Giannis Antetokounmpo,1610612749,MIL,F,30.0,67,67,1.0,357,788,0.453,0.48,-0.027
1628973,Jalen Brunson,1610612752,NYK,G,28.0,64,64,1.0,381,782,0.487,0.455,0.032
203952,Andrew Wiggins,1610612748,MIA,F,30.0,60,60,1.0,349,778,0.449,0.466,-0.017
1629614,Andrew Nembhard,1610612754,IND,G-F,25.0,65,65,1.0,364,776,0.469,0.456,0.013
203471,Dennis Schröder,1610612765,DET,G,31.0,75,75,1.0,373,774,0.482,0.461,0.021
1642377,Jaylen Wells,1610612763,MEM,F,21.0,78,78,1.0,348,771,0.451,0.462,-0.011
201142,Kevin Durant,1610612756,PHX,F,36.0,62,62,1.0,316,768,0.411,0.469,-0.057
203915,Spencer Dinwiddie,1610612742,DAL,G,32.0,78,78,1.0,358,762,0.47,0.46,0.01
2544,LeBron James,1610612747,LAL,F,40.0,69,69,1.0,339,760,0.446,0.47,-0.024
201950,Jrue Holiday,1610612738,BOS,G,34.0,62,62,1.0,337,759,0.444,0.465,-0.021
1629048,Goga Bitadze,1610612753,ORL,C-F,25.0,69,69,1.0,341,758,0.45,0.485,-0.035
1628976,Wendell Carter Jr.,1610612753,ORL,C-F,26.0,68,68,1.0,349,756,0.462,0.488,-0.027
1630553,Keon Johnson,1610612751,BKN,G,23.0,78,78,1.0,385,754,0.511,0.46,0.05
1631109,Mark Williams,1610612766,CHA,C,23.0,43,43,1.0,368,752,0.489,0.492,-0.003
1629029,Luka Dončić,1610612747,LAL,F-G,26.0,50,50,1.0,348,751,0.463,0.464,-0.001
1631260,AJ Green,1610612749,MIL,G,25.0,72,72,1.0,344,751,0.458,0.457,0.001
1630558,Davion Mitchell,1610612748,MIA,G,26.0,73,73,1.0,343,750,0.457,0.462,-0.004
1629652,Luguentz Dort,1610612760,OKC,G,26.0,71,71,1.0,314,750,0.419,0.462,-0.043
1627752,Taurean Prince,1610612749,MIL,F,31.0,80,80,1.0,354,749,0.473,0.465,0.007
1631212,Peyton Watson,1610612743,DEN,G,22.0,68,68,1.0,328,749,0.438,0.466,-0.028
203486,Mason Plumlee,1610612756,PHX,F-C,35.0,74,74,1.0,379,749,0.506,0.493,0.013
203501,Tim Hardaway Jr.,1610612765,DET,G-F,33.0,76,76,1.0,353,746,0.473,0.46,0.013
1630530,Trey Murphy III,1610612740,NOP,F,24.0,52,52,1.0,384,745,0.515,0.473,0.042
1630202,Payton Pritchard,1610612738,BOS,G,27.0,80,80,1.0,329,741,0.444,0.456,-0.012
1627759,Jaylen Brown,1610612738,BOS,G-F,28.0,63,63,1.0,347,739,0.47,0.47,0.0
1641708,Amen Thompson,1610612745,HOU,G-F,22.0,69,69,1.0,297,729,0.407,0.462,-0.055
1642276,Kel'el Ware,1610612748,MIA,C,21.0,63,63,1.0,350,728,0.481,0.491,-0.01
1626220,Royce O'Neale,1610612756,PHX,F,31.0,75,75,1.0,341,726,0.47,0.469,0.001
1629656,Quentin Grimes,1610612755,PHI,G,25.0,75,75,1.0,329,724,0.454,0.461,-0.007
1627777,Georges Niang,1610612737,ATL,F,31.0,79,79,1.0,356,723,0.492,0.471,0.022
1630583,Santi Aldama,1610612763,MEM,F-C,24.0,64,64,1.0,326,723,0.451,0.471,-0.02
1627832,Fred VanVleet,1610612745,HOU,G,31.0,60,60,1.0,333,722,0.461,0.46,0.001
1641824,Matas Buzelis,1610612741,CHI,F,20.0,77,77,1.0,331,720,0.46,0.466,-0.007
1642268,Isaiah Collier,1610612762,UTA,G,20.0,71,71,1.0,365,718,0.508,0.456,0.052
203468,CJ McCollum,1610612740,NOP,G,33.0,56,56,1.0,328,717,0.457,0.461,-0.004
1631101,Shaedon Sharpe,1610612757,POR,G,22.0,72,72,1.0,351,716,0.49,0.464,0.027
1641710,Anthony Black,1610612753,ORL,G,21.0,78,78,1.0,323,714,0.452,0.456,-0.003
1628989,Kevin Huerter,1610612741,CHI,G-F,26.0,69,69,1.0,315,713,0.442,0.459,-0.018
1629628,RJ Barrett,1610612761,TOR,F-G,24.0,58,58,1.0,343,711,0.482,0.464,0.018
203078,Bradley Beal,1610612756,PHX,G,31.0,53,53,1.0,334,711,0.47,0.458,0.012
1628370,Malik Monk,1610612758,SAC,G,27.0,65,65,1.0,328,710,0.462,0.455,0.007
1630217,Desmond Bane,1610612763,MEM,G,26.0,68,68,1.0,308,709,0.434,0.462,-0.028
1627827,Dorian Finney-Smith,1610612747,LAL,F,32.0,62,62,1.0,318,708,0.449,0.476,-0.027
1628369,Jayson Tatum,1610612738,BOS,F-G,27.0,72,72,1.0,336,708,0.475,0.473,0.001
203081,Damian Lillard,1610612749,MIL,G,34.0,58,58,1.0,326,707,0.461,0.457,0.004
1630590,Scotty Pippen Jr.,1610612763,MEM,G,24.0,77,77,1.0,322,705,0.457,0.451,0.006
1630230,Naji Marshall,1610612742,DAL,F,27.0,69,69,1.0,329,704,0.467,0.465,0.002
1628398,Kyle Kuzma,1610612749,MIL,F,29.0,65,65,1.0,307,700,0.439,0.471,-0.032
1626145,Tyus Jones,1610612756,PHX,G,29.0,81,81,1.0,335,700,0.479,0.453,0.025
1627736,Malik Beasley,1610612765,DET,G,28.0,82,82,1.0,340,691,0.492,0.458,0.034
204001,Kristaps Porziņģis,1610612738,BOS,F-C,29.0,42,42,1.0,287,683,0.42,0.482,-0.062
1629640,Keldon Johnson,1610612759,SAS,F-G,25.0,77,77,1.0,334,681,0.49,0.473,0.017
1629060,Rui Hachimura,1610612747,LAL,F,27.0,59,59,1.0,310,680,0.456,0.472,-0.016
1631114,Jalen Williams,1610612760,OKC,G-F,24.0,69,69,1.0,282,677,0.417,0.469,-0.052
1630534,Ochai Agbaji,1610612761,TOR,G,25.0,64,64,1.0,296,676,0.438,0.463,-0.025
1627739,Kris Dunn,1610612746,LAC,G,31.0,74,74,1.0,292,674,0.433,0.462,-0.029
1630592,Jalen Wilson,1610612751,BKN,F,24.0,79,79,1.0,327,671,0.487,0.464,0.023
1630703,Scoot Henderson,1610612757,POR,G,21.0,66,66,1.0,334,670,0.499,0.464,0.035
1631110,Jeremy Sochan,1610612759,SAS,F,22.0,54,54,1.0,307,665,0.462,0.47,-0.009
203484,Kentavious Caldwell-Pope,1610612753,ORL,G,32.0,77,77,1.0,330,664,0.497,0.463,0.034
1641731,Bilal Coulibaly,1610612764,WAS,G,20.0,59,59,1.0,294,662,0.444,0.462,-0.018
1627884,Derrick Jones Jr.,1610612746,LAC,F,28.0,77,77,1.0,306,659,0.464,0.463,0.002
201939,Stephen Curry,1610612744,GSW,G,37.0,70,70,1.0,296,658,0.45,0.46,-0.01
1630170,Devin Vassell,1610612759,SAS,G-F,24.0,64,64,1.0,323,651,0.496,0.467,0.029
1627747,Caris LeVert,1610612737,ATL,G,30.0,64,64,1.0,284,650,0.437,0.459,-0.022
1629645,Kevin Porter Jr.,1610612749,MIL,G-F,25.0,75,75,1.0,307,647,0.474,0.462,0.013
1642346,Ryan Dunn,1610612756,PHX,F,22.0,72,72,1.0,288,646,0.446,0.461,-0.015
1630182,Josh Green,1610612766,CHA,G,24.0,67,67,1.0,316,645,0.49,0.461,0.029
1626172,Kevon Looney,1610612744,GSW,F,29.0,76,76,1.0,282,644,0.438,0.484,-0.047
1631170,Jaime Jaquez Jr.,1610612748,MIA,G,24.0,65,65,1.0,266,643,0.414,0.46,-0.046
1626156,D'Angelo Russell,1610612751,BKN,G,29.0,58,58,1.0,311,641,0.485,0.461,0.024
1631217,Moussa Diabaté,1610612766,CHA,F,23.0,67,67,1.0,306,640,0.478,0.478,0.001
1629661,Cameron Johnson,1610612751,BKN,F,29.0,57,57,1.0,296,637,0.465,0.469,-0.004
1629631,De'Andre Hunter,1610612739,CLE,F-G,27.0,64,64,1.0,287,636,0.451,0.467,-0.016
1628378,Donovan Mitchell,1610612739,CLE,G,28.0,71,71,1.0,280,632,0.443,0.462,-0.019
1629673,Jordan Poole,1610612764,WAS,G,25.0,68,68,1.0,329,630,0.522,0.459,0.063
202691,Klay Thompson,1610612742,DAL,G,35.0,72,72,1.0,290,629,0.461,0.462,-0.001
1630533,Ziaire Williams,1610612751,BKN,F,23.0,63,63,1.0,299,629,0.475,0.457,0.018
1630540,Miles McBride,1610612752,NYK,G,24.0,63,63,1.0,277,626,0.442,0.454,-0.011
1630178,Tyrese Maxey,1610612755,PHI,G,24.0,52,52,1.0,284,626,0.454,0.458,-0.004
1626171,Bobby Portis,1610612749,MIL,F,30.0,49,49,1.0,281,625,0.45,0.471,-0.022
1631095,Jabari Smith Jr.,1610612745,HOU,F,22.0,57,57,1.0,294,622,0.473,0.463,0.01
1630172,Patrick Williams,1610612741,CHI,F,23.0,63,63,1.0,319,619,0.515,0.472,0.043
1626168,Trey Lyles,1610612758,SAC,F,29.0,68,68,1.0,303,617,0.491,0.475,0.016
1630551,Justin Champagnie,1610612764,WAS,G-F,23.0,58,58,1.0,266,617,0.431,0.463,-0.032
1641764,Brandin Podziemski,1610612744,GSW,G,22.0,63,63,1.0,305,616,0.495,0.462,0.033
1630532,Franz Wagner,1610612753,ORL,F,23.0,60,60,1.0,293,614,0.477,0.466,0.011
201144,Mike Conley,1610612750,MIN,G,37.0,71,71,1.0,295,610,0.484,0.46,0.024
1630541,Moses Moody,1610612744,GSW,G,23.0,74,74,1.0,290,608,0.477,0.461,0.016
1631094,Paolo Banchero,1610612753,ORL,F,22.0,46,46,1.0,270,605,0.446,0.471,-0.024
1629018,Gary Trent Jr.,1610612749,MIL,G,26.0,73,73,1.0,297,603,0.493,0.458,0.035
201566,Russell Westbrook,1610612743,DEN,G,36.0,75,75,1.0,278,601,0.463,0.462,0.0
202710,Jimmy Butler III,1610612744,GSW,F,35.0,55,55,1.0,285,598,0.477,0.466,0.011
1629216,Gabe Vincent,1610612747,LAL,G,28.0,72,72,1.0,268,596,0.45,0.459,-0.009
1626179,Terry Rozier,1610612748,MIA,G,31.0,63,63,1.0,291,596,0.488,0.454,0.034
1642367,Jonathan Mogbo,1610612761,TOR,F,23.0,62,62,1.0,278,594,0.468,0.466,0.002
1628380,Zach Collins,1610612741,CHI,F-C,27.0,63,63,1.0,261,591,0.442,0.486,-0.044
1629028,Deandre Ayton,1610612757,POR,C,26.0,40,40,1.0,282,591,0.477,0.49,-0.013
1630167,Obi Toppin,1610612754,IND,F,27.0,79,79,1.0,289,579,0.499,0.473,0.026
203932,Aaron Gordon,1610612743,DEN,F,29.0,51,51,1.0,277,579,0.478,0.477,0.001
1629130,Duncan Robinson,1610612748,MIA,F,31.0,74,74,1.0,271,579,0.468,0.458,0.01
203994,Jusuf Nurkić,1610612766,CHA,C,30.0,51,51,1.0,273,576,0.474,0.496,-0.022
1630198,Isaiah Joe,1610612760,OKC,G,25.0,74,74,1.0,265,573,0.462,0.461,0.001
1631222,Jake LaRavia,1610612758,SAC,F,23.0,66,66,1.0,280,571,0.49,0.458,0.032
1641722,Jordan Hawkins,1610612740,NOP,G,23.0,55,55,1.0,272,571,0.476,0.46,0.016
1641711,Gradey Dick,1610612761,TOR,G-F,21.0,54,54,1.0,284,569,0.499,0.464,0.035
1629622,Max Strus,1610612739,CLE,G-F,29.0,50,50,1.0,277,564,0.491,0.465,0.026
1628960,Grayson Allen,1610612756,PHX,G,29.0,64,64,1.0,264,559,0.472,0.456,0.016
1629599,Amir Coffey,1610612746,LAC,G-F,27.0,72,72,1.0,267,557,0.479,0.459,0.02
1642261,Dalton Knecht,1610612747,LAL,F,24.0,74,74,1.0,271,552,0.491,0.46,0.031
203992,Bogdan Bogdanović,1610612746,LAC,G,32.0,54,54,1.0,263,552,0.476,0.464,0.013
1630548,Johnny Juzang,1610612762,UTA,G,24.0,64,64,1.0,277,552,0.502,0.465,0.037
1630526,Jeremiah Robinson-Earl,1610612740,NOP,F,24.0,65,65,1.0,254,551,0.461,0.466,-0.005
202681,Kyrie Irving,1610612742,DAL,G,33.0,50,50,1.0,255,551,0.463,0.461,0.002
1631106,Tari Eason,1610612745,HOU,F,24.0,57,57,1.0,241,546,0.441,0.475,-0.034
1630573,Sam Hauser,1610612738,BOS,F,27.0,70,70,1.0,274,545,0.503,0.455,0.048
1630173,Precious Achiuwa,1610612752,NYK,F,25.0,56,56,1.0,261,544,0.48,0.481,-0.001
1641709,Ausar Thompson,1610612765,DET,G-F,22.0,59,59,1.0,226,543,0.416,0.468,-0.052
1629634,Brandon Clarke,1610612763,MEM,F,28.0,63,63,1.0,232,542,0.428,0.47,-0.042
1641783,Tristan da Silva,1610612753,ORL,F,24.0,74,74,1.0,247,542,0.456,0.465,-0.009
1628978,Donte DiVincenzo,1610612750,MIN,G,28.0,62,62,1.0,252,539,0.468,0.455,0.013
1630241,Sam Merrill,1610612739,CLE,G,29.0,71,71,1.0,234,538,0.435,0.451,-0.016
1641726,Dereck Lively II,1610612742,DAL,C,21.0,36,36,1.0,247,538,0.459,0.485,-0.026
1629660,Ty Jerome,1610612739,CLE,G-F,27.0,70,70,1.0,264,535,0.493,0.453,0.04
1628997,Caleb Martin,1610612742,DAL,F,29.0,45,45,1.0,258,533,0.484,0.456,0.028
1631107,Nikola Jović,1610612748,MIA,F,21.0,46,46,1.0,232,531,0.437,0.461,-0.024
1629637,Jaxson Hayes,1610612747,LAL,C-F,25.0,55,55,1.0,235,529,0.444,0.481,-0.037
203991,Clint Capela,1610612737,ATL,C,31.0,55,55,1.0,251,528,0.475,0.492,-0.017
1630557,Corey Kispert,1610612764,WAS,F,26.0,61,61,1.0,244,528,0.462,0.458,0.004
204456,T.J. McConnell,1610612754,IND,G,33.0,79,79,1.0,235,526,0.447,0.444,0.002
1629750,Javonte Green,1610612739,CLE,G,31.0,67,67,1.0,236,522,0.452,0.469,-0.017
1628374,Lauri Markkanen,1610612762,UTA,F-C,28.0,47,47,1.0,246,522,0.471,0.474,-0.003
1631124,Julian Strawther,1610612743,DEN,G,23.0,64,64,1.0,242,520,0.465,0.451,0.015
1626181,Norman Powell,1610612746,LAC,G,32.0,60,60,1.0,257,520,0.494,0.459,0.036
1642347,Jamal Shead,1610612761,TOR,G,22.0,75,75,1.0,259,519,0.499,0.446,0.053
1630552,Jalen Johnson,1610612737,ATL,F,23.0,36,36,1.0,224,518,0.432,0.469,-0.036
1628379,Luke Kennard,1610612763,MEM,G,28.0,64,64,1.0,232,508,0.457,0.458,-0.002
1629630,Ja Morant,1610612763,MEM,G,25.0,49,49,1.0,232,505,0.459,0.461,-0.002
1642345,Oso Ighodaro,1610612756,PHX,F,22.0,57,57,1.0,234,504,0.464,0.474,-0.01
1629611,Terance Mann,1610612737,ATL,G-F,28.0,67,67,1.0,231,503,0.459,0.46,-0.001
1641730,Noah Clowney,1610612751,BKN,F-C,20.0,46,46,1.0,231,502,0.46,0.471,-0.011
201587,Nicolas Batum,1610612746,LAC,G-F,36.0,78,78,1.0,197,499,0.395,0.47,-0.076
1629731,Dean Wade,1610612739,CLE,F-C,28.0,59,59,1.0,232,499,0.465,0.47,-0.005
1629674,Neemias Queta,1610612738,BOS,C,25.0,58,58,1.0,228,497,0.459,0.471,-0.012
1641729,Brice Sensabaugh,1610612762,UTA,F,21.0,70,70,1.0,244,495,0.493,0.46,0.033
1642348,Justin Edwards,1610612755,PHI,F,21.0,44,44,1.0,243,492,0.494,0.458,0.036
1641737,Adem Bona,1610612755,PHI,F,22.0,51,51,1.0,224,491,0.456,0.479,-0.022
203924,Jerami Grant,1610612757,POR,F,31.0,47,47,1.0,220,490,0.449,0.47,-0.021
1630188,Jalen Smith,1610612741,CHI,F-C,25.0,63,63,1.0,232,488,0.475,0.474,0.001
1631213,Tyrese Martin,1610612751,BKN,F,26.0,57,57,1.0,244,487,0.501,0.463,0.039
202331,Paul George,1610612755,PHI,F,35.0,41,41,1.0,225,487,0.462,0.464,-0.002
1628998,Cody Martin,1610612756,PHX,F,29.0,53,53,1.0,232,485,0.478,0.469,0.01
1642275,Tidjane Salaün,1610612766,CHA,F,19.0,59,59,1.0,225,485,0.464,0.463,0.0
1630245,Ayo Dosunmu,1610612741,CHI,G,25.0,46,46,1.0,240,483,0.497,0.459,0.038
1627936,Alex Caruso,1610612760,OKC,G,31.0,54,54,1.0,190,483,0.393,0.467,-0.074
1629012,Collin Sexton,1610612762,UTA,G,26.0,63,63,1.0,227,480,0.473,0.463,0.01
1630643,Jay Huff,1610612763,MEM,C,27.0,60,60,1.0,228,478,0.477,0.484,-0.007
1631218,Trayce Jackson-Davis,1610612744,GSW,F,25.0,59,59,1.0,229,476,0.481,0.484,-0.003
1631096,Chet Holmgren,1610612760,OKC,C-F,23.0,32,32,1.0,198,474,0.418,0.488,-0.071
1630175,Cole Anthony,1610612753,ORL,G,25.0,67,67,1.0,225,473,0.476,0.458,0.018
1630631,Jose Alvarado,1610612740,NOP,G,27.0,56,56,1.0,205,468,0.438,0.458,-0.02
1628381,John Collins,1610612762,UTA,F-C,27.0,40,40,1.0,226,465,0.486,0.479,0.007
203482,Kelly Olynyk,1610612740,NOP,F-C,34.0,44,44,1.0,211,459,0.46,0.475,-0.015
1641767,Ben Sheppard,1610612754,IND,G,23.0,62,62,1.0,207,454,0.456,0.456,0.0
1630163,LaMelo Ball,1610612766,CHA,G,23.0,46,46,1.0,223,452,0.493,0.455,0.038
1631119,Jaylin Williams,1610612760,OKC,F,22.0,47,47,1.0,190,452,0.42,0.478,-0.058
1631323,Simone Fontecchio,1610612765,DET,F,29.0,75,75,1.0,219,451,0.486,0.462,0.024
1628418,Thomas Bryant,1610612754,IND,C-F,27.0,65,65,1.0,221,449,0.492,0.493,-0.001
1630249,Vít Krejčí,1610612737,ATL,G,24.0,55,55,1.0,210,447,0.47,0.453,0.017
1631115,Orlando Robinson,1610612761,TOR,C,24.0,43,43,1.0,198,446,0.444,0.469,-0.025
1641733,Nick Smith Jr.,1610612766,CHA,G,21.0,56,56,1.0,228,445,0.512,0.455,0.058
1642262,Cody Williams,1610612762,UTA,F,20.0,50,50,1.0,214,443,0.483,0.456,0.027
1630174,Aaron Nesmith,1610612754,IND,G-F,25.0,45,45,1.0,191,439,0.435,0.458,-0.023
203500,Steven Adams,1610612745,HOU,C,31.0,56,56,1.0,211,438,0.482,0.489,-0.007
1642266,Ja'Kobe Walter,1610612761,TOR,G,20.0,52,52,1.0,205,438,0.468,0.455,0.013
1629234,Drew Eubanks,1610612746,LAC,F-C,28.0,60,60,1.0,192,428,0.449,0.483,-0.034
1641741,Ricky Council IV,1610612755,PHI,G,23.0,64,64,1.0,194,420,0.462,0.455,0.007
1631255,Karlo Matković,1610612740,NOP,F-C,24.0,42,42,1.0,217,420,0.517,0.482,0.034
1641842,Ronald Holland II,1610612765,DET,F,19.0,81,81,1.0,197,419,0.47,0.459,0.011
1641716,Jarace Walker,1610612754,IND,F,21.0,70,70,1.0,225,418,0.538,0.453,0.085
1630549,Day'Ron Sharpe,1610612751,BKN,C,23.0,50,50,1.0,193,416,0.464,0.479,-0.015
1627732,Ben Simmons,1610612746,LAC,G-F,28.0,51,51,1.0,192,415,0.463,0.474,-0.012
1630625,Dalano Banton,1610612757,POR,F,25.0,65,65,1.0,182,410,0.444,0.458,-0.014
1628371,Jonathan Isaac,1610612753,ORL,F,27.0,71,71,1.0,196,410,0.478,0.475,0.003
1627749,Dejounte Murray,1610612740,NOP,G,28.0,31,31,1.0,208,405,0.514,0.473,0.041
1630215,Jared Butler,1610612755,PHI,G,24.0,58,58,1.0,180,400,0.45,0.448,0.002
1641763,Julian Phillips,1610612741,CHI,F,21.0,76,76,1.0,184,394,0.467,0.463,0.004
203937,Kyle Anderson,1610612748,MIA,F-G,31.0,58,58,1.0,181,393,0.461,0.472,-0.011
1629610,DaQuan Jeffries,1610612766,CHA,G-F,27.0,45,45,1.0,170,389,0.437,0.461,-0.024
203083,Andre Drummond,1610612755,PHI,C,31.0,39,39,1.0,204,389,0.524,0.484,0.04
1630171,Isaac Okoro,1610612739,CLE,F-G,24.0,54,54,1.0,164,388,0.423,0.456,-0.033
1642366,Quinten Post,1610612744,GSW,C,25.0,40,40,1.0,174,381,0.457,0.48,-0.023
1631207,Dalen Terry,1610612741,CHI,F,22.0,72,72,1.0,159,379,0.42,0.453,-0.034
1630527,Brandon Boston,1610612740,NOP,G,23.0,42,42,1.0,195,376,0.519,0.463,0.055
202695,Kawhi Leonard,1610612746,LAC,F,33.0,37,37,1.0,180,374,0.481,0.469,0.013
1630228,Jonathan Kuminga,1610612744,GSW,F,22.0,47,47,1.0,164,372,0.441,0.468,-0.027
1630591,Jalen Suggs,1610612753,ORL,G,24.0,35,35,1.0,169,372,0.454,0.468,-0.013
1630570,Trendon Watford,1610612751,BKN,G-F,24.0,43,43,1.0,169,371,0.456,0.467,-0.012
1641748,Andre Jackson Jr.,1610612749,MIL,G,23.0,61,61,1.0,177,371,0.477,0.456,0.021
1630695,Micah Potter,1610612762,UTA,C,27.0,38,38,1.0,161,368,0.438,0.467,-0.03
1641796,Pelle Larsson,1610612748,MIA,G,24.0,49,49,1.0,176,366,0.481,0.451,0.03
1629026,Kenrich Williams,1610612760,OKC,G-F,30.0,69,69,1.0,160,356,0.449,0.459,-0.01
1628467,Maxi Kleber,1610612747,LAL,F,33.0,34,34,1.0,175,352,0.497,0.47,0.027
1630611,Gui Santos,1610612744,GSW,F,22.0,55,55,1.0,164,352,0.466,0.458,0.007
1642419,Jamison Battle,1610612761,TOR,F,24.0,55,55,1.0,160,351,0.456,0.453,0.003
1630572,Sandro Mamukelashvili,1610612759,SAS,F-C,26.0,57,57,1.0,169,350,0.483,0.467,0.016
1631200,Kris Murray,1610612757,POR,F,24.0,61,61,1.0,160,346,0.462,0.461,0.001
1630192,Zeke Nnaji,1610612743,DEN,F-C,24.0,49,49,1.0,145,340,0.426,0.464,-0.038
1641706,Brandon Miller,1610612766,CHA,F,22.0,27,27,1.0,156,338,0.462,0.466,-0.004
1628449,Chris Boucher,1610612761,TOR,F,32.0,50,50,1.0,160,335,0.478,0.467,0.01
1642354,KJ Simpson,1610612766,CHA,G,22.0,36,36,1.0,177,335,0.528,0.458,0.071
203939,Dwight Powell,1610612742,DAL,F-C,33.0,46,46,1.0,164,335,0.49,0.482,0.008
1628971,Bruce Brown,1610612740,NOP,G-F,28.0,41,41,1.0,168,334,0.503,0.464,0.039
1626166,Cameron Payne,1610612752,NYK,G,30.0,71,71,1.0,155,333,0.465,0.453,0.012
1627780,Gary Payton II,1610612744,GSW,G,32.0,61,61,1.0,159,333,0.477,0.455,0.022
203903,Jordan Clarkson,1610612762,UTA,G,32.0,37,37,1.0,164,330,0.497,0.469,0.028
1628988,Aaron Holiday,1610612745,HOU,G,28.0,58,58,1.0,138,329,0.419,0.451,-0.031
1630200,Tre Jones,1610612741,CHI,G,25.0,46,46,1.0,161,324,0.497,0.458,0.039
1630231,KJ Martin,1610612762,UTA,F,24.0,41,41,1.0,140,323,0.433,0.467,-0.034
1628366,Lonzo Ball,1610612741,CHI,G,27.0,35,35,1.0,148,321,0.461,0.458,0.003
1631093,Jaden Ivey,1610612765,DET,G,23.0,30,30,1.0,154,320,0.481,0.456,0.026
203114,Khris Middleton,1610612764,WAS,F,33.0,37,37,1.0,151,319,0.473,0.455,0.019
201599,DeAndre Jordan,1610612743,DEN,C,36.0,53,53,1.0,133,316,0.421,0.491,-0.07
203552,Seth Curry,1610612766,CHA,G,34.0,66,66,1.0,150,310,0.484,0.462,0.021
1642263,Reed Sheppard,1610612745,HOU,G,20.0,49,49,1.0,143,307,0.466,0.454,0.011
1630193,Immanuel Quickley,1610612761,TOR,G,25.0,33,33,1.0,150,306,0.49,0.451,0.039
1629659,Talen Horton-Tucker,1610612741,CHI,G,24.0,55,55,1.0,130,306,0.425,0.445,-0.02
1629627,Zion Williamson,1610612740,NOP,F,24.0,30,30,1.0,132,305,0.433,0.465,-0.032
1641774,Tristan Vukcevic,1610612764,WAS,F,22.0,31,31,1.0,156,303,0.515,0.468,0.047
203954,Joel Embiid,1610612755,PHI,C-F,31.0,19,19,1.0,143,302,0.474,0.481,-0.008
1630556,Kessler Edwards,1610612742,DAL,F,24.0,34,34,1.0,154,302,0.51,0.473,0.037
202692,Alec Burks,1610612748,MIA,G,33.0,49,49,1.0,129,294,0.439,0.454,-0.015
1631204,Marcus Sasser,1610612765,DET,G,24.0,54,54,1.0,122,293,0.416,0.45,-0.033
1629013,Landry Shamet,1610612752,NYK,G,28.0,47,47,1.0,153,293,0.522,0.451,0.071
1631157,Ryan Rollins,1610612749,MIL,G,22.0,52,52,1.0,126,289,0.436,0.451,-0.015
1630560,Cam Thomas,1610612751,BKN,G,23.0,25,25,1.0,144,288,0.5,0.474,0.026
1630322,Lindy Waters III,1610612765,DET,F,27.0,48,48,1.0,144,288,0.5,0.453,0.047
1630579,Jericho Sims,1610612749,MIL,C,26.0,47,47,1.0,123,285,0.432,0.476,-0.045
1628464,Daniel Theis,1610612740,NOP,F-C,33.0,38,38,1.0,139,283,0.491,0.485,0.006
1631133,Jabari Walker,1610612757,POR,F,22.0,51,51,1.0,127,282,0.45,0.463,-0.013
1629726,Garrison Mathews,1610612737,ATL,G,28.0,43,43,1.0,142,280,0.507,0.453,0.054
1629111,Jock Landale,1610612745,HOU,C,29.0,40,40,1.0,143,280,0.511,0.478,0.033
1630702,Jaden Hardy,1610612742,DAL,G,22.0,54,54,1.0,132,278,0.475,0.456,0.019
1629004,Svi Mykhailiuk,1610612762,UTA,G-F,27.0,37,37,1.0,141,277,0.509,0.464,0.045
1626192,Pat Connaughton,1610612749,MIL,G,32.0,41,41,1.0,134,271,0.494,0.453,0.041
1641765,Olivier-Maxence Prosper,1610612742,DAL,F,22.0,48,48,1.0,119,267,0.446,0.463,-0.017
1642358,AJ Johnson,1610612764,WAS,G,20.0,26,26,1.0,117,261,0.448,0.445,0.003
1626158,Richaun Holmes,1610612764,WAS,F,31.0,30,30,1.0,119,260,0.458,0.485,-0.027
1641871,Duop Reath,1610612757,POR,C,28.0,42,42,1.0,130,257,0.506,0.481,0.025
1629003,Shake Milton,1610612747,LAL,G,28.0,46,46,1.0,129,255,0.506,0.456,0.05
1629723,John Konchar,1610612763,MEM,G,29.0,41,41,1.0,118,253,0.466,0.459,0.008
1629684,Grant Williams,1610612766,CHA,F,26.0,16,16,1.0,120,253,0.474,0.491,-0.016
1642272,Jared McCain,1610612755,PHI,G,21.0,23,23,1.0,129,252,0.512,0.46,0.052
202709,Cory Joseph,1610612753,ORL,G,33.0,48,48,1.0,122,248,0.492,0.456,0.036
1630539,Kai Jones,1610612742,DAL,C-F,24.0,36,36,1.0,118,248,0.476,0.48,-0.004
203995,Vasilije Micić,1610612756,PHX,G,31.0,40,40,1.0,114,245,0.465,0.463,0.002
1626153,Delon Wright,1610612752,NYK,G,33.0,37,37,1.0,109,245,0.445,0.449,-0.004
1641787,Tosan Evbuomwan,1610612751,BKN,F,24.0,28,28,1.0,112,245,0.457,0.461,-0.004
200768,Kyle Lowry,1610612755,PHI,G,39.0,35,35,1.0,122,243,0.502,0.461,0.041
1629646,Charles Bassey,1610612759,SAS,C-F,24.0,31,31,1.0,109,243,0.449,0.489,-0.041
203914,Gary Harris,1610612753,ORL,G,30.0,47,47,1.0,103,241,0.427,0.457,-0.029
202687,Bismack Biyombo,1610612759,SAS,C,32.0,27,27,1.0,116,240,0.483,0.509,-0.026
1628964,Mo Bamba,1610612740,NOP,C,27.0,32,32,1.0,105,238,0.441,0.473,-0.031
1630194,Paul Reed,1610612765,DET,F,25.0,44,44,1.0,115,238,0.483,0.48,0.003
1629618,Jalen Pickett,1610612743,DEN,G,25.0,43,43,1.0,91,236,0.386,0.455,-0.069
1631104,Blake Wesley,1610612759,SAS,G,22.0,53,53,1.0,114,236,0.483,0.445,0.038
1630529,Herbert Jones,1610612740,NOP,F,26.0,20,20,1.0,118,236,0.5,0.462,0.038
1629021,Moritz Wagner,1610612753,ORL,F-C,28.0,29,29,1.0,121,236,0.513,0.485,0.028
1631216,Caleb Houstan,1610612753,ORL,G,22.0,54,54,1.0,112,229,0.489,0.452,0.037
1629020,Jarred Vanderbilt,1610612747,LAL,F,26.0,34,34,1.0,107,229,0.467,0.478,-0.01
1641715,Cam Whitmore,1610612745,HOU,F,20.0,48,48,1.0,100,228,0.439,0.451,-0.013
1641854,Craig Porter Jr.,1610612739,CLE,G,25.0,48,48,1.0,106,225,0.471,0.442,0.029
203935,Marcus Smart,1610612764,WAS,G,31.0,33,33,1.0,93,218,0.427,0.457,-0.03
1630658,Colin Castleton,1610612761,TOR,C,25.0,23,23,1.0,96,216,0.444,0.458,-0.014
1626204,Larry Nance Jr.,1610612737,ATL,F-C,32.0,23,23,1.0,112,216,0.519,0.469,0.05
1641724,Jett Howard,1610612753,ORL,G,21.0,55,55,1.0,93,216,0.431,0.452,-0.021
1627763,Malcolm Brogdon,1610612764,WAS,G,32.0,24,24,1.0,110,215,0.512,0.459,0.053
1629006,Josh Okogie,1610612766,CHA,G,26.0,38,38,1.0,93,212,0.439,0.465,-0.027
1631230,Dominick Barlow,1610612737,ATL,F,22.0,33,33,1.0,102,211,0.483,0.46,0.024
1629626,Bol Bol,1610612756,PHX,C-F,25.0,34,34,1.0,101,210,0.481,0.468,0.013
1630692,Jordan Goodwin,1610612747,LAL,G,26.0,28,28,1.0,109,210,0.519,0.465,0.054
1631288,Jamal Cain,1610612740,NOP,F,26.0,34,34,1.0,87,210,0.414,0.454,-0.04
1630256,Jae'Sean Tate,1610612745,HOU,F,29.0,47,47,1.0,82,209,0.392,0.469,-0.076
1629629,Cam Reddish,1610612747,LAL,F-G,25.0,32,32,1.0,94,208,0.452,0.467,-0.015
1642281,Jaylon Tyson,1610612739,CLE,G-F,22.0,41,41,1.0,85,208,0.409,0.443,-0.034
1630288,Jeff Dowtin Jr.,1610612755,PHI,G,28.0,39,39,1.0,98,206,0.476,0.457,0.018
1631243,Mouhamed Gueye,1610612737,ATL,F,22.0,33,33,1.0,91,205,0.444,0.467,-0.023
1641794,Dillon Jones,1610612760,OKC,F,23.0,47,47,1.0,86,204,0.422,0.451,-0.029
203458,Alex Len,1610612747,LAL,C,31.0,40,40,1.0,103,203,0.507,0.484,0.023
201569,Eric Gordon,1610612755,PHI,G,36.0,37,37,1.0,97,202,0.48,0.459,0.021
1642349,Ajay Mitchell,1610612760,OKC,G,22.0,36,36,1.0,87,202,0.431,0.444,-0.014
1628420,Monté Morris,1610612756,PHX,G,29.0,43,43,1.0,84,198,0.424,0.446,-0.022
1631221,Collin Gillespie,1610612756,PHX,G,25.0,31,31,1.0,102,198,0.515,0.457,0.058
1641732,Colby Jones,1610612764,WAS,G,23.0,29,29,1.0,91,196,0.464,0.449,0.015
1630314,Brandon Williams,1610612742,DAL,G,25.0,28,28,1.0,95,196,0.485,0.456,0.028
201959,Taj Gibson,1610612766,CHA,F,39.0,35,35,1.0,72,195,0.369,0.479,-0.11
1641740,Jaylen Clark,1610612750,MIN,G,23.0,37,37,1.0,88,192,0.458,0.465,-0.006
1630811,Keaton Wallace,1610612737,ATL,G,26.0,29,29,1.0,86,190,0.453,0.459,-0.006
1641998,Trey Jemison III,1610612747,LAL,C,25.0,34,34,1.0,87,190,0.458,0.477,-0.019
1642265,Rob Dillingham,1610612750,MIN,G,20.0,42,42,1.0,80,185,0.432,0.451,-0.018
1641810,Antonio Reeves,1610612740,NOP,G,22.0,37,37,1.0,96,185,0.519,0.453,0.066
202684,Tristan Thompson,1610612739,CLE,C-F,34.0,38,38,1.0,78,184,0.424,0.462,-0.038
1631246,Vince Williams Jr.,1610612763,MEM,G,24.0,26,26,1.0,98,183,0.536,0.471,0.064
1631223,David Roddy,1610612745,HOU,F,24.0,32,32,1.0,82,181,0.453,0.454,-0.001
1627742,Brandon Ingram,1610612761,TOR,F,27.0,18,18,1.0,94,179,0.525,0.463,0.062
1641713,GG Jackson,1610612763,MEM,F,20.0,27,27,1.0,86,179,0.48,0.471,0.009
203901,Elfrid Payton,1610612740,NOP,G,31.0,24,24,1.0,73,178,0.41,0.453,-0.043
1631172,Ousmane Dieng,1610612760,OKC,F,22.0,34,34,1.0,75,176,0.426,0.45,-0.024
1641816,Hunter Tyson,1610612743,DEN,F,24.0,45,45,1.0,85,176,0.483,0.453,0.03
1631111,Wendell Moore Jr.,1610612766,CHA,G,23.0,30,30,1.0,86,173,0.497,0.457,0.04
1641878,Damion Baugh,1610612766,CHA,G,24.0,15,15,1.0,93,171,0.544,0.46,0.084
1629057,Robert Williams III,1610612757,POR,C-F,27.0,20,20,1.0,60,169,0.355,0.468,-0.113
1630243,Trevelin Queen,1610612753,ORL,G,28.0,28,28,1.0,83,168,0.494,0.455,0.039
1631245,Quenton Jackson,1610612754,IND,G,26.0,23,23,1.0,87,168,0.518,0.448,0.07
1629022,Lonnie Walker IV,1610612755,PHI,G-F,26.0,18,18,1.0,87,166,0.524,0.454,0.07
1630639,A.J. Lawson,1610612761,TOR,G,24.0,24,24,1.0,75,164,0.457,0.446,0.011
1631132,Christian Koloko,1610612747,LAL,C,24.0,36,36,1.0,71,162,0.438,0.473,-0.035
1642024,Alex Reese,1610612755,PHI,F-C,26.0,15,15,1.0,82,157,0.522,0.465,0.058
1641712,Rayan Rupert,1610612757,POR,G-F,21.0,39,39,1.0,61,157,0.389,0.45,-0.062
1628963,Marvin Bagley III,1610612763,MEM,F,26.0,27,27,1.0,60,155,0.387,0.502,-0.115
201145,Jeff Green,1610612745,HOU,F,38.0,32,32,1.0,78,154,0.506,0.461,0.045
202704,Reggie Jackson,1610612755,PHI,G,35.0,30,30,1.0,79,153,0.516,0.457,0.06
1642277,Johnny Furphy,1610612754,IND,G,20.0,36,36,1.0,71,153,0.464,0.441,0.023
1641757,Jordan Miller,1610612746,LAC,G,25.0,31,31,1.0,80,150,0.533,0.454,0.08
1642403,Isaac Jones,1610612758,SAC,F,24.0,33,33,1.0,68,149,0.456,0.459,-0.003
1631131,Oscar Tshiebwe,1610612762,UTA,F-C,25.0,14,14,1.0,76,148,0.514,0.483,0.03
1628470,Torrey Craig,1610612738,BOS,F,34.0,26,26,1.0,59,146,0.404,0.456,-0.052
1642382,Branden Carlson,1610612760,OKC,C,25.0,24,24,1.0,55,144,0.382,0.457,-0.075
1631248,Baylor Scheierman,1610612738,BOS,G,24.0,28,28,1.0,59,143,0.413,0.45,-0.037
1630264,Anthony Gill,1610612764,WAS,F,32.0,38,38,1.0,73,142,0.514,0.466,0.048
203957,Danté Exum,1610612742,DAL,G,29.0,20,20,1.0,75,142,0.528,0.466,0.062
203926,Doug McDermott,1610612758,SAC,F,33.0,39,39,1.0,63,142,0.444,0.446,-0.003
1641775,Jordan Walsh,1610612738,BOS,G,21.0,40,40,1.0,68,141,0.482,0.453,0.029
1641736,Reece Beekman,1610612751,BKN,G,23.0,33,33,1.0,69,141,0.489,0.451,0.038
1642269,Devin Carter,1610612758,SAC,G,23.0,33,33,1.0,71,135,0.526,0.453,0.073
1628975,Jevon Carter,1610612741,CHI,G,29.0,30,30,1.0,64,134,0.478,0.452,0.025
1631232,Keion Brooks Jr.,1610612740,NOP,F,24.0,13,13,1.0,74,131,0.565,0.452,0.113
1630574,Ariel Hukporti,1610612752,NYK,C,23.0,22,22,1.0,56,131,0.427,0.483,-0.056
1629011,Mitchell Robinson,1610612752,NYK,C-F,27.0,16,16,1.0,59,128,0.461,0.497,-0.036
1630568,Luka Garza,1610612750,MIN,C,26.0,35,35,1.0,67,126,0.532,0.472,0.06
1631103,Malaki Branham,1610612759,SAS,F,22.0,36,36,1.0,51,126,0.405,0.447,-0.043
1630544,Tre Mann,1610612766,CHA,G,24.0,13,13,1.0,52,119,0.437,0.452,-0.016
1630696,Dru Smith,1610612748,MIA,G,27.0,14,14,1.0,52,119,0.437,0.457,-0.02
1641720,Jalen Hood-Schifino,1610612755,PHI,G,21.0,15,15,1.0,55,119,0.462,0.456,0.006
201988,Patty Mills,1610612746,LAC,G,36.0,26,26,1.0,55,116,0.474,0.457,0.017
1631166,Drew Timme,1610612751,BKN,F,24.0,9,9,1.0,56,116,0.483,0.471,0.012
1641721,Maxwell Lewis,1610612751,BKN,F,22.0,20,20,1.0,57,114,0.5,0.469,0.031
1631169,Josh Minott,1610612750,MIN,F,22.0,38,38,1.0,53,113,0.469,0.445,0.024
203967,Dario Šarić,1610612743,DEN,F-C,31.0,14,14,1.0,57,111,0.514,0.48,0.034
1630214,Xavier Tillman,1610612738,BOS,F,26.0,28,28,1.0,59,110,0.536,0.463,0.074
201567,Kevin Love,1610612748,MIA,F-C,36.0,21,21,1.0,57,110,0.518,0.506,0.012
1629162,Jordan McLaughlin,1610612759,SAS,G,29.0,39,39,1.0,52,107,0.486,0.434,0.052
1630545,Terrence Shannon Jr.,1610612750,MIN,G-F,24.0,28,28,1.0,50,104,0.481,0.459,0.022
1630542,Marcus Bagley,1610612755,PHI,F,23.0,10,10,1.0,40,102,0.392,0.46,-0.068
1642278,Tyler Kolek,1610612752,NYK,G,24.0,25,25,1.0,51,100,0.51,0.456,0.054
1630283,Kylor Kelley,1610612740,NOP,C,27.0,11,11,1.0,49,100,0.49,0.493,-0.003
1641798,Jaylen Martin,1610612764,WAS,G,21.0,13,13,1.0,49,98,0.5,0.439,0.061
1630531,Jaden Springer,1610612762,UTA,G,22.0,31,31,1.0,47,96,0.49,0.45,0.039
1629680,Matisse Thybulle,1610612757,POR,G-F,28.0,15,15,1.0,44,95,0.463,0.461,0.002
1641738,Kobe Brown,1610612746,LAC,F,25.0,26,26,1.0,50,94,0.532,0.472,0.06
1631197,Jared Rhoden,1610612761,TOR,G,25.0,11,11,1.0,50,94,0.532,0.448,0.083
1630550,JT Thor,1610612764,WAS,F,22.0,18,18,1.0,38,92,0.413,0.453,-0.04
202066,Garrett Temple,1610612761,TOR,G-F,39.0,22,22,1.0,43,91,0.473,0.462,0.01
1631098,Johnny Davis,1610612764,WAS,G,23.0,25,25,1.0,37,87,0.425,0.452,-0.027
1641727,Dariq Whitehead,1610612751,BKN,G-F,20.0,14,14,1.0,39,86,0.453,0.447,0.007
1629643,Chuma Okeke,1610612739,CLE,F,26.0,8,8,1.0,49,86,0.57,0.459,0.111
1630311,Pat Spencer,1610612744,GSW,G,28.0,26,26,1.0,44,83,0.53,0.477,0.053
1630538,Bones Hyland,1610612750,MIN,G,24.0,23,23,1.0,41,83,0.494,0.443,0.051
1642402,Enrique Freeman,1610612754,IND,F,24.0,17,17,1.0,37,80,0.463,0.473,-0.011
1629650,Moses Brown,1610612742,DAL,C,25.0,11,11,1.0,35,78,0.449,0.489,-0.04
1631250,Pete Nance,1610612749,MIL,F,25.0,10,10,1.0,42,76,0.553,0.466,0.087
1642285,Cam Spencer,1610612763,MEM,G,25.0,19,19,1.0,39,75,0.52,0.452,0.068
1641745,Adam Flagler,1610612760,OKC,G,25.0,22,22,1.0,30,73,0.411,0.433,-0.022
1642355,Bronny James,1610612747,LAL,G,20.0,19,19,1.0,33,72,0.458,0.454,0.004
1628981,Bruno Fernando,1610612761,TOR,F-C,26.0,16,16,1.0,34,71,0.479,0.491,-0.012
1631209,Isaiah Wong,1610612766,CHA,G,24.0,16,16,1.0,30,69,0.435,0.458,-0.023
1631311,Lester Quinones,1610612740,NOP,G,24.0,11,11,1.0,29,69,0.42,0.459,-0.038
1631306,Cole Swider,1610612761,TOR,F,26.0,10,10,1.0,27,69,0.391,0.422,-0.03
202693,Markieff Morris,1610612747,LAL,F,35.0,15,15,1.0,33,68,0.485,0.47,0.015
1630205,Lamar Stevens,1610612763,MEM,F,27.0,16,16,1.0,34,68,0.5,0.489,0.011
1641809,Drew Peterson,1610612738,BOS,F,25.0,19,19,1.0,21,62,0.339,0.448,-0.11
1630699,MarJon Beauchamp,1610612752,NYK,F,24.0,28,28,1.0,21,61,0.344,0.435,-0.091
1628365,Markelle Fultz,1610612758,SAC,G,27.0,16,16,1.0,26,61,0.426,0.451,-0.025
1629052,Oshae Brissett,1610612755,PHI,F-G,26.0,6,6,1.0,32,59,0.542,0.463,0.079
1628396,Tony Bradley,1610612754,IND,C-F,27.0,11,11,1.0,25,59,0.424,0.46,-0.036
1629669,Jaylen Nowell,1610612740,NOP,G,25.0,7,7,1.0,29,57,0.509,0.457,0.052
1627814,Damion Lee,1610612756,PHX,G-F,32.0,18,18,1.0,25,56,0.446,0.447,-0.001
1631466,Nate Williams,1610612745,HOU,G,26.0,13,13,1.0,29,55,0.527,0.46,0.067
1630165,Killian Hayes,1610612751,BKN,G,23.0,6,6,1.0,27,54,0.5,0.468,0.032
1626196,Josh Richardson,1610612748,MIA,G,31.0,8,8,1.0,34,51,0.667,0.471,0.196
1641989,Elijah Harkless,1610612762,UTA,G,25.0,10,10,1.0,25,50,0.5,0.448,0.052
1641723,Kobe Bufkin,1610612737,ATL,G,21.0,9,9,1.0,16,49,0.327,0.45,-0.124
1641753,Chris Livingston,1610612749,MIL,F,21.0,14,14,1.0,23,48,0.479,0.469,0.01
1631303,Justin Minaya,1610612757,POR,F,26.0,14,14,1.0,25,48,0.521,0.467,0.054
1642352,Keshad Johnson,1610612748,MIA,F,23.0,12,12,1.0,18,47,0.383,0.445,-0.062
1628427,Vlatko Čančar,1610612743,DEN,F,28.0,10,10,1.0,18,47,0.383,0.449,-0.066
1642359,Pacôme Dadiet,1610612752,NYK,F,19.0,16,16,1.0,24,46,0.522,0.431,0.091
1630543,Isaiah Jackson,1610612754,IND,F,23.0,5,5,1.0,19,46,0.413,0.485,-0.072
1630537,Chris Duarte,1610612741,CHI,G,27.0,13,13,1.0,18,45,0.4,0.455,-0.055
1641890,Tyler Smith,1610612749,MIL,F,20.0,16,16,1.0,16,44,0.364,0.452,-0.088
1629001,De'Anthony Melton,1610612751,BKN,G,27.0,6,6,1.0,18,42,0.429,0.466,-0.038
1642505,Alex Ducas,1610612760,OKC,G,24.0,13,13,1.0,21,40,0.525,0.437,0.088
1631247,Luke Travers,1610612739,CLE,F,23.0,9,9,1.0,20,38,0.526,0.448,0.079
1631301,Jaylen Sims,1610612766,CHA,G,26.0,6,6,1.0,11,37,0.297,0.442,-0.144
1628995,Kevin Knox II,1610612744,GSW,F,25.0,10,10,1.0,16,37,0.432,0.452,-0.02
1630649,Stanley Umude,1610612749,MIL,G,26.0,16,16,1.0,18,37,0.486,0.462,0.025
1641725,Trey Alexander,1610612743,DEN,G,22.0,12,12,1.0,17,37,0.459,0.458,0.002
1630623,Tyson Etienne,1610612751,BKN,G,25.0,7,7,1.0,20,37,0.541,0.433,0.108
1641707,Taylor Hendricks,1610612762,UTA,F,21.0,3,3,1.0,15,36,0.417,0.501,-0.084
1631102,TyTy Washington Jr.,1610612756,PHX,G,23.0,9,9,1.0,12,34,0.353,0.44,-0.087
203109,Jae Crowder,1610612758,SAC,F,34.0,8,8,1.0,20,34,0.588,0.468,0.12
1630585,Marcus Garrett,1610612766,CHA,G,26.0,4,4,1.0,9,33,0.273,0.471,-0.198
1631210,Jacob Toppin,1610612737,ATL,F,25.0,10,10,1.0,13,33,0.394,0.414,-0.02
1642461,Spencer Jones,1610612743,DEN,F,23.0,13,13,1.0,10,33,0.303,0.438,-0.135
1642530,Yuki Kawamura,1610612763,MEM,G,24.0,14,14,1.0,20,32,0.625,0.436,0.189
1641790,PJ Hall,1610612743,DEN,C,23.0,12,12,1.0,8,32,0.25,0.452,-0.202
1642368,N'Faly Dante,1610612745,HOU,C,23.0,4,4,1.0,16,32,0.5,0.484,0.016
1642484,RayJ Dennis,1610612754,IND,G,24.0,7,7,1.0,17,32,0.531,0.436,0.095
204060,Joe Ingles,1610612750,MIN,F-G,37.0,11,11,1.0,10,31,0.323,0.457,-0.134
1631342,Daeqwon Plowden,1610612737,ATL,G-F,26.0,5,5,1.0,15,30,0.5,0.443,0.057
1631116,Patrick Baldwin Jr.,1610612746,LAC,F,22.0,17,17,1.0,14,29,0.483,0.455,0.028
1631321,Sidy Cissoko,1610612757,POR,G,21.0,13,13,1.0,17,28,0.607,0.412,0.195
1630604,E.J. Liddell,1610612741,CHI,F,24.0,9,9,1.0,14,26,0.538,0.445,0.093
1641772,Nae'Qwan Tomlin,1610612739,CLE,F,24.0,5,5,1.0,10,25,0.4,0.444,-0.044
1630346,Matt Ryan,1610612752,NYK,F,28.0,12,12,1.0,12,24,0.5,0.44,0.06
1631123,Jamaree Bouyea,1610612749,MIL,G,25.0,4,4,1.0,11,24,0.458,0.43,0.028
200782,P.J. Tucker,1610612752,NYK,F,40.0,3,3,1.0,15,23,0.652,0.439,0.213
1642422,Armel Traoré,1610612747,LAL,F,22.0,8,8,1.0,12,23,0.522,0.472,0.05
1630528,Josh Christopher,1610612748,MIA,G,23.0,9,9,1.0,8,23,0.348,0.442,-0.094
1641734,Emoni Bates,1610612739,CLE,F,21.0,5,5,1.0,9,23,0.391,0.459,-0.068
1641789,Jazian Gortman,1610612742,DAL,G,22.0,10,10,1.0,13,23,0.565,0.459,0.106
1629098,Jack McVeigh,1610612745,HOU,G-F,28.0,8,8,1.0,10,22,0.455,0.435,0.02
1631120,JD Davison,1610612738,BOS,G,22.0,11,11,1.0,7,22,0.318,0.464,-0.146
1630201,Malachi Flynn,1610612766,CHA,G,27.0,3,3,1.0,9,21,0.429,0.438,-0.01
1641857,Liam Robbins,1610612749,MIL,C,25.0,10,10,1.0,9,19,0.474,0.45,0.024
1642279,Ulrich Chomche,1610612761,TOR,C,19.0,6,6,1.0,15,19,0.789,0.47,0.32
1642449,Tolu Smith,1610612765,DET,F,24.0,1,1,1.0,8,17,0.471,0.447,0.024
1642353,Cam Christie,1610612746,LAC,G,19.0,7,7,1.0,6,17,0.353,0.481,-0.128
1630600,Isaiah Mobley,1610612755,PHI,F,25.0,1,1,1.0,9,17,0.529,0.458,0.071
1630762,Phillip Wheeler,1610612755,PHI,F,23.0,4,4,1.0,7,15,0.467,0.444,0.022
1642384,Isaiah Crawford,1610612758,SAC,F,23.0,7,7,1.0,5,14,0.357,0.477,-0.12
1631121,Bryce McGowens,1610612757,POR,G,22.0,11,11,1.0,8,14,0.571,0.4,0.171
1642050,Jackson Rowe,1610612744,GSW,F,28.0,5,5,1.0,5,14,0.357,0.45,-0.093
201949,James Johnson,1610612754,IND,F,38.0,8,8,1.0,5,13,0.385,0.452,-0.067
1630561,David Duke Jr.,1610612759,SAS,G,25.0,4,4,1.0,5,13,0.385,0.449,-0.065
1641766,Adama Sanogo,1610612741,CHI,F,23.0,3,3,1.0,5,12,0.417,0.506,-0.09
1630222,Mason Jones,1610612758,SAC,G,26.0,7,7,1.0,6,12,0.5,0.418,0.082
1641755,Kevin McCullar Jr.,1610612752,NYK,G,24.0,3,3,1.0,7,10,0.7,0.47,0.23
1642280,Trentyn Flowers,1610612746,LAC,F,20.0,4,4,1.0,5,10,0.5,0.403,0.097
1641752,Bobi Klintman,1610612765,DET,F,22.0,5,5,1.0,6,10,0.6,0.421,0.179
1642443,Jahmir Young,1610612741,CHI,G,24.0,4,4,1.0,8,9,0.889,0.446,0.443
1628408,PJ Dozier,1610612750,MIN,G-F,28.0,5,5,1.0,4,9,0.444,0.441,0.004
1631159,Leonard Miller,1610612750,MIN,F,21.0,7,7,1.0,4,9,0.444,0.438,0.006
1641803,Tristen Newton,1610612750,MIN,G,24.0,3,3,1.0,3,8,0.375,0.489,-0.114
1642450,Daniss Jenkins,1610612765,DET,G,23.0,5,5,1.0,4,8,0.5,0.448,0.052
1630618,D.J. Carton,1610612761,TOR,G,24.0,3,3,1.0,5,8,0.625,0.442,0.183
1631127,Harrison Ingram,1610612759,SAS,F,22.0,4,4,1.0,5,8,0.625,0.483,0.143
1631386,Tazé Moore,1610612757,POR,G,26.0,2,2,1.0,1,7,0.143,0.426,-0.283
1642502,Malevy Leons,1610612760,OKC,F,25.0,4,4,1.0,4,7,0.571,0.442,0.129
1641817,Anton Watson,1610612752,NYK,F,24.0,6,6,1.0,4,7,0.571,0.433,0.138
1641936,Miles Norris,1610612738,BOS,F,25.0,3,3,1.0,1,6,0.167,0.421,-0.254
1630164,James Wiseman,1610612754,IND,C,24.0,1,1,1.0,4,6,0.667,0.452,0.215
1641801,Emanuel Miller,1610612741,CHI,F,24.0,2,2,1.0,3,6,0.5,0.437,0.063
1641779,Jalen Bridges,1610612756,PHX,F,24.0,4,4,1.0,1,5,0.2,0.426,-0.226
1629056,Terence Davis,1610612758,SAC,G,28.0,1,1,1.0,2,5,0.4,0.427,-0.027
1642385,Cui Yongxi,1610612751,BKN,F,22.0,2,2,1.0,2,4,0.5,0.435,0.065
1641879,Yuri Collins,1610612744,GSW,G,24.0,2,2,1.0,3,4,0.75,0.521,0.229
1642439,Quincy Olivari,1610612747,LAL,G,24.0,2,2,1.0,2,3,0.667,0.415,0.251
1630296,Braxton Key,1610612744,GSW,F,28.0,1,1,1.0,3,3,1.0,0.385,0.615
1629667,Jalen McDaniels,1610612764,WAS,F,27.0,1,1,1.0,0,3,0.0,0.394,-0.394
1626143,Jahlil Okafor,1610612754,IND,C-F,29.0,1,1,1.0,0,3,0.0,0.513,-0.513
1630227,Daishen Nix,1610612750,MIN,G,23.0,2,2,1.0,1,3,0.333,0.409,-0.075
1631214,Alondes Williams,1610612765,DET,G,25.0,1,1,1.0,0,3,0.0,0.392,-0.392
1642389,Zyon Pullin,1610612763,MEM,G,24.0,2,2,1.0,1,2,0.5,0.457,0.043
1631199,Ron Harper Jr.,1610612765,DET,G-F,25.0,1,1,1.0,0,2,0.0,0.326,-0.326
1642434,Riley Minix,1610612759,SAS,F,24.0,1,1,1.0,0,2,0.0,0.368,-0.368
1642399,Jesse Edwards,1610612750,MIN,C,25.0,1,1,1.0,2,2,1.0,0.43,0.57
1630644,Mac McClung,1610612753,ORL,G,26.0,2,2,1.0,1,2,0.5,0.425,0.076
1627746,Skal Labissiere,1610612758,SAC,F-C,29.0,1,1,1.0,1,1,1.0,0.415,0.585
1630678,Terry Taylor,1610612758,SAC,F,25.0,1,1,1.0,0,1,0.0,0.357,-0.357
