SEASON_ID,OFF_PLAYER_ID,OFF_PLAYER_NAME,DEF_PLAYER_ID,DEF_PLAYER_NAME,GP,MATCHUP_MIN,PARTIAL_POSS,PLAYER_PTS,TEAM_PTS,MATCHUP_AST,MATCHUP_TOV,MATCHUP_BLK,MATCHUP_FGM,MATCHUP_FGA,MATCHUP_FG_PCT,MATCHUP_FG3M,MATCHUP_FG3A,MATCHUP_FG3_PCT,HELP_BLK,HELP_FGM,HELP_FGA,HELP_FG_PERC,MATCHUP_FTM,MATCHUP_FTA,SFL,MATCHUP_TIME_SEC
22024,203999,Nikola Jokić,1627734,Domantas Sabonis,3,26:13,147.8,30,172,24,5,0,12,31,0.387,1,6,0.167,0,0,0,0,5,5,2,1572.7
22024,203999,Nikola Jokić,203497,Rudy Gobert,4,26:29,132.1,61,136,16,5,2,23,41,0.561,7,13,0.538,0,0,0,0,8,13,6,1589.2
22024,203999,Nikola Jokić,1627826,Ivica Zubac,3,25:20,131.1,39,142,10,9,0,15,34,0.441,5,12,0.417,0,0,0,0,4,4,1,1520.4
22024,203999,Nikola Jokić,1631096,Chet Holmgren,4,23:58,127.6,28,139,20,7,3,12,31,0.387,2,5,0.4,0,0,0,0,2,4,2,1438.0
22024,203999,Nikola Jokić,1631117,Walker Kessler,3,22:14,118.0,44,153,13,1,3,18,45,0.4,4,10,0.4,0,0,0,0,4,4,2,1333.6
22024,203999,Nikola Jokić,1629655,Daniel Gafford,4,22:16,111.3,30,115,19,4,3,12,22,0.545,2,4,0.5,0,0,0,0,4,6,3,1336.2
22024,203999,Nikola Jokić,1642274,Yves Missi,3,20:24,106.6,44,129,12,2,2,17,28,0.607,2,5,0.4,0,0,0,0,8,8,3,1223.8
22024,203999,Nikola Jokić,1627751,Jakob Poeltl,2,20:01,106.2,39,115,11,7,0,16,32,0.5,3,7,0.429,0,0,0,0,4,4,1,1200.6
22024,203999,Nikola Jokić,201572,Brook Lopez,2,18:36,101.9,40,100,9,5,0,16,23,0.696,3,6,0.5,0,0,0,0,5,6,3,1115.6
22024,203999,Nikola Jokić,1626167,Myles Turner,2,20:39,101.2,37,115,15,5,2,17,28,0.607,3,6,0.5,0,0,0,0,0,0,0,1239.5
22024,203999,Nikola Jokić,203944,Julius Randle,4,18:07,97.3,23,98,7,2,0,9,19,0.474,1,5,0.2,0,0,0,0,4,5,2,1086.9
22024,203999,Nikola Jokić,1628386,Jarrett Allen,2,16:53,95.7,33,101,11,2,0,16,27,0.593,0,3,0.0,0,0,0,0,1,2,0,1013.1
22024,203999,Nikola Jokić,1628389,Bam Adebayo,2,17:34,90.3,27,126,14,3,0,11,13,0.846,2,2,1.0,0,0,0,0,3,3,2,1053.6
22024,203999,Nikola Jokić,1628392,Isaiah Hartenstein,2,18:33,87.7,39,116,7,1,0,16,25,0.64,3,7,0.429,0,0,0,0,4,5,3,1113.5
22024,203999,Nikola Jokić,203486,Mason Plumlee,4,15:27,77.3,34,108,11,2,1,15,20,0.75,3,3,1.0,0,0,0,0,1,2,2,927.2
22024,203999,Nikola Jokić,1641705,Victor Wembanyama,2,13:24,74.7,39,88,8,3,2,15,27,0.556,5,10,0.5,0,0,0,0,4,5,2,803.7
22024,203999,Nikola Jokić,1628976,Wendell Carter Jr.,2,13:01,73.4,25,98,15,2,0,9,13,0.692,2,2,1.0,0,0,0,0,5,6,3,781.3
22024,203999,Nikola Jokić,203994,Jusuf Nurkić,3,14:06,73.0,32,86,6,1,0,12,21,0.571,6,13,0.462,0,0,0,0,2,2,1,845.6
22024,203999,Nikola Jokić,202685,Jonas Valančiūnas,3,11:30,71.2,44,96,5,6,3,20,29,0.69,3,4,0.75,0,0,0,0,1,1,1,690.3
22024,203999,Nikola Jokić,1629028,Deandre Ayton,2,12:16,69.0,27,80,7,4,1,9,12,0.75,5,6,0.833,0,0,0,0,4,4,2,736.2
22024,203999,Nikola Jokić,1627824,Guerschon Yabusele,2,11:02,65.3,24,74,6,3,0,10,16,0.625,2,4,0.5,0,0,0,0,2,2,2,662.0
22024,203999,Nikola Jokić,203991,Clint Capela,2,10:36,61.3,22,85,11,1,0,8,13,0.615,2,2,1.0,0,0,0,0,4,6,3,636.2
22024,203999,Nikola Jokić,1630208,Nick Richards,2,11:38,60.1,21,83,11,2,0,9,12,0.75,1,3,0.333,0,0,0,0,2,3,2,698.4
22024,203999,Nikola Jokić,1641739,Toumani Camara,3,11:48,60.0,18,74,7,5,1,9,14,0.643,0,1,0.0,0,0,0,0,0,0,0,708.1
22024,203999,Nikola Jokić,1626172,Kevon Looney,2,10:21,59.6,20,63,5,4,1,8,15,0.533,2,2,1.0,0,0,0,0,2,2,1,620.7
22024,203999,Nikola Jokić,1631217,Moussa Diabaté,2,11:23,59.3,17,77,8,2,0,6,11,0.545,4,7,0.571,0,0,0,0,1,2,0,683.2
22024,203999,Nikola Jokić,202696,Nikola Vučević,1,10:31,54.9,15,53,7,2,0,7,11,0.636,1,2,0.5,0,0,0,0,0,0,0,630.6
22024,203999,Nikola Jokić,1626157,Karl-Anthony Towns,2,10:27,54.3,19,60,5,1,0,7,14,0.5,3,6,0.5,0,0,0,0,2,2,1,626.6
22024,203999,Nikola Jokić,1629651,Nic Claxton,2,8:54,53.0,17,69,10,0,1,6,10,0.6,1,1,1.0,0,0,0,0,4,4,2,534.3
22024,203999,Nikola Jokić,1631255,Karlo Matković,2,10:09,51.5,21,63,8,0,1,8,16,0.5,3,7,0.429,0,0,0,0,2,2,1,609.2
22024,203999,Nikola Jokić,1641726,Dereck Lively II,3,10:33,49.5,7,50,7,2,0,2,6,0.333,0,1,0.0,0,0,0,0,3,4,2,633.2
22024,203999,Nikola Jokić,1630191,Isaiah Stewart,2,8:46,47.0,12,59,7,2,0,3,5,0.6,0,2,0.0,0,0,0,0,6,8,2,525.8
22024,203999,Nikola Jokić,1631105,Jalen Duren,2,8:52,44.1,14,56,6,2,0,5,11,0.455,2,4,0.5,0,0,0,0,2,2,1,531.7
22024,203999,Nikola Jokić,1626168,Trey Lyles,3,9:41,44.1,10,55,6,0,0,5,7,0.714,0,0,0.0,0,0,0,0,0,0,0,580.6
22024,203999,Nikola Jokić,1642259,Alex Sarr,1,7:57,41.8,19,40,4,1,0,9,18,0.5,0,4,0.0,0,0,0,0,1,1,1,476.7
22024,203999,Nikola Jokić,201143,Al Horford,1,8:45,41.4,14,37,4,0,0,6,9,0.667,2,3,0.667,0,0,0,0,0,0,0,524.7
22024,203999,Nikola Jokić,203076,Anthony Davis,1,8:11,41.3,12,49,5,5,0,4,7,0.571,2,5,0.4,0,0,0,0,2,2,1,491.0
22024,203999,Nikola Jokić,1629060,Rui Hachimura,2,7:31,40.9,7,48,3,4,0,3,4,0.75,1,1,1.0,0,0,0,0,0,0,0,451.4
22024,203999,Nikola Jokić,1627827,Dorian Finney-Smith,2,8:32,40.5,9,59,8,0,0,4,11,0.364,0,0,0.0,0,0,0,0,1,2,1,512.2
22024,203999,Nikola Jokić,1642270,Donovan Clingan,3,7:48,38.5,30,70,5,0,0,12,19,0.632,1,7,0.143,0,0,0,0,5,5,3,467.7
22024,203999,Nikola Jokić,1630168,Onyeka Okongwu,2,6:32,37.3,15,47,5,0,0,6,13,0.462,1,1,1.0,0,0,0,0,2,2,1,391.9
22024,203999,Nikola Jokić,1629020,Jarred Vanderbilt,2,5:56,36.6,5,36,1,3,0,1,3,0.333,0,1,0.0,0,0,0,0,3,6,1,356.0
22024,203999,Nikola Jokić,1630596,Evan Mobley,2,5:35,33.7,10,47,5,0,0,5,11,0.455,0,2,0.0,0,0,0,0,0,0,0,334.6
22024,203999,Nikola Jokić,1628418,Thomas Bryant,3,5:38,32.7,16,53,8,2,1,8,12,0.667,0,2,0.0,0,0,0,0,0,0,0,338.3
22024,203999,Nikola Jokić,1642271,Kyle Filipowski,3,5:25,31.0,12,30,1,2,0,4,9,0.444,1,4,0.25,0,0,0,0,3,4,2,324.9
22024,203999,Nikola Jokić,1630583,Santi Aldama,1,6:07,30.1,8,37,6,2,0,4,7,0.571,0,1,0.0,0,0,0,0,0,1,1,367.4
22024,203999,Nikola Jokić,1628380,Zach Collins,2,5:58,29.2,19,33,4,0,0,8,17,0.471,1,4,0.25,0,0,0,0,2,3,1,357.8
22024,203999,Nikola Jokić,1631131,Oscar Tshiebwe,2,5:28,28.9,12,32,2,1,0,4,7,0.571,0,1,0.0,0,0,0,0,4,4,0,327.8
22024,203999,Nikola Jokić,1631109,Mark Williams,1,4:54,28.3,10,30,6,2,1,4,10,0.4,1,5,0.2,0,0,0,0,1,1,1,294.3
22024,203999,Nikola Jokić,1631099,Keegan Murray,2,4:57,27.2,6,29,4,1,0,2,7,0.286,0,1,0.0,0,0,0,0,2,2,0,296.6
22024,203999,Nikola Jokić,1628983,Shai Gilgeous-Alexander,4,4:33,26.4,16,50,1,4,2,7,11,0.636,1,2,0.5,0,0,0,0,1,2,0,273.4
22024,203999,Nikola Jokić,203110,Draymond Green,1,4:42,25.8,14,29,1,3,0,5,7,0.714,4,6,0.667,0,0,0,0,0,0,0,282.4
22024,203999,Nikola Jokić,1628991,Jaren Jackson Jr.,1,4:42,25.8,4,24,2,2,0,1,6,0.167,0,0,0.0,0,0,0,0,2,4,0,282.3
22024,203999,Nikola Jokić,1628467,Maxi Kleber,3,6:07,25.7,12,31,5,1,0,4,6,0.667,1,1,1.0,0,0,0,0,3,5,3,366.9
22024,203999,Nikola Jokić,1630183,Jaden McDaniels,4,4:14,25.5,12,43,3,2,0,5,9,0.556,0,0,0.0,0,0,0,0,2,4,2,253.7
22024,203999,Nikola Jokić,1629652,Luguentz Dort,4,3:54,24.5,6,40,7,0,0,3,6,0.5,0,1,0.0,0,0,0,0,0,0,0,233.7
22024,203999,Nikola Jokić,1630173,Precious Achiuwa,1,4:09,24.1,5,12,2,0,0,2,5,0.4,1,3,0.333,0,0,0,0,0,0,0,249.4
22024,203999,Nikola Jokić,1629675,Naz Reid,3,3:59,23.9,18,33,3,2,0,7,8,0.875,2,2,1.0,0,0,0,0,2,2,1,238.6
22024,203999,Nikola Jokić,1631119,Jaylin Williams,2,4:57,23.8,9,25,3,1,0,4,8,0.5,0,3,0.0,0,0,0,0,1,2,1,296.8
22024,203999,Nikola Jokić,1631222,Jake LaRavia,1,4:47,23.5,6,22,2,3,0,3,3,1.0,0,0,0.0,0,0,0,0,0,0,0,287.2
22024,203999,Nikola Jokić,203897,Zach LaVine,3,4:35,23.5,13,46,4,1,0,6,10,0.6,0,1,0.0,0,0,0,0,1,1,1,274.5
22024,203999,Nikola Jokić,1630162,Anthony Edwards,4,3:57,23.4,7,42,3,1,0,3,4,0.75,1,1,1.0,0,0,0,0,0,0,0,236.6
22024,203999,Nikola Jokić,1629023,P.J. Washington,3,4:29,23.0,8,37,3,1,0,4,7,0.571,0,0,0.0,0,0,0,0,0,0,0,269.1
22024,203999,Nikola Jokić,1630549,Day'Ron Sharpe,1,4:07,22.8,12,30,6,0,0,5,6,0.833,0,0,0.0,0,0,0,0,2,3,2,246.7
22024,203999,Nikola Jokić,1631218,Trayce Jackson-Davis,1,4:29,21.3,8,16,0,1,0,4,7,0.571,0,1,0.0,0,0,0,0,0,0,0,269.1
22024,203999,Nikola Jokić,1631165,Keon Ellis,4,3:09,19.8,10,38,3,2,2,4,7,0.571,0,1,0.0,0,0,0,0,2,2,1,188.8
22024,203999,Nikola Jokić,1630559,Austin Reaves,3,3:12,19.7,8,29,2,2,0,4,8,0.5,0,1,0.0,0,0,0,0,0,0,0,192.2
22024,203999,Nikola Jokić,202693,Markieff Morris,1,2:49,19.7,5,31,1,0,0,2,4,0.5,0,1,0.0,0,0,0,0,1,3,1,169.4
22024,203999,Nikola Jokić,202681,Kyrie Irving,3,3:16,19.1,5,31,2,1,0,2,5,0.4,1,1,1.0,0,0,0,0,0,0,0,196.4
22024,203999,Nikola Jokić,1630578,Alperen Sengun,1,3:46,19.0,4,25,2,0,0,2,3,0.667,0,1,0.0,0,0,0,0,0,0,0,226.2
22024,203999,Nikola Jokić,1630230,Naji Marshall,4,3:42,18.8,4,14,0,1,1,1,5,0.2,0,0,0.0,0,0,0,0,2,2,0,222.5
22024,203999,Nikola Jokić,101108,Chris Paul,2,2:51,18.7,12,24,2,0,0,5,9,0.556,0,0,0.0,0,0,0,0,2,2,0,171.3
22024,203999,Nikola Jokić,1627936,Alex Caruso,4,3:22,18.3,10,26,1,0,1,4,6,0.667,0,0,0.0,0,0,0,0,2,4,1,202.2
22024,203999,Nikola Jokić,203083,Andre Drummond,1,2:06,17.6,4,21,0,1,0,2,3,0.667,0,0,0.0,0,0,0,0,0,0,0,126.2
22024,203999,Nikola Jokić,1630579,Jericho Sims,2,3:27,17.3,4,19,1,0,0,2,6,0.333,0,2,0.0,0,0,0,0,0,0,0,207.3
22024,203999,Nikola Jokić,1629234,Drew Eubanks,2,3:32,17.0,12,20,1,3,0,5,6,0.833,2,2,1.0,0,0,0,0,0,0,0,211.5
22024,203999,Nikola Jokić,203078,Bradley Beal,3,2:58,17.0,7,29,1,0,0,3,4,0.75,0,0,0.0,0,0,0,0,1,1,1,177.8
22024,203999,Nikola Jokić,1626162,Kelly Oubre Jr.,2,2:18,16.2,12,26,1,1,0,3,5,0.6,0,0,0.0,0,0,0,0,6,6,2,138.1
22024,203999,Nikola Jokić,1631132,Christian Koloko,2,2:28,16.1,5,15,2,1,0,2,3,0.667,0,0,0.0,0,0,0,0,1,1,1,148.3
22024,203999,Nikola Jokić,201942,DeMar DeRozan,4,2:22,16.0,2,22,2,2,0,1,1,1.0,0,0,0.0,0,0,0,0,0,0,0,142.2
22024,203999,Nikola Jokić,201935,James Harden,3,2:12,16.0,2,18,2,3,0,1,1,1.0,0,0,0.0,0,0,0,0,0,0,0,132.2
22024,203999,Nikola Jokić,1630194,Paul Reed,2,3:35,15.9,6,16,2,1,0,2,3,0.667,0,0,0.0,0,0,0,0,2,2,0,214.8
22024,203999,Nikola Jokić,1629012,Collin Sexton,4,1:52,15.6,4,20,4,1,0,1,2,0.5,0,0,0.0,0,0,0,0,2,2,1,112.2
22024,203999,Nikola Jokić,1630530,Trey Murphy III,3,2:46,15.4,4,21,2,0,0,2,4,0.5,0,2,0.0,0,0,0,0,0,0,0,165.8
22024,203999,Nikola Jokić,203500,Steven Adams,1,2:44,15.3,9,23,2,0,0,3,4,0.75,3,4,0.75,0,0,0,0,0,0,0,164.4
22024,203999,Nikola Jokić,1629627,Zion Williamson,2,2:42,15.3,1,18,1,1,0,0,0,0.0,0,0,0.0,0,0,0,0,1,2,1,161.9
22024,203999,Nikola Jokić,1641730,Noah Clowney,2,2:41,15.1,2,17,1,0,0,1,2,0.5,0,0,0.0,0,0,0,0,0,0,0,161.5
22024,203999,Nikola Jokić,203915,Spencer Dinwiddie,4,2:25,14.8,8,25,4,0,0,4,6,0.667,0,0,0.0,0,0,0,0,0,0,0,144.7
22024,203999,Nikola Jokić,1626158,Richaun Holmes,1,2:29,14.6,9,12,0,1,1,4,7,0.571,1,3,0.333,0,0,0,0,0,0,0,149.4
22024,203999,Nikola Jokić,1630551,Justin Champagnie,2,2:59,14.5,14,30,2,0,1,5,9,0.556,0,1,0.0,0,0,0,0,4,6,3,178.5
22024,203999,Nikola Jokić,1629750,Javonte Green,3,2:31,14.5,9,40,4,0,0,4,5,0.8,1,1,1.0,0,0,0,0,0,0,0,151.2
22024,203999,Nikola Jokić,1628398,Kyle Kuzma,2,2:15,14.5,1,13,1,1,0,0,2,0.0,0,0,0.0,0,0,0,0,1,2,1,135.4
22024,203999,Nikola Jokić,1641744,Zach Edey,1,2:14,14.2,9,19,3,1,0,4,5,0.8,1,1,1.0,0,0,0,0,0,0,0,134.5
22024,203999,Nikola Jokić,202691,Klay Thompson,4,2:41,14.0,6,28,0,2,0,2,3,0.667,0,0,0.0,0,0,0,0,2,2,1,160.6
22024,203999,Nikola Jokić,1629638,Nickeil Alexander-Walker,4,2:23,13.8,4,22,2,2,0,2,3,0.667,0,0,0.0,0,0,0,0,0,0,0,143.3
22024,203999,Nikola Jokić,1626204,Larry Nance Jr.,1,2:40,13.6,7,13,1,0,0,2,4,0.5,1,2,0.5,0,0,0,0,2,2,0,160.0
22024,203999,Nikola Jokić,1641718,Keyonte George,4,2:19,13.5,5,27,4,2,0,2,4,0.5,0,0,0.0,0,0,0,0,1,1,1,139.0
22024,203999,Nikola Jokić,1630178,Tyrese Maxey,2,2:11,13.3,3,24,4,2,0,1,3,0.333,0,0,0.0,0,0,0,0,1,1,1,130.8
22024,203999,Nikola Jokić,1629048,Goga Bitadze,1,2:48,13.3,7,14,2,0,0,3,6,0.5,0,2,0.0,0,0,0,0,1,2,1,168.1
22024,203999,Nikola Jokić,1641709,Ausar Thompson,2,2:27,13.2,3,35,5,0,0,1,2,0.5,0,0,0.0,0,0,0,0,1,1,1,146.9
22024,203999,Nikola Jokić,202710,Jimmy Butler III,3,2:07,13.2,4,22,1,0,0,2,2,1.0,0,0,0.0,0,0,0,0,0,0,0,127.1
22024,203999,Nikola Jokić,1628964,Mo Bamba,2,2:23,13.2,3,9,0,1,0,1,2,0.5,1,1,1.0,0,0,0,0,0,0,0,142.8
22024,203999,Nikola Jokić,203468,CJ McCollum,3,2:29,13.0,4,13,1,0,1,2,6,0.333,0,0,0.0,0,0,0,0,0,0,0,149.0
22024,203999,Nikola Jokić,1629656,Quentin Grimes,3,2:27,13.0,10,34,1,0,0,5,6,0.833,0,0,0.0,0,0,0,0,0,0,0,147.1
22024,203999,Nikola Jokić,1629029,Luka Dončić,2,2:20,13.0,2,16,1,2,0,1,3,0.333,0,0,0.0,0,0,0,0,0,0,0,140.3
22024,203999,Nikola Jokić,1628969,Mikal Bridges,2,2:21,12.7,4,28,2,0,0,2,5,0.4,0,0,0.0,0,0,0,0,0,0,0,140.7
22024,203999,Nikola Jokić,1626220,Royce O'Neale,4,1:56,12.6,10,27,3,0,0,4,8,0.5,0,1,0.0,0,0,0,0,2,2,0,116.4
22024,203999,Nikola Jokić,1628436,Luke Kornet,1,2:17,12.6,4,17,1,2,0,2,5,0.4,0,0,0.0,0,0,0,0,0,0,0,136.5
22024,203999,Nikola Jokić,1642348,Justin Edwards,2,2:27,12.6,6,37,6,1,0,3,5,0.6,0,0,0.0,0,0,0,0,0,1,1,146.6
22024,203999,Nikola Jokić,2544,LeBron James,2,2:35,12.5,0,19,1,1,0,0,1,0.0,0,0,0.0,0,0,0,0,0,0,0,154.5
22024,203999,Nikola Jokić,1629673,Jordan Poole,2,1:20,12.5,7,17,2,0,0,3,4,0.75,1,1,1.0,0,0,0,0,0,0,0,80.3
22024,203999,Nikola Jokić,1630166,Deni Avdija,3,2:12,12.5,10,26,2,0,0,4,6,0.667,0,0,0.0,0,0,0,0,2,2,1,132.1
22024,203999,Nikola Jokić,1628368,De'Aaron Fox,2,1:41,12.5,11,16,2,1,0,4,4,1.0,1,1,1.0,0,0,0,0,2,2,0,101.0
22024,203999,Nikola Jokić,1630534,Ochai Agbaji,2,1:56,12.4,2,10,1,0,0,1,1,1.0,0,0,0.0,0,0,0,0,0,0,0,116.2
22024,203999,Nikola Jokić,1627752,Taurean Prince,2,2:04,12.2,9,32,2,0,0,4,6,0.667,1,1,1.0,0,0,0,0,0,0,0,123.6
22024,203999,Nikola Jokić,201144,Mike Conley,4,2:17,12.2,8,14,2,3,0,4,5,0.8,0,0,0.0,0,0,0,0,0,0,0,137.0
22024,203999,Nikola Jokić,1630170,Devin Vassell,2,1:58,11.9,4,17,1,1,0,2,5,0.4,0,1,0.0,0,0,0,0,0,0,0,118.1
22024,203999,Nikola Jokić,1628371,Jonathan Isaac,2,1:42,11.8,9,17,2,0,0,3,3,1.0,0,0,0.0,0,0,0,0,3,3,2,102.2
22024,203999,Nikola Jokić,1629014,Anfernee Simons,3,2:15,11.6,6,17,0,2,0,3,5,0.6,0,1,0.0,0,0,0,0,0,0,0,135.4
22024,203999,Nikola Jokić,1642261,Dalton Knecht,3,2:15,11.5,9,31,2,1,1,1,3,0.333,0,0,0.0,0,0,0,0,7,8,3,134.7
22024,203999,Nikola Jokić,1627739,Kris Dunn,3,1:55,11.4,9,23,1,0,0,4,5,0.8,1,1,1.0,0,0,0,0,0,0,0,114.6
22024,203999,Nikola Jokić,1628970,Miles Bridges,2,1:43,11.2,6,15,0,1,0,3,3,1.0,0,0,0.0,0,0,0,0,0,0,0,103.3
22024,203999,Nikola Jokić,201587,Nicolas Batum,3,1:39,11.2,3,13,0,4,0,1,3,0.333,0,1,0.0,0,0,0,0,1,2,0,99.0
22024,203999,Nikola Jokić,1628374,Lauri Markkanen,1,1:25,11.1,6,16,0,0,0,3,6,0.5,0,1,0.0,0,0,0,0,0,0,0,84.9
22024,203999,Nikola Jokić,1641711,Gradey Dick,2,1:32,11.1,3,16,1,0,0,1,4,0.25,0,1,0.0,0,0,0,0,1,2,1,92.3
22024,203999,Nikola Jokić,1642267,Bub Carrington,2,1:40,11.1,12,23,1,0,0,4,4,1.0,0,0,0.0,0,0,0,0,4,4,2,99.8
22024,203999,Nikola Jokić,203471,Dennis Schröder,2,1:14,11.1,4,26,0,1,0,2,4,0.5,0,1,0.0,0,0,0,0,0,1,1,74.2
22024,203999,Nikola Jokić,1629645,Kevin Porter Jr.,4,1:47,11.1,7,28,2,0,0,3,4,0.75,0,0,0.0,0,0,0,0,1,2,1,107.2
22024,203999,Nikola Jokić,1629312,Haywood Highsmith,2,1:47,11.0,4,17,2,1,0,1,1,1.0,0,0,0.0,0,0,0,0,2,2,1,107.1
22024,203999,Nikola Jokić,203939,Dwight Powell,1,2:12,10.8,8,15,2,1,0,2,3,0.667,0,0,0.0,0,0,0,0,4,4,2,132.0
22024,203999,Nikola Jokić,1641733,Nick Smith Jr.,2,1:40,10.7,8,25,2,0,0,4,4,1.0,0,0,0.0,0,0,0,0,0,0,0,100.0
22024,203999,Nikola Jokić,1628404,Josh Hart,2,1:36,10.6,2,16,1,0,0,0,2,0.0,0,0,0.0,0,0,0,0,2,2,1,95.9
22024,203999,Nikola Jokić,1630700,Dyson Daniels,2,1:31,10.5,11,16,0,0,0,5,12,0.417,0,2,0.0,0,0,0,0,1,1,1,90.7
22024,203999,Nikola Jokić,1630548,Johnny Juzang,4,1:38,10.2,15,21,1,1,0,7,9,0.778,0,0,0.0,0,0,0,0,1,1,1,97.5
22024,203999,Nikola Jokić,1626145,Tyus Jones,4,1:17,10.2,0,9,1,0,0,0,2,0.0,0,1,0.0,0,0,0,0,0,0,0,76.7
22024,203999,Nikola Jokić,203084,Harrison Barnes,2,1:35,10.1,5,9,0,1,0,2,7,0.286,0,1,0.0,0,0,0,0,1,1,1,94.6
22024,203999,Nikola Jokić,1641764,Brandin Podziemski,2,1:27,10.1,6,22,4,0,0,3,3,1.0,0,0,0.0,0,0,0,0,0,0,0,87.1
22024,203999,Nikola Jokić,1627732,Ben Simmons,1,1:33,10.0,5,14,2,0,0,2,3,0.667,0,0,0.0,0,0,0,0,1,2,0,93.4
22024,203999,Nikola Jokić,201142,Kevin Durant,3,2:08,10.0,2,11,0,1,1,1,6,0.167,0,2,0.0,0,0,0,0,0,0,0,127.6
22024,203999,Nikola Jokić,1641717,Cason Wallace,4,1:45,9.9,8,14,1,1,0,4,5,0.8,0,0,0.0,0,0,0,0,0,0,0,104.7
22024,203999,Nikola Jokić,1630198,Isaiah Joe,4,1:48,9.8,2,13,2,0,0,1,3,0.333,0,0,0.0,0,0,0,0,0,0,0,108.4
22024,203999,Nikola Jokić,1627747,Caris LeVert,2,1:27,9.8,4,18,3,0,0,2,3,0.667,0,0,0.0,0,0,0,0,0,0,0,87.5
22024,203999,Nikola Jokić,1626164,Devin Booker,2,1:55,9.7,7,21,3,2,0,3,3,1.0,1,1,1.0,0,0,0,0,0,0,0,115.3
22024,203999,Nikola Jokić,1631114,Jalen Williams,4,1:41,9.6,0,9,4,1,0,0,0,0.0,0,0,0.0,0,0,0,0,0,0,0,100.9
22024,203999,Nikola Jokić,1641722,Jordan Hawkins,3,1:26,9.6,7,13,1,0,0,3,3,1.0,1,1,1.0,0,0,0,0,0,0,0,86.1
22024,203999,Nikola Jokić,1628384,OG Anunoby,2,1:40,9.4,6,18,1,0,1,3,6,0.5,0,0,0.0,0,0,0,0,0,0,0,100.1
22024,203999,Nikola Jokić,1642367,Jonathan Mogbo,2,1:07,9.2,3,11,1,2,0,1,3,0.333,0,0,0.0,0,0,0,0,1,2,0,67.0
22024,203999,Nikola Jokić,1628963,Marvin Bagley III,1,2:02,9.0,11,14,1,0,1,4,11,0.364,0,0,0.0,0,0,0,0,3,5,2,122.0
22024,203999,Nikola Jokić,1630174,Aaron Nesmith,2,1:46,9.0,4,19,1,1,0,2,2,1.0,0,0,0.0,0,0,0,0,0,0,0,106.4
22024,203999,Nikola Jokić,202699,Tobias Harris,2,1:38,9.0,6,19,1,0,0,2,4,0.5,1,1,1.0,0,0,0,0,1,1,1,98.0
22024,203999,Nikola Jokić,1630577,Julian Champagnie,2,1:33,9.0,2,13,2,0,0,1,3,0.333,0,0,0.0,0,0,0,0,0,0,0,93.0
22024,203999,Nikola Jokić,1627749,Dejounte Murray,1,1:51,8.9,2,8,1,0,0,1,4,0.25,0,0,0.0,0,0,0,0,0,0,0,111.4
22024,203999,Nikola Jokić,1630182,Josh Green,2,1:36,8.9,2,15,1,0,0,1,1,1.0,0,0,0.0,0,0,0,0,0,0,0,95.8
22024,203999,Nikola Jokić,1628973,Jalen Brunson,2,1:15,8.9,5,16,1,0,0,2,3,0.667,1,2,0.5,0,0,0,0,0,0,0,74.8
22024,203999,Nikola Jokić,1629636,Darius Garland,2,1:02,8.9,2,7,0,1,0,1,2,0.5,0,1,0.0,0,0,0,0,0,0,0,62.0
22024,203999,Nikola Jokić,1630188,Jalen Smith,1,1:46,8.8,4,10,1,0,0,2,3,0.667,0,1,0.0,0,0,0,0,0,0,0,106.4
22024,203999,Nikola Jokić,1626181,Norman Powell,3,1:09,8.8,7,11,0,1,0,3,3,1.0,1,1,1.0,0,0,0,0,0,0,0,69.4
22024,203999,Nikola Jokić,1629018,Gary Trent Jr.,2,1:23,8.7,14,18,0,0,0,7,9,0.778,0,1,0.0,0,0,0,0,0,0,0,83.4
22024,203999,Nikola Jokić,1629628,RJ Barrett,2,1:12,8.7,9,12,0,1,0,4,5,0.8,1,1,1.0,0,0,0,0,0,0,0,71.8
22024,203999,Nikola Jokić,1630558,Davion Mitchell,2,1:33,8.7,8,19,0,0,0,4,4,1.0,0,0,0.0,0,0,0,0,0,0,0,92.8
22024,203999,Nikola Jokić,1631133,Jabari Walker,2,1:13,8.6,4,11,0,1,0,1,3,0.333,0,0,0.0,0,0,0,0,2,2,1,72.7
22024,203999,Nikola Jokić,1630692,Jordan Goodwin,2,1:09,8.5,5,15,0,1,0,1,1,1.0,0,0,0.0,0,0,0,0,3,3,1,68.9
22024,203999,Nikola Jokić,1630595,Cade Cunningham,2,1:07,8.4,0,9,0,1,0,0,0,0.0,0,0,0.0,0,0,0,0,0,0,0,66.7
22024,203999,Nikola Jokić,1630169,Tyrese Haliburton,2,1:22,8.4,4,13,3,0,0,2,2,1.0,0,0,0.0,0,0,0,0,0,0,0,81.9
22024,203999,Nikola Jokić,1628369,Jayson Tatum,1,1:20,8.3,2,14,3,1,0,1,1,1.0,0,0,0.0,0,0,0,0,0,0,0,80.0
22024,203999,Nikola Jokić,1630598,Aaron Wiggins,4,1:38,8.2,4,15,3,1,0,2,3,0.667,0,0,0.0,0,0,0,0,0,0,0,98.2
22024,203999,Nikola Jokić,1629611,Terance Mann,2,1:28,8.2,7,18,1,0,0,3,4,0.75,1,1,1.0,0,0,0,0,0,0,0,88.2
22024,203999,Nikola Jokić,1628378,Donovan Mitchell,2,1:23,8.2,6,15,1,0,0,2,4,0.5,0,1,0.0,0,0,0,0,2,2,1,82.7
22024,203999,Nikola Jokić,1630228,Jonathan Kuminga,2,1:50,8.1,2,23,0,0,0,1,1,1.0,0,0,0.0,0,0,0,0,0,0,0,110.5
22024,203999,Nikola Jokić,1629027,Trae Young,2,1:08,7.9,7,14,2,0,0,3,4,0.75,1,1,1.0,0,0,0,0,0,0,0,68.3
22024,203999,Nikola Jokić,1629731,Dean Wade,2,1:06,7.8,2,7,2,0,0,1,3,0.333,0,0,0.0,0,0,0,0,0,0,0,65.6
22024,203999,Nikola Jokić,1628401,Derrick White,1,1:11,7.8,4,17,0,0,0,2,3,0.667,0,0,0.0,0,0,0,0,0,0,0,70.9
22024,203999,Nikola Jokić,1641729,Brice Sensabaugh,4,1:13,7.7,2,12,1,0,0,1,6,0.167,0,0,0.0,0,0,0,0,0,0,0,73.3
22024,203999,Nikola Jokić,1631101,Shaedon Sharpe,3,1:23,7.6,4,12,0,0,0,2,2,1.0,0,0,0.0,0,0,0,0,0,0,0,82.9
22024,203999,Nikola Jokić,203924,Jerami Grant,1,1:41,7.5,0,4,0,1,0,0,0,0.0,0,0,0.0,0,0,0,0,0,0,0,101.3
22024,203999,Nikola Jokić,1641737,Adem Bona,2,1:27,7.4,3,10,3,0,0,1,1,1.0,1,1,1.0,0,0,0,0,0,0,0,87.3
22024,203999,Nikola Jokić,1630541,Moses Moody,2,0:57,7.3,1,9,1,0,0,0,1,0.0,0,0,0.0,0,0,0,0,1,2,1,57.0
22024,203999,Nikola Jokić,1629631,De'Andre Hunter,2,1:04,7.3,2,13,1,1,0,1,2,0.5,0,0,0.0,0,0,0,0,0,0,0,63.7
22024,203999,Nikola Jokić,1628978,Donte DiVincenzo,2,1:12,7.3,2,4,0,0,0,1,3,0.333,0,0,0.0,0,0,0,0,0,0,0,72.5
22024,203999,Nikola Jokić,1630567,Scottie Barnes,1,1:26,7.3,6,11,0,0,0,3,4,0.75,0,0,0.0,0,0,0,0,0,0,0,86.2
22024,203999,Nikola Jokić,1642273,Kyshawn George,1,1:13,7.2,6,16,0,1,0,3,4,0.75,0,0,0.0,0,0,0,0,0,0,0,73.4
22024,203999,Nikola Jokić,1627884,Derrick Jones Jr.,2,1:30,7.2,2,14,0,0,0,1,3,0.333,0,1,0.0,0,0,0,0,0,0,0,90.0
22024,203999,Nikola Jokić,1628415,Dillon Brooks,1,1:27,7.0,0,10,1,0,0,0,0,0.0,0,0,0.0,0,0,0,0,0,0,0,86.6
22024,203999,Nikola Jokić,1642264,Stephon Castle,2,1:14,7.0,4,10,0,0,0,2,3,0.667,0,0,0.0,0,0,0,0,0,0,0,74.1
22024,203999,Nikola Jokić,1642346,Ryan Dunn,3,1:03,7.0,2,10,0,0,0,0,0,0.0,0,0,0.0,0,0,0,0,2,2,1,63.4
22024,203999,Nikola Jokić,1629130,Duncan Robinson,2,1:09,7.0,2,9,0,0,0,1,1,1.0,0,0,0.0,0,0,0,0,0,0,0,68.6
22024,203999,Nikola Jokić,1629637,Jaxson Hayes,1,1:15,6.9,0,4,2,0,1,0,3,0.0,0,0,0.0,0,0,0,0,0,0,0,74.6
22024,203999,Nikola Jokić,1627759,Jaylen Brown,1,1:24,6.6,4,12,1,0,0,2,2,1.0,0,0,0.0,0,0,0,0,0,0,0,83.9
22024,203999,Nikola Jokić,1642276,Kel'el Ware,2,1:16,6.5,4,4,0,0,0,1,2,0.5,0,1,0.0,0,0,0,0,2,2,1,75.6
22024,203999,Nikola Jokić,1630553,Keon Johnson,2,1:05,6.5,10,15,1,0,0,5,6,0.833,0,0,0.0,0,0,0,0,0,0,0,64.5
22024,203999,Nikola Jokić,1631110,Jeremy Sochan,1,1:12,6.5,4,6,0,0,0,2,3,0.667,0,0,0.0,0,0,0,0,0,0,0,71.6
22024,203999,Nikola Jokić,1628370,Malik Monk,2,0:56,6.3,4,6,1,0,0,0,0,0.0,0,0,0.0,0,0,0,0,4,4,0,56.4
22024,203999,Nikola Jokić,203081,Damian Lillard,1,0:50,6.2,2,12,0,1,0,1,1,1.0,0,0,0.0,0,0,0,0,0,0,0,49.8
22024,203999,Nikola Jokić,201569,Eric Gordon,2,0:48,6.2,2,13,1,2,0,1,1,1.0,0,0,0.0,0,0,0,0,0,0,0,47.6
22024,203999,Nikola Jokić,1628464,Daniel Theis,1,1:03,6.2,5,13,0,0,0,2,2,1.0,1,1,1.0,0,0,0,0,0,2,1,63.2
22024,203999,Nikola Jokić,1630533,Ziaire Williams,2,0:57,6.1,4,11,2,1,0,1,2,0.5,0,0,0.0,0,0,0,0,2,2,1,57.5
22024,203999,Nikola Jokić,1627741,Buddy Hield,2,0:52,6.1,3,13,1,0,0,1,1,1.0,0,0,0.0,0,0,0,0,1,2,1,52.1
22024,203999,Nikola Jokić,1630175,Cole Anthony,2,0:42,6.1,0,2,0,1,0,0,0,0.0,0,0,0.0,0,0,0,0,0,0,0,41.8
22024,203999,Nikola Jokić,1629614,Andrew Nembhard,2,0:58,5.9,0,14,0,0,0,0,1,0.0,0,0,0.0,0,0,0,0,0,0,0,57.7
22024,203999,Nikola Jokić,1629646,Charles Bassey,1,0:59,5.9,5,7,0,0,0,2,5,0.4,0,2,0.0,0,0,0,0,1,1,1,58.5
22024,203999,Nikola Jokić,1628366,Lonzo Ball,1,1:03,5.8,4,13,1,0,0,2,3,0.667,0,0,0.0,0,0,0,0,0,0,0,63.5
22024,203999,Nikola Jokić,1630249,Vít Krejčí,2,0:49,5.6,2,13,0,0,0,0,1,0.0,0,0,0.0,0,0,0,0,2,2,0,49.1
22024,203999,Nikola Jokić,203507,Giannis Antetokounmpo,1,1:01,5.6,4,8,1,0,0,1,2,0.5,0,0,0.0,0,0,0,0,2,4,1,60.8
22024,203999,Nikola Jokić,1642258,Zaccharie Risacher,2,0:59,5.6,6,6,0,0,1,3,4,0.75,0,0,0.0,0,0,0,0,0,0,0,58.9
22024,203999,Nikola Jokić,1629216,Gabe Vincent,2,0:48,5.5,4,9,2,0,0,1,1,1.0,0,0,0.0,0,0,0,0,2,2,0,48.3
22024,203999,Nikola Jokić,202331,Paul George,1,0:43,5.5,4,10,0,0,1,2,3,0.667,0,0,0.0,0,0,0,0,0,0,0,42.8
22024,203999,Nikola Jokić,1629630,Ja Morant,1,0:44,5.4,0,2,1,0,0,0,1,0.0,0,0,0.0,0,0,0,0,0,0,0,44.1
22024,203999,Nikola Jokić,1627777,Georges Niang,2,0:50,5.4,2,13,1,0,0,1,4,0.25,0,0,0.0,0,0,0,0,0,0,0,50.1
22024,203999,Nikola Jokić,203458,Alex Len,1,0:46,5.4,4,13,1,0,0,2,3,0.667,0,1,0.0,0,0,0,0,0,0,0,45.8
22024,203999,Nikola Jokić,1629629,Cam Reddish,2,0:37,5.3,2,5,0,0,0,1,2,0.5,0,0,0.0,0,0,0,0,0,0,0,36.6
22024,203999,Nikola Jokić,1642262,Cody Williams,3,0:37,5.3,0,4,0,0,0,0,0,0.0,0,0,0.0,0,0,0,0,0,0,0,37.0
22024,203999,Nikola Jokić,1631094,Paolo Banchero,2,0:57,5.3,0,16,2,1,0,0,0,0.0,0,0,0.0,0,0,0,0,0,0,0,56.8
22024,203999,Nikola Jokić,1631260,AJ Green,2,0:56,5.1,6,9,1,0,0,3,3,1.0,0,0,0.0,0,0,0,0,0,0,0,55.5
22024,203999,Nikola Jokić,1630581,Josh Giddey,1,0:47,5.0,0,2,0,1,0,0,0,0.0,0,0,0.0,0,0,0,0,0,0,0,46.8
22024,203999,Nikola Jokić,1629003,Shake Milton,2,0:42,4.9,4,14,0,0,0,1,2,0.5,0,0,0.0,0,0,0,0,2,2,1,42.1
22024,203999,Nikola Jokić,203114,Khris Middleton,1,0:57,4.9,5,10,0,0,0,1,1,1.0,0,0,0.0,0,0,0,0,3,3,2,57.2
22024,203999,Nikola Jokić,1630540,Miles McBride,2,0:46,4.8,2,7,0,0,0,1,2,0.5,0,0,0.0,0,0,0,0,0,0,0,46.4
22024,203999,Nikola Jokić,1630532,Franz Wagner,1,0:51,4.7,4,10,0,1,0,2,2,1.0,0,0,0.0,0,0,0,0,0,0,0,51.3
22024,203999,Nikola Jokić,1630217,Desmond Bane,1,1:02,4.6,2,14,1,0,0,1,1,1.0,0,0,0.0,0,0,0,0,0,0,0,62.2
22024,203999,Nikola Jokić,1629661,Cameron Johnson,1,0:51,4.5,2,9,3,0,0,1,1,1.0,0,0,0.0,0,0,0,0,0,0,0,51.2
22024,203999,Nikola Jokić,1630703,Scoot Henderson,2,0:38,4.5,0,4,1,0,0,0,0,0.0,0,0,0.0,0,0,0,0,0,0,0,38.2
22024,203999,Nikola Jokić,1641757,Jordan Miller,2,0:31,4.5,0,4,0,1,0,0,0,0.0,0,0,0.0,0,0,0,0,0,0,0,31.4
22024,203999,Nikola Jokić,1641878,Damion Baugh,1,0:56,4.4,8,11,0,0,0,3,6,0.5,1,2,0.5,0,0,0,0,1,2,1,55.9
22024,203999,Nikola Jokić,1629599,Amir Coffey,3,0:47,4.4,6,10,0,0,0,2,2,1.0,1,1,1.0,0,0,0,0,1,2,1,47.3
22024,203999,Nikola Jokić,1631170,Jaime Jaquez Jr.,1,0:31,4.4,2,7,2,0,0,1,2,0.5,0,0,0.0,0,0,0,0,0,0,0,30.8
22024,203999,Nikola Jokić,1628420,Monté Morris,3,1:07,4.4,2,11,3,0,0,1,1,1.0,0,0,0.0,0,0,0,0,0,0,0,66.9
22024,203999,Nikola Jokić,1641783,Tristan da Silva,2,0:30,4.4,2,7,0,0,0,1,1,1.0,0,0,0.0,0,0,0,0,0,0,0,30.2
22024,203999,Nikola Jokić,1628981,Bruno Fernando,1,0:44,4.3,0,5,0,0,0,0,0,0.0,0,0,0.0,0,0,0,0,0,0,0,44.1
22024,203999,Nikola Jokić,1630590,Scotty Pippen Jr.,1,0:38,4.3,5,12,0,0,0,2,2,1.0,0,0,0.0,0,0,0,0,1,1,1,37.6
22024,203999,Nikola Jokić,1629626,Bol Bol,2,0:38,4.3,5,12,2,0,0,2,3,0.667,1,1,1.0,0,0,0,0,0,0,0,38.0
22024,203999,Nikola Jokić,203484,Kentavious Caldwell-Pope,2,0:40,4.3,4,7,0,0,0,2,2,1.0,0,0,0.0,0,0,0,0,0,0,0,39.6
22024,203999,Nikola Jokić,1631106,Tari Eason,1,0:40,4.2,0,14,0,0,0,0,0,0.0,0,0,0.0,0,0,0,0,0,0,0,40.4
22024,203999,Nikola Jokić,1626196,Josh Richardson,1,0:37,4.2,2,5,0,0,0,1,1,1.0,0,0,0.0,0,0,0,0,0,0,0,37.4
22024,203999,Nikola Jokić,201939,Stephen Curry,2,0:43,4.2,9,9,1,0,0,4,4,1.0,1,1,1.0,0,0,0,0,0,0,0,43.2
22024,203999,Nikola Jokić,203952,Andrew Wiggins,1,0:29,4.1,0,6,1,0,0,0,0,0.0,0,0,0.0,0,0,0,0,0,0,0,28.6
22024,203999,Nikola Jokić,1628960,Grayson Allen,1,0:40,4.1,4,12,2,0,0,2,2,1.0,0,0,0.0,0,0,0,0,0,0,0,40.2
22024,203999,Nikola Jokić,1630625,Dalano Banton,2,0:44,4.0,0,11,1,0,0,0,0,0.0,0,0,0.0,0,0,0,0,0,0,0,43.8
22024,203999,Nikola Jokić,1630245,Ayo Dosunmu,1,0:29,4.0,0,6,0,0,0,0,0,0.0,0,0,0.0,0,0,0,0,0,0,0,29.0
22024,203999,Nikola Jokić,1630695,Micah Potter,1,0:46,4.0,6,12,0,0,0,3,4,0.75,0,0,0.0,0,0,0,0,0,1,1,45.8
22024,203999,Nikola Jokić,1642419,Jamison Battle,2,0:14,3.8,0,0,0,1,0,0,1,0.0,0,0,0.0,0,0,0,0,0,0,0,13.6
22024,203999,Nikola Jokić,1629639,Tyler Herro,2,0:39,3.8,2,2,0,0,0,1,1,1.0,0,0,0.0,0,0,0,0,0,0,0,38.7
22024,203999,Nikola Jokić,203501,Tim Hardaway Jr.,2,0:34,3.8,2,13,2,0,0,0,0,0.0,0,0,0.0,0,0,0,0,2,2,1,34.4
22024,203999,Nikola Jokić,1642354,KJ Simpson,1,0:32,3.8,2,6,1,0,0,1,1,1.0,0,0,0.0,0,0,0,0,0,0,0,32.1
22024,203999,Nikola Jokić,1630224,Jalen Green,1,0:35,3.8,3,7,0,0,0,1,1,1.0,0,0,0.0,0,0,0,0,1,2,1,35.4
22024,203999,Nikola Jokić,1642268,Isaiah Collier,3,0:38,3.7,2,4,0,0,0,1,3,0.333,0,0,0.0,0,0,0,0,0,0,0,38.5
22024,203999,Nikola Jokić,1630529,Herbert Jones,1,0:50,3.7,2,11,1,0,0,1,2,0.5,0,0,0.0,0,0,0,0,0,0,0,49.6
22024,203999,Nikola Jokić,1641708,Amen Thompson,1,0:38,3.6,0,3,0,1,0,0,0,0.0,0,0,0.0,0,0,0,0,0,0,0,37.8
22024,203999,Nikola Jokić,1641732,Colby Jones,1,0:19,3.6,4,4,0,0,0,2,2,1.0,0,0,0.0,0,0,0,0,0,1,1,19.3
22024,203999,Nikola Jokić,1641741,Ricky Council IV,2,0:47,3.6,2,10,2,0,0,1,1,1.0,0,0,0.0,0,0,0,0,0,0,0,47.3
22024,203999,Nikola Jokić,1631213,Tyrese Martin,1,0:24,3.5,4,7,0,0,0,2,3,0.667,0,0,0.0,0,0,0,0,0,0,0,23.9
22024,203999,Nikola Jokić,1629004,Svi Mykhailiuk,3,0:35,3.4,2,5,1,0,0,1,1,1.0,0,0,0.0,0,0,0,0,0,0,0,35.1
22024,203999,Nikola Jokić,1629610,DaQuan Jeffries,1,0:40,3.4,4,4,1,0,0,0,0,0.0,0,0,0.0,0,0,0,0,4,4,2,39.6
22024,203999,Nikola Jokić,1626179,Terry Rozier,2,0:34,3.4,5,7,0,0,0,2,2,1.0,0,0,0.0,0,0,0,0,1,1,1,33.6
22024,203999,Nikola Jokić,1631093,Jaden Ivey,1,0:20,3.3,0,4,0,0,0,0,0,0.0,0,0,0.0,0,0,0,0,0,0,0,19.6
22024,203999,Nikola Jokić,1630592,Jalen Wilson,2,0:38,3.3,0,6,0,0,0,0,0,0.0,0,0,0.0,0,0,0,0,0,0,0,38.0
22024,203999,Nikola Jokić,1628449,Chris Boucher,2,0:26,3.3,4,6,0,0,1,2,4,0.5,0,0,0.0,0,0,0,0,0,0,0,25.8
22024,203999,Nikola Jokić,1630560,Cam Thomas,1,0:32,3.3,2,10,0,0,0,1,1,1.0,0,0,0.0,0,0,0,0,0,0,0,32.2
22024,203999,Nikola Jokić,1630702,Jaden Hardy,4,0:42,3.2,0,8,2,0,0,0,1,0.0,0,0,0.0,0,0,0,0,0,0,0,42.5
22024,203999,Nikola Jokić,1630611,Gui Santos,1,0:38,3.2,4,6,1,0,0,2,2,1.0,0,0,0.0,0,0,0,0,0,0,0,37.9
22024,203999,Nikola Jokić,1642366,Quinten Post,1,0:30,3.2,2,5,0,0,0,0,0,0.0,0,0,0.0,0,0,0,0,2,2,0,30.2
22024,203999,Nikola Jokić,1630631,Jose Alvarado,1,0:34,3.2,0,7,2,0,0,0,1,0.0,0,1,0.0,0,0,0,0,0,0,0,33.6
22024,203999,Nikola Jokić,1631172,Ousmane Dieng,3,0:32,3.2,2,4,0,0,0,1,2,0.5,0,0,0.0,0,0,0,0,0,0,0,32.2
22024,203999,Nikola Jokić,1631107,Nikola Jović,2,0:40,3.1,0,2,0,0,0,0,1,0.0,0,0,0.0,0,0,0,0,0,0,0,39.7
22024,203999,Nikola Jokić,1629640,Keldon Johnson,2,0:29,3.1,2,8,0,0,0,1,1,1.0,0,0,0.0,0,0,0,0,0,0,0,28.7
22024,203999,Nikola Jokić,1630231,KJ Martin,1,0:32,3.1,0,14,0,0,0,0,0,0.0,0,0,0.0,0,0,0,0,0,0,0,32.4
22024,203999,Nikola Jokić,1631108,Max Christie,1,0:27,3.0,3,8,1,0,0,1,1,1.0,0,0,0.0,0,0,0,0,1,2,1,27.0
22024,203999,Nikola Jokić,1630202,Payton Pritchard,1,0:25,3.0,0,7,1,0,0,0,0,0.0,0,0,0.0,0,0,0,0,0,0,0,25.2
22024,203999,Nikola Jokić,1631097,Bennedict Mathurin,2,0:23,3.0,4,11,0,0,0,2,2,1.0,0,0,0.0,0,0,0,0,0,0,0,22.7
22024,203999,Nikola Jokić,1641787,Tosan Evbuomwan,1,0:21,2.9,2,7,0,0,0,1,2,0.5,0,0,0.0,0,0,0,0,0,0,0,20.8
22024,203999,Nikola Jokić,1627783,Pascal Siakam,1,0:35,2.9,0,5,1,0,0,0,1,0.0,0,1,0.0,0,0,0,0,0,0,0,34.7
22024,203999,Nikola Jokić,203552,Seth Curry,2,0:29,2.9,0,2,0,0,0,0,1,0.0,0,0,0.0,0,0,0,0,0,0,0,29.3
22024,203999,Nikola Jokić,1641842,Ronald Holland II,2,0:18,2.9,2,4,0,0,0,0,0,0.0,0,0,0.0,0,0,0,0,2,2,1,18.1
22024,203999,Nikola Jokić,1629674,Neemias Queta,1,0:54,2.8,0,2,0,0,0,0,0,0.0,0,0,0.0,0,0,0,0,0,0,0,53.7
22024,203999,Nikola Jokić,1629057,Robert Williams III,1,0:29,2.8,0,2,0,0,0,0,0,0.0,0,0,0.0,0,0,0,0,0,0,0,29.3
22024,203999,Nikola Jokić,201145,Jeff Green,1,0:26,2.8,2,5,0,0,0,1,1,1.0,0,0,0.0,0,0,0,0,0,0,0,26.1
22024,203999,Nikola Jokić,1628379,Luke Kennard,1,0:20,2.7,0,0,0,0,0,0,0,0.0,0,0,0.0,0,0,0,0,0,0,0,19.6
22024,203999,Nikola Jokić,1628396,Tony Bradley,1,0:40,2.7,1,3,1,0,0,0,1,0.0,0,1,0.0,0,0,0,0,1,2,0,40.4
22024,203999,Nikola Jokić,203903,Jordan Clarkson,1,0:30,2.7,0,5,0,0,0,0,0,0.0,0,0,0.0,0,0,0,0,0,0,0,30.1
22024,203999,Nikola Jokić,204456,T.J. McConnell,1,0:26,2.6,2,2,0,0,0,1,2,0.5,0,0,0.0,0,0,0,0,0,0,0,25.8
22024,203999,Nikola Jokić,202704,Reggie Jackson,2,0:24,2.6,3,5,0,0,0,1,2,0.5,1,1,1.0,0,0,0,0,0,0,0,23.6
22024,203999,Nikola Jokić,1630526,Jeremiah Robinson-Earl,2,0:24,2.6,1,7,1,0,0,0,0,0.0,0,0,0.0,0,0,0,0,1,2,0,23.9
22024,203999,Nikola Jokić,1631200,Kris Murray,1,0:41,2.5,2,8,0,0,0,1,1,1.0,0,0,0.0,0,0,0,0,0,0,0,41.5
22024,203999,Nikola Jokić,201988,Patty Mills,1,0:21,2.5,0,2,0,0,0,0,0,0.0,0,0,0.0,0,0,0,0,0,0,0,21.5
22024,203999,Nikola Jokić,1631246,Vince Williams Jr.,1,0:17,2.4,2,2,0,0,0,1,1,1.0,0,0,0.0,0,0,0,0,0,0,0,17.0
22024,203999,Nikola Jokić,1629622,Max Strus,1,0:22,2.4,0,5,2,0,0,0,0,0.0,0,0,0.0,0,0,0,0,0,0,0,22.2
22024,203999,Nikola Jokić,1630172,Patrick Williams,1,0:16,2.4,2,4,0,0,0,1,1,1.0,0,0,0.0,0,0,0,0,0,0,0,15.6
22024,203999,Nikola Jokić,1630215,Jared Butler,1,0:20,2.4,4,4,0,0,0,2,2,1.0,0,0,0.0,0,0,0,0,0,0,0,19.9
22024,203999,Nikola Jokić,1630241,Sam Merrill,2,0:18,2.3,4,4,0,0,0,2,3,0.667,0,1,0.0,0,0,0,0,0,0,0,17.9
22024,203999,Nikola Jokić,1629726,Garrison Mathews,2,0:21,2.3,5,7,0,0,0,2,3,0.667,0,0,0.0,0,0,0,0,1,1,1,21.3
22024,203999,Nikola Jokić,1642265,Rob Dillingham,2,0:23,2.2,0,5,0,0,0,0,0,0.0,0,0,0.0,0,0,0,0,0,0,0,23.4
22024,203999,Nikola Jokić,1627832,Fred VanVleet,1,0:28,2.2,0,6,1,0,0,0,1,0.0,0,1,0.0,0,0,0,0,0,0,0,28.2
22024,203999,Nikola Jokić,1641740,Jaylen Clark,2,0:21,2.1,11,11,0,0,0,3,3,1.0,0,0,0.0,0,0,0,0,5,6,2,21.4
22024,203999,Nikola Jokić,1641796,Pelle Larsson,1,0:15,2.0,0,2,0,0,0,0,0,0.0,0,0,0.0,0,0,0,0,0,0,0,15.1
22024,203999,Nikola Jokić,1641710,Anthony Black,2,0:19,2.0,0,2,1,1,0,0,0,0.0,0,0,0.0,0,0,0,0,0,0,0,19.1
22024,203999,Nikola Jokić,1628381,John Collins,1,0:26,1.9,5,8,0,0,0,1,1,1.0,1,1,1.0,0,0,0,0,2,2,1,26.4
22024,203999,Nikola Jokić,203937,Kyle Anderson,1,0:22,1.9,0,2,0,0,0,0,0,0.0,0,0,0.0,0,0,0,0,0,0,0,21.9
22024,203999,Nikola Jokić,1630243,Trevelin Queen,2,0:23,1.9,2,4,0,0,0,1,1,1.0,0,0,0.0,0,0,0,0,0,0,0,22.7
22024,203999,Nikola Jokić,203926,Doug McDermott,3,0:20,1.9,3,3,0,0,0,1,1,1.0,0,0,0.0,0,0,0,0,1,2,1,19.8
22024,203999,Nikola Jokić,1630557,Corey Kispert,1,0:14,1.8,0,3,0,0,0,0,0,0.0,0,0,0.0,0,0,0,0,0,0,0,14.2
22024,203999,Nikola Jokić,1641731,Bilal Coulibaly,1,0:14,1.8,3,3,0,1,0,1,1,1.0,1,1,1.0,0,0,0,0,0,0,0,14.5
22024,203999,Nikola Jokić,1642275,Tidjane Salaün,1,0:11,1.7,3,3,0,0,0,1,1,1.0,1,1,1.0,0,0,0,0,0,0,0,11.1
22024,203999,Nikola Jokić,1629660,Ty Jerome,2,0:14,1.7,0,4,0,0,0,0,0,0.0,0,0,0.0,0,0,0,0,0,0,0,13.6
22024,203999,Nikola Jokić,1629006,Josh Okogie,2,0:11,1.7,0,2,0,0,0,0,0,0.0,0,0,0.0,0,0,0,0,0,0,0,11.1
22024,203999,Nikola Jokić,1631223,David Roddy,1,0:17,1.7,0,2,0,0,0,0,0,0.0,0,0,0.0,0,0,0,0,0,0,0,16.7
22024,203999,Nikola Jokić,1641765,Olivier-Maxence Prosper,2,0:15,1.7,0,4,0,0,0,0,0,0.0,0,0,0.0,0,0,0,0,0,0,0,14.8
22024,203999,Nikola Jokić,1641767,Ben Sheppard,1,0:17,1.6,0,2,0,0,0,0,1,0.0,0,0,0.0,0,0,0,0,0,0,0,17.0
22024,203999,Nikola Jokić,1626166,Cameron Payne,2,0:15,1.6,0,3,1,0,0,0,0,0.0,0,0,0.0,0,0,0,0,0,0,0,14.8
22024,203999,Nikola Jokić,1631111,Wendell Moore Jr.,2,0:07,1.6,0,0,0,0,0,0,0,0.0,0,0,0.0,0,0,0,0,0,0,0,6.7
22024,203999,Nikola Jokić,1627736,Malik Beasley,2,0:21,1.6,4,9,0,0,0,2,2,1.0,0,0,0.0,0,0,0,0,0,0,0,21.4
22024,203999,Nikola Jokić,1642355,Bronny James,1,0:13,1.5,0,0,0,0,0,0,0,0.0,0,0,0.0,0,0,0,0,0,0,0,13.0
22024,203999,Nikola Jokić,1627780,Gary Payton II,2,0:13,1.5,0,0,0,0,0,0,0,0.0,0,0,0.0,0,0,0,0,0,0,0,13.2
22024,203999,Nikola Jokić,1630167,Obi Toppin,2,0:17,1.4,0,3,1,0,0,0,0,0.0,0,0,0.0,0,0,0,0,0,0,0,17.2
22024,203999,Nikola Jokić,1630538,Bones Hyland,1,0:09,1.4,0,2,0,0,1,0,1,0.0,0,0,0.0,0,0,0,0,0,0,0,8.8
22024,203999,Nikola Jokić,1641824,Matas Buzelis,1,0:11,1.3,2,5,1,0,0,1,1,1.0,0,0,0.0,0,0,0,0,0,0,0,11.4
22024,203999,Nikola Jokić,1641716,Jarace Walker,1,0:16,1.2,2,4,0,0,0,1,2,0.5,0,1,0.0,0,0,0,0,0,0,0,15.8
22024,203999,Nikola Jokić,203901,Elfrid Payton,1,0:12,1.2,3,3,0,0,0,1,2,0.5,1,2,0.5,0,0,0,0,0,0,0,12.3
22024,203999,Nikola Jokić,1626192,Pat Connaughton,1,0:18,1.2,2,8,0,0,0,1,1,1.0,0,0,0.0,0,0,0,0,0,0,0,18.0
22024,203999,Nikola Jokić,1627814,Damion Lee,1,0:06,1.2,0,2,0,1,0,0,0,0.0,0,0,0.0,0,0,0,0,0,0,0,6.0
22024,203999,Nikola Jokić,1642269,Devin Carter,1,0:19,1.1,0,2,0,0,0,0,0,0.0,0,0,0.0,0,0,0,0,0,0,0,18.6
22024,203999,Nikola Jokić,1642347,Jamal Shead,2,0:11,1.1,2,2,1,0,0,1,1,1.0,0,0,0.0,0,0,0,0,0,0,0,11.3
22024,203999,Nikola Jokić,1641736,Reece Beekman,1,0:13,1.1,0,0,0,0,0,0,0,0.0,0,0,0.0,0,0,0,0,0,0,0,12.9
22024,203999,Nikola Jokić,1630205,Lamar Stevens,1,0:06,1.0,0,2,0,0,0,0,0,0.0,0,0,0.0,0,0,0,0,0,0,0,6.4
22024,203999,Nikola Jokić,1630200,Tre Jones,2,0:14,1.0,0,3,0,0,0,0,0,0.0,0,0,0.0,0,0,0,0,0,0,0,13.9
22024,203999,Nikola Jokić,1628365,Markelle Fultz,1,0:12,1.0,2,2,0,0,0,1,1,1.0,0,0,0.0,0,0,0,0,0,0,0,11.8
22024,203999,Nikola Jokić,1630171,Isaac Okoro,1,0:03,1.0,3,3,0,0,0,1,1,1.0,0,0,0.0,0,0,0,0,1,1,1,3.0
22024,203999,Nikola Jokić,1626156,D'Angelo Russell,1,0:11,1.0,2,2,0,0,0,1,1,1.0,0,0,0.0,0,0,0,0,0,0,0,11.3
22024,203999,Nikola Jokić,1631169,Josh Minott,1,0:09,0.9,0,0,0,0,0,0,0,0.0,0,0,0.0,0,0,0,0,0,0,0,8.9
22024,203999,Nikola Jokić,1631207,Dalen Terry,1,0:05,0.9,2,4,0,0,0,1,1,1.0,0,0,0.0,0,0,0,0,0,0,0,5.4
22024,203999,Nikola Jokić,1631157,Ryan Rollins,1,0:13,0.9,0,0,1,0,0,0,1,0.0,0,0,0.0,0,0,0,0,0,0,0,12.7
22024,203999,Nikola Jokić,1642266,Ja'Kobe Walter,1,0:12,0.9,0,0,0,0,0,0,2,0.0,0,0,0.0,0,0,0,0,0,0,0,12.4
22024,203999,Nikola Jokić,1631216,Caleb Houstan,1,0:08,0.9,0,0,0,0,0,0,0,0.0,0,0,0.0,0,0,0,0,0,0,0,7.6
22024,203999,Nikola Jokić,1641763,Julian Phillips,1,0:05,0.9,0,0,0,0,0,0,0,0.0,0,0,0.0,0,0,0,0,0,0,0,4.8
22024,203999,Nikola Jokić,203995,Vasilije Micić,1,0:07,0.8,0,3,0,0,0,0,0,0.0,0,0,0.0,0,0,0,0,0,0,0,7.3
22024,203999,Nikola Jokić,1629111,Jock Landale,1,0:14,0.8,0,0,0,0,0,0,1,0.0,0,0,0.0,0,0,0,0,0,0,0,13.6
22024,203999,Nikola Jokić,1641794,Dillon Jones,1,0:13,0.8,0,0,0,0,0,0,0,0.0,0,0,0.0,0,0,0,0,0,0,0,13.1
22024,203999,Nikola Jokić,1642349,Ajay Mitchell,2,0:09,0.8,2,2,0,0,0,1,1,1.0,0,0,0.0,0,0,0,0,0,0,0,8.8
22024,203999,Nikola Jokić,1631098,Johnny Davis,1,0:05,0.8,0,0,0,0,0,0,0,0.0,0,0,0.0,0,0,0,0,0,0,0,4.7
22024,203999,Nikola Jokić,1642263,Reed Sheppard,1,0:11,0.7,0,0,0,0,0,0,0,0.0,0,0,0.0,0,0,0,0,0,0,0,10.5
22024,203999,Nikola Jokić,1631204,Marcus Sasser,1,0:14,0.7,2,2,0,0,0,0,0,0.0,0,0,0.0,0,0,0,0,2,2,0,14.3
22024,203999,Nikola Jokić,200768,Kyle Lowry,1,0:11,0.7,0,2,0,0,0,0,0,0.0,0,0,0.0,0,0,0,0,0,0,0,10.9
22024,203999,Nikola Jokić,1641712,Rayan Rupert,1,0:08,0.6,0,3,0,0,0,0,0,0.0,0,0,0.0,0,0,0,0,0,0,0,8.0
22024,203999,Nikola Jokić,1642422,Armel Traoré,1,0:05,0.5,2,2,0,0,0,0,0,0.0,0,0,0.0,0,0,0,0,2,2,0,5.2
22024,203999,Nikola Jokić,1642358,AJ Johnson,1,0:07,0.5,0,0,0,0,0,0,0,0.0,0,0,0.0,0,0,0,0,0,0,0,7.0
22024,203999,Nikola Jokić,1641724,Jett Howard,1,0:06,0.5,0,3,0,0,0,0,0,0.0,0,0,0.0,0,0,0,0,0,0,0,6.3
22024,203999,Nikola Jokić,1631323,Simone Fontecchio,1,0:04,0.5,2,2,0,0,0,1,1,1.0,0,0,0.0,0,0,0,0,0,0,0,4.2
22024,203999,Nikola Jokić,204060,Joe Ingles,1,0:07,0.5,0,2,0,0,0,0,0,0.0,0,0,0.0,0,0,0,0,0,0,0,7.4
22024,203999,Nikola Jokić,1641715,Cam Whitmore,1,0:04,0.4,0,0,0,0,0,0,0,0.0,0,0,0.0,0,0,0,0,0,0,0,4.2
22024,203999,Nikola Jokić,1630264,Anthony Gill,1,0:01,0.4,0,0,0,0,0,0,0,0.0,0,0,0.0,0,0,0,0,0,0,0,1.4
22024,203999,Nikola Jokić,1631288,Jamal Cain,1,0:03,0.4,0,2,0,0,0,0,0,0.0,0,0,0.0,0,0,0,0,0,0,0,2.6
22024,203999,Nikola Jokić,1630573,Sam Hauser,1,0:06,0.4,0,3,0,0,0,0,0,0.0,0,0,0.0,0,0,0,0,0,0,0,6.2
22024,203999,Nikola Jokić,1629659,Talen Horton-Tucker,1,0:05,0.3,0,0,0,0,0,0,0,0.0,0,0,0.0,0,0,0,0,0,0,0,4.6
22024,203999,Nikola Jokić,1628989,Kevin Huerter,1,0:03,0.3,0,0,0,0,0,0,0,0.0,0,0,0.0,0,0,0,0,0,0,0,2.9
22024,203999,Nikola Jokić,1641723,Kobe Bufkin,1,0:06,0.3,0,0,0,0,0,0,0,0.0,0,0,0.0,0,0,0,0,0,0,0,5.6
22024,203999,Nikola Jokić,1628470,Torrey Craig,1,0:04,0.2,0,3,1,0,0,0,0,0.0,0,0,0.0,0,0,0,0,0,0,0,4.3
22024,203999,Nikola Jokić,1642277,Johnny Furphy,1,0:01,0.2,0,0,0,0,0,0,0,0.0,0,0,0.0,0,0,0,0,0,0,0,1.4
22024,203999,Nikola Jokić,1631221,Collin Gillespie,1,0:01,0.2,0,0,0,0,0,0,0,0.0,0,0,0.0,0,0,0,0,0,0,0,1.4
22024,203999,Nikola Jokić,1630527,Brandon Boston,1,0:02,0.1,2,2,0,0,0,1,1,1.0,0,0,0.0,0,0,0,0,0,0,0,1.5
22024,203999,Nikola Jokić,1641810,Antonio Reeves,1,0:02,0.1,0,0,0,0,0,0,0,0.0,0,0,0.0,0,0,0,0,0,0,0,1.8
