GAME_DATE,OPPONENT,IS_HOME,MURRAY_OUT,WON_GAME,SEASON_AVG_REB,ROLL_3_REB,ROLL_5_REB,ROLL_10_REB,HEAD2HEAD_AVG_REB,OPP_REB,OPP_DEF_RATING,OPP_PACE,IS_HOME,DAYS_RESTED,WON_GAME,MURRAY_OUT,SEASON_AVG_REB_MURRAY_OUT,REB
2020-12-25,LAC,1,0,0,15.0,,,,,42.5,106.13207547169812,0.4416666666666666,1,2.0,0,0,,9
2020-12-28,HOU,1,0,1,12.0,,,,,42.0,117.66903249906612,0.4040754716981132,1,3.0,1,0,,12
2020-12-29,SAC,0,1,0,12.0,12.0,,,15.0,49.666666666666664,105.04201680672269,0.4216912751677852,0,1.0,0,1,,10
2021-01-01,PHX,1,0,0,11.5,10.333333333333334,,,,42.666666666666664,115.3846153846154,0.4008333333333332,1,3.0,0,0,,9
2021-01-03,MIN,0,0,1,11.0,10.333333333333334,11.0,,,43.333333333333336,95.59197154471543,0.4373333333333333,0,2.0,1,0,,12
2021-01-05,MIN,1,0,1,11.166666666666666,10.333333333333334,10.4,,12.0,39.333333333333336,105.36398467432949,0.4205,1,2.0,1,0,,15
2021-01-07,DAL,1,0,0,11.714285714285714,12.0,11.6,,,47.0,104.38829787234044,0.4177777777777777,1,2.0,0,0,,11
2021-01-09,PHI,0,0,1,11.625,12.666666666666666,11.4,,,45.666666666666664,113.77689834281476,0.4492222222222222,0,2.0,1,0,,9
2021-01-10,NYK,0,0,1,11.333333333333334,11.666666666666666,11.2,,,45.666666666666664,102.87654814222932,0.4171666666666667,0,1.0,1,0,,10
2021-01-12,BKN,0,0,0,11.2,10.0,11.4,11.2,,44.333333333333336,107.55346767214736,0.4493888888888889,0,2.0,0,0,,8
2021-01-14,GSW,1,0,1,10.909090909090908,9.0,10.6,10.5,,45.0,103.9610475062508,0.4221666666666667,1,2.0,1,0,,14
2021-01-17,UTA,1,0,0,11.166666666666666,10.666666666666666,10.4,11.0,,54.666666666666664,113.79358052019924,0.4015555555555555,1,3.0,0,0,,14
2021-01-19,OKC,1,0,1,11.384615384615383,12.0,11.0,11.2,,46.0,103.2485520020146,0.4264161073825503,1,2.0,1,0,,12
2021-01-22,PHX,0,0,1,11.428571428571429,13.333333333333334,11.6,11.4,9.0,43.666666666666664,104.71204188481676,0.4244444444444444,0,3.0,1,0,,10
2021-01-23,PHX,0,0,1,11.333333333333334,12.0,11.6,11.5,9.5,44.666666666666664,107.61904761904763,0.4228187919463086,0,1.0,1,0,,22
2021-01-25,DAL,0,0,1,12.0,14.666666666666666,14.4,12.5,11.0,42.333333333333336,116.49335263919968,0.4220555555555556,0,2.0,1,0,,10
2021-01-27,MIA,0,0,1,11.882352941176473,14.0,13.6,12.0,,36.0,96.3583200425306,0.418,0,2.0,1,0,,11
2021-01-29,SAS,0,0,0,11.833333333333334,14.333333333333334,13.0,12.0,,46.333333333333336,114.82116932823018,0.4209444444444444,0,2.0,0,0,,10
2021-01-31,UTA,1,0,1,11.736842105263158,10.333333333333334,12.6,12.1,14.0,53.0,120.54948135688254,0.3963333333333333,1,2.0,1,0,,12
2021-02-04,LAL,0,0,0,11.75,11.0,13.0,12.3,,38.666666666666664,119.78521272201571,0.4034999999999999,0,4.0,0,0,,9
2021-02-06,SAC,0,1,0,11.61904761904762,10.333333333333334,10.4,12.4,12.5,45.666666666666664,112.14333112143332,0.4186111111111111,0,2.0,0,1,10.0,8
2021-02-08,MIL,1,0,0,11.454545454545457,9.666666666666666,10.0,11.8,,50.0,120.84882677266316,0.4332777777777777,1,2.0,0,0,,12
2021-02-10,CLE,1,0,1,11.478260869565217,9.666666666666666,10.2,11.6,,38.333333333333336,104.86965727140402,0.4198333333333333,1,2.0,1,0,,6
2021-02-12,OKC,1,0,1,11.25,8.666666666666666,9.4,11.0,12.0,48.0,103.50414016560664,0.4328831168831168,1,2.0,1,0,,13
2021-02-14,LAL,1,0,1,11.32,10.333333333333334,9.6,11.3,9.0,42.333333333333336,113.57802874743328,0.4183624161073825,1,2.0,1,0,,16
2021-02-16,BOS,0,0,0,11.5,11.666666666666666,11.0,10.7,,47.666666666666664,102.04747000521648,0.426,0,2.0,0,0,,6
2021-02-17,WAS,0,0,0,11.296296296296296,11.666666666666666,10.6,10.3,,49.0,102.10473565522426,0.4434444444444445,0,1.0,0,0,,7
2021-02-19,CLE,0,0,1,11.142857142857142,9.666666666666666,9.6,9.9,6.0,43.333333333333336,100.28923541247484,0.4417777777777777,0,2.0,1,0,,12
2021-02-21,ATL,0,0,0,11.172413793103448,8.333333333333334,10.8,10.1,,40.0,115.59719600970612,0.4121111111111111,0,2.0,0,0,,10
2021-02-23,POR,1,0,1,11.133333333333333,9.666666666666666,10.2,9.9,,42.333333333333336,110.75325358222688,0.4226111111111111,1,2.0,1,0,,5
2021-02-25,WAS,1,0,0,10.935483870967742,9.0,8.0,9.5,7.0,46.333333333333336,109.2879631872124,0.4433825503355704,1,2.0,0,0,,11
2021-02-27,OKC,0,0,1,10.9375,8.666666666666666,9.0,9.8,12.5,43.0,106.35415255385448,0.4100555555555555,0,2.0,1,0,,11
2021-03-01,CHI,0,0,1,10.93939393939394,9.0,9.8,9.7,,46.333333333333336,114.4389223123202,0.4105234899328858,0,2.0,1,0,,14
2021-03-02,MIL,0,0,1,11.029411764705882,12.0,10.2,10.5,12.0,47.333333333333336,121.24561175399816,0.4272777777777777,0,1.0,1,0,,10
2021-03-04,IND,0,0,1,11.0,11.666666666666666,10.2,10.2,,32.0,106.93309499489276,0.4351111111111111,0,2.0,1,0,,12
2021-03-12,MEM,0,0,1,11.02777777777778,12.0,11.6,9.8,,53.333333333333336,111.1996078911898,0.4533888888888889,0,8.0,1,0,,15
2021-03-13,DAL,1,0,0,11.135135135135137,12.333333333333334,12.4,10.7,10.5,47.0,108.68040947973634,0.3961666666666667,1,1.0,0,0,,9
2021-03-15,IND,1,0,1,11.078947368421051,12.0,12.0,10.9,12.0,41.0,106.9923623913616,0.4218888888888888,1,2.0,1,0,,14
2021-03-17,CHA,1,0,1,11.153846153846152,12.666666666666666,12.0,11.1,,47.333333333333336,110.38456558332255,0.4290555555555555,1,2.0,1,0,,10
2021-03-19,CHI,1,0,1,11.125,11.0,12.0,11.1,14.0,51.0,112.2112211221122,0.4208333333333333,1,2.0,1,0,,15
2021-03-21,NOP,1,0,0,11.21951219512195,13.0,12.6,12.1,,42.666666666666664,106.63832121793992,0.4050555555555556,1,2.0,0,0,,10
2021-03-23,ORL,0,0,1,11.19047619047619,11.666666666666666,11.6,12.0,,45.666666666666664,107.9988851727982,0.3986666666666666,0,2.0,1,0,,15
2021-03-24,TOR,0,0,0,11.27906976744186,13.333333333333334,12.8,12.4,,37.333333333333336,103.6473366570454,0.4234444444444444,0,1.0,0,0,,10
2021-03-26,NOP,0,0,1,11.25,11.666666666666666,12.0,12.0,10.0,50.0,117.55990724040196,0.4312222222222222,0,2.0,1,0,,6
2021-03-28,ATL,1,0,1,11.133333333333333,10.333333333333334,11.2,11.6,10.0,45.0,118.86556374252746,0.3996111111111111,1,2.0,1,0,,10
2021-03-30,PHI,1,0,1,11.108695652173912,8.666666666666666,10.2,11.4,9.0,42.666666666666664,108.52355191977834,0.4210555555555555,1,2.0,1,0,,10
2021-04-01,LAC,0,0,1,11.085106382978724,8.666666666666666,10.2,10.9,9.0,44.666666666666664,106.80642165317764,0.4187222222222221,0,2.0,1,0,,7
2021-04-04,ORL,1,0,1,11.0,9.0,8.6,10.7,15.0,45.666666666666664,99.11470361816782,0.4184697986577181,1,3.0,1,0,,9
2021-04-06,DET,1,1,1,10.959183673469388,8.666666666666666,8.4,10.2,,47.0,108.80930597307542,0.4250555555555555,1,2.0,1,1,9.0,8
2021-04-07,SAS,1,1,1,10.9,8.0,8.8,10.0,10.0,43.333333333333336,111.10430950048972,0.4109685534591195,1,1.0,1,1,8.666666666666666,9
2021-04-09,SAS,1,1,1,10.862745098039216,8.666666666666666,8.6,9.4,9.5,42.0,104.96183206106868,0.4220134228187919,1,2.0,1,1,8.75,13
2021-04-11,BOS,1,1,0,10.903846153846152,10.0,9.2,9.7,6.0,43.333333333333336,112.61854583772391,0.4076241610738255,1,2.0,0,1,9.6,10
2021-04-12,GSW,0,0,0,10.88679245283019,10.666666666666666,9.8,9.2,14.0,42.666666666666664,114.28202479338844,0.4302222222222222,0,1.0,0,0,,12
2021-04-14,MIA,1,1,1,10.907407407407408,11.666666666666666,10.4,9.4,11.0,34.666666666666664,104.20965744944286,0.4038333333333332,1,2.0,1,1,9.666666666666666,10
2021-04-16,HOU,0,1,1,10.89090909090909,10.666666666666666,10.8,9.8,12.0,47.666666666666664,110.71383766152304,0.4428333333333333,0,2.0,1,1,9.714285714285714,16
2021-04-19,MEM,1,1,1,10.982142857142858,12.666666666666666,12.2,10.4,15.0,43.333333333333336,125.65050671049026,0.4056666666666667,1,3.0,1,1,10.5,15
2021-04-21,POR,0,1,1,11.052631578947368,13.666666666666666,12.6,10.9,5.0,42.333333333333336,109.6942273412862,0.4051666666666665,0,2.0,1,1,11.0,9
2021-04-23,GSW,0,1,0,11.017241379310343,13.333333333333334,12.4,11.1,13.0,43.0,106.30870779385631,0.4376666666666667,0,2.0,0,1,10.8,6
2021-04-24,HOU,1,1,1,10.932203389830509,10.0,11.2,10.8,14.0,46.0,92.016588906169,0.4286666666666667,1,1.0,1,1,10.363636363636363,8
2021-04-26,MEM,1,1,1,10.883333333333333,7.666666666666667,10.8,10.8,15.0,45.0,113.01413472558257,0.4362777777777777,1,2.0,1,1,10.166666666666666,15
2021-04-28,NOP,1,1,1,10.950819672131148,9.666666666666666,10.6,11.4,8.0,42.333333333333336,110.1264173074417,0.4262777777777777,1,2.0,1,1,10.538461538461538,7
2021-04-29,TOR,1,1,1,10.887096774193548,10.0,9.0,10.8,10.0,40.0,111.3757355001401,0.3965555555555555,1,1.0,1,1,10.285714285714286,11
2021-05-01,LAC,0,1,1,10.88888888888889,11.0,9.4,10.9,8.0,40.0,105.56750941366327,0.4131111111111111,0,2.0,1,1,10.333333333333334,14
2021-05-03,LAL,0,1,0,10.9375,10.666666666666666,11.0,11.1,12.5,42.0,108.92953200645508,0.4131111111111111,0,2.0,0,1,10.5625,9
2021-05-05,NYK,1,1,1,10.907692307692308,11.333333333333334,11.2,11.0,10.0,49.666666666666664,108.20266943112608,0.4287222222222222,1,2.0,1,1,10.470588235294118,12
2021-05-07,UTA,0,1,0,10.924242424242424,11.666666666666666,10.6,10.6,13.0,50.666666666666664,116.27906976744184,0.4085,0,2.0,0,1,10.555555555555555,9
2021-05-08,BKN,1,1,0,10.8955223880597,10.0,11.0,10.0,8.0,47.666666666666664,109.11301676692692,0.4340555555555555,1,1.0,0,1,10.473684210526317,7
2021-05-11,CHA,0,1,1,10.838235294117649,9.333333333333334,10.2,9.8,10.0,47.333333333333336,105.9674734280958,0.4338333333333333,0,3.0,1,1,10.3,11
2021-05-13,MIN,0,1,1,10.840579710144928,9.0,9.6,10.3,13.5,47.333333333333336,111.49068322981368,0.4472222222222222,0,2.0,1,1,10.333333333333334,14
2021-05-14,DET,0,1,1,10.885714285714286,10.666666666666666,10.6,10.9,8.0,42.333333333333336,99.28514694201748,0.4196666666666667,0,1.0,1,1,10.5,15
2021-05-16,POR,0,1,0,10.943661971830986,13.333333333333334,11.2,10.9,7.0,39.666666666666664,120.74716477651768,0.4163888888888889,0,2.0,0,1,10.695652173913045,3
2021-05-22,POR,1,0,0,10.833333333333334,10.666666666666666,10.0,10.5,5.666666666666667,41.0,119.65927528393726,0.4108888888888888,1,6.0,0,0,,16
2021-05-24,POR,1,0,1,10.904109589041097,11.333333333333334,11.8,11.0,8.25,41.0,125.37071987058506,0.4121111111111111,1,2.0,1,0,,8
2021-05-27,POR,0,0,1,10.864864864864863,9.0,11.2,10.4,8.2,43.333333333333336,124.60632616732848,0.4057222222222222,0,3.0,1,0,,11
2021-05-29,POR,0,0,0,10.866666666666667,11.666666666666666,10.6,10.6,8.666666666666666,41.333333333333336,119.49035812672176,0.4033333333333333,0,2.0,0,0,,9
2021-06-01,POR,1,0,1,10.842105263157896,9.333333333333334,9.4,10.3,8.714285714285714,43.0,116.0799890425969,0.4056111111111111,1,3.0,1,0,,11
2021-06-03,POR,0,0,1,10.844155844155845,10.333333333333334,11.0,10.5,9.0,44.666666666666664,117.28160263725115,0.4097142857142857,0,2.0,1,0,,8
2021-06-07,PHX,0,0,0,10.807692307692308,9.333333333333334,9.4,10.6,13.666666666666666,46.0,114.62119094213026,0.3974444444444444,0,4.0,0,0,,9
2021-06-09,PHX,0,0,0,10.78481012658228,9.333333333333334,9.6,10.4,12.5,44.333333333333336,121.64604476574448,0.3996111111111111,0,2.0,0,0,,13
2021-06-11,PHX,1,0,0,10.8125,10.0,10.0,10.3,12.6,46.0,126.0740949429497,0.3943888888888889,1,2.0,0,0,,20
2021-06-13,PHX,1,0,0,10.925925925925926,14.0,12.2,10.8,13.833333333333334,44.666666666666664,122.33970448691878,0.4098333333333334,1,2.0,0,0,,11
2021-10-22,SAS,1,1,1,13.0,,,,10.666666666666666,43.0,121.87871581450652,0.4205,1,2.0,1,1,10.48,16
2021-10-25,CLE,1,1,0,14.5,,,,9.0,42.0,108.93672537508152,0.4258333333333333,1,3.0,0,1,10.692307692307692,19
2021-10-26,UTA,0,1,0,16.0,16.0,,,11.666666666666666,52.0,108.6521129581414,0.4160833333333333,0,1.0,0,1,11.0,6
2021-10-29,DAL,1,1,1,13.5,13.666666666666666,,,10.0,48.333333333333336,108.88619201726,0.412,1,3.0,1,1,10.821428571428571,16
2021-10-30,MIN,0,1,1,14.0,13.666666666666666,14.0,,13.666666666666666,45.666666666666664,97.84548699643038,0.4357777777777778,0,1.0,1,1,11.0,19
2021-11-01,MEM,0,1,0,14.833333333333334,13.666666666666666,15.2,,15.0,44.333333333333336,95.3549848942598,0.4265234899328859,0,2.0,0,1,11.266666666666667,7
2021-11-03,MEM,0,1,0,13.714285714285714,14.0,13.4,,13.0,46.0,99.52938183668276,0.4221208053691274,0,2.0,0,1,11.129032258064516,11
2021-11-06,HOU,1,1,1,13.375,12.333333333333334,11.8,,12.0,45.333333333333336,96.49771858428905,0.4505,1,3.0,1,1,11.125,14
2021-11-08,MIA,1,1,1,13.444444444444445,10.666666666666666,13.4,,10.5,42.0,114.6264819311527,0.3889444444444444,1,2.0,1,1,11.212121212121213,15
2021-11-12,ATL,1,1,1,13.6,13.333333333333334,13.2,13.6,10.0,39.0,106.50733861540458,0.4277222222222222,1,4.0,1,1,11.323529411764708,19
2021-11-14,POR,1,1,1,14.090909090909092,16.0,13.2,14.2,8.88888888888889,47.0,108.4321120689655,0.4124444444444445,1,2.0,1,1,11.542857142857144,9
2021-11-15,DAL,0,1,0,13.666666666666666,14.333333333333334,13.6,13.5,11.5,45.666666666666664,114.71626391528646,0.4092222222222222,0,1.0,0,1,11.47222222222222,16
2021-11-18,PHI,1,1,0,13.846153846153848,14.666666666666666,14.6,13.2,9.5,42.333333333333336,103.50640593391772,0.4119444444444444,1,3.0,0,1,11.594594594594597,10
2021-11-29,MIA,0,1,1,13.571428571428571,11.666666666666666,13.8,13.6,12.0,42.333333333333336,105.04774897680764,0.4072222222222222,0,11.0,1,1,11.552631578947368,15
2021-12-01,ORL,0,1,0,13.666666666666666,13.666666666666666,13.8,13.5,12.0,44.666666666666664,91.62129863231976,0.4183888888888888,0,2.0,0,1,11.64102564102564,15
2021-12-04,NYK,0,1,1,13.75,13.333333333333334,13.0,13.1,11.0,42.0,111.81348558999456,0.4086666666666667,0,3.0,1,1,11.725,11
2021-12-06,CHI,0,1,0,13.588235294117649,13.666666666666666,13.4,13.5,14.5,42.333333333333336,120.00793440888654,0.4201111111111111,0,2.0,0,1,11.707317073170731,12
2021-12-08,NOP,0,1,1,13.5,12.666666666666666,12.6,13.6,7.666666666666667,47.333333333333336,119.44646758922067,0.3813888888888889,0,2.0,1,1,11.714285714285714,11
2021-12-09,SAS,0,1,0,13.36842105263158,11.333333333333334,12.8,13.3,12.0,43.0,107.43091365860109,0.4201666666666666,0,1.0,0,1,11.69767441860465,13
2021-12-11,SAS,0,1,1,13.35,12.0,12.4,13.1,12.2,46.0,111.31725417439704,0.4192222222222222,0,2.0,1,1,11.727272727272728,17
2021-12-13,WAS,1,1,1,13.523809523809524,13.666666666666666,12.8,12.9,9.0,38.0,110.57757338022454,0.3969395973154362,1,2.0,1,1,11.844444444444443,19
2021-12-15,MIN,1,1,0,13.772727272727272,16.333333333333332,14.4,13.9,15.0,39.666666666666664,100.96630327056492,0.4484444444444444,1,2.0,0,1,12.0,10
2021-12-17,ATL,0,1,1,13.608695652173912,15.333333333333334,14.0,13.3,13.0,43.0,112.4112542729424,0.4225555555555555,0,2.0,1,1,11.95744680851064,10
2021-12-22,OKC,0,1,0,13.458333333333334,13.0,13.8,13.3,12.0,48.0,106.36865490776891,0.4126111111111111,0,5.0,0,1,11.916666666666666,7
2021-12-23,CHA,1,1,0,13.2,9.0,12.6,12.5,10.5,44.0,101.82275298554369,0.4419444444444445,1,1.0,0,1,11.816326530612244,21
2021-12-26,LAC,0,1,1,13.5,12.666666666666666,13.4,13.1,10.0,46.0,105.91860315830016,0.4327222222222222,0,3.0,1,1,12.0,22
2021-12-28,GSW,0,1,1,13.814814814814817,16.666666666666668,14.0,14.2,10.666666666666666,41.0,118.28998339789706,0.4015555555555555,0,2.0,1,1,12.196078431372548,19
2022-01-01,HOU,0,1,1,14.0,20.666666666666668,15.8,14.9,12.5,40.0,106.95876288659797,0.4311111111111111,0,4.0,1,1,12.326923076923077,11
2022-01-03,DAL,0,1,0,13.89655172413793,17.333333333333332,16.0,14.9,12.4,43.666666666666664,107.70001431229426,0.3881666666666666,0,2.0,0,1,12.30188679245283,16
2022-01-05,UTA,1,1,0,13.966666666666669,15.333333333333334,17.8,15.2,10.25,45.666666666666664,116.28677445003976,0.4192222222222222,1,2.0,0,1,12.37037037037037,21
2022-01-07,SAC,1,1,1,14.193548387096774,16.0,17.8,15.6,11.0,43.666666666666664,110.85063630274614,0.4147222222222222,1,2.0,1,1,12.527272727272727,10
2022-01-09,OKC,0,1,1,14.0625,15.666666666666666,15.4,14.7,10.75,46.0,93.9799331103679,0.4152777777777778,0,2.0,1,1,12.482142857142858,18
2022-01-11,LAC,0,1,0,14.181818181818182,16.333333333333332,15.2,15.5,13.0,45.666666666666664,110.26490066225166,0.4194444444444444,0,2.0,0,1,12.578947368421051,13
2022-01-13,POR,1,1,1,14.147058823529411,13.666666666666666,15.6,15.8,8.9,48.666666666666664,107.65064319566687,0.4102777777777778,1,2.0,1,1,12.586206896551724,8
2022-01-15,LAL,1,1,1,13.971428571428572,13.0,14.0,15.9,11.333333333333334,40.666666666666664,98.10509340142453,0.4133888888888889,1,2.0,1,1,12.508474576271189,12
2022-01-16,UTA,1,1,0,13.916666666666666,11.0,12.2,15.0,12.4,37.0,109.63409620391944,0.4053888888888888,1,1.0,0,1,12.5,15
2022-01-19,LAC,1,1,1,13.945945945945946,11.666666666666666,13.2,14.3,13.0,45.333333333333336,113.0364153242182,0.4103888888888888,1,3.0,1,1,12.540983606557376,14
2022-01-21,MEM,1,1,0,13.947368421052632,13.666666666666666,12.4,13.8,12.6,45.333333333333336,100.4675849867307,0.439611111111111,1,2.0,0,1,12.564516129032258,11
2022-01-23,DET,1,1,1,13.871794871794872,13.333333333333334,12.0,13.8,11.5,43.666666666666664,108.5481682496608,0.4094444444444444,1,2.0,1,1,12.53968253968254,9
2022-01-25,DET,0,1,1,13.75,11.333333333333334,12.2,13.1,10.666666666666666,38.333333333333336,116.71177266576456,0.4105555555555555,0,2.0,1,1,12.484375,21
2022-01-26,BKN,0,1,1,13.926829268292684,13.666666666666666,14.0,13.1,7.5,51.666666666666664,112.45674740484432,0.4174444444444444,0,1.0,1,1,12.615384615384617,10
2022-01-28,NOP,0,1,1,13.833333333333334,13.333333333333334,13.0,13.1,8.5,42.666666666666664,106.79751767931882,0.3849444444444445,0,2.0,1,1,12.575757575757576,13
2022-01-30,MIL,0,1,1,13.813953488372093,14.666666666666666,12.8,12.6,11.0,43.666666666666664,118.11285600212932,0.4174444444444445,0,2.0,1,1,12.582089552238806,10
2022-02-01,MIN,0,1,0,13.727272727272728,11.0,12.6,12.3,14.0,39.666666666666664,117.8636011366572,0.4301111111111111,0,2.0,0,1,12.544117647058824,16
2022-02-04,NOP,1,1,0,13.77777777777778,13.0,14.0,13.1,9.4,47.0,110.37163943068002,0.4215555555555556,1,3.0,0,1,12.594202898550725,12
2022-02-06,BKN,1,1,1,13.73913043478261,12.666666666666666,12.2,13.1,8.333333333333334,38.333333333333336,110.08273734399104,0.3961666666666666,1,2.0,1,1,12.585714285714284,12
2022-02-08,NYK,1,1,1,13.702127659574469,13.333333333333334,12.6,12.8,11.0,48.333333333333336,106.91308187208276,0.4256107382550335,1,2.0,1,1,12.577464788732394,11
2022-02-11,BOS,0,1,0,13.645833333333334,11.666666666666666,12.2,12.5,8.0,54.0,115.35881958417173,0.4141666666666666,0,3.0,0,1,12.555555555555555,16
2022-02-12,TOR,0,1,1,13.693877551020408,13.0,13.4,13.0,10.5,44.333333333333336,122.1273801707157,0.4230555555555556,0,1.0,1,1,12.602739726027398,15
2022-02-14,ORL,1,1,1,13.72,14.0,13.2,13.6,13.0,44.666666666666664,103.8935500786576,0.4237777777777777,1,2.0,1,1,12.635135135135137,15
2022-02-16,GSW,0,1,1,13.745098039215684,15.333333333333334,13.8,13.0,12.75,42.0,110.50270484232747,0.4210555555555555,0,2.0,1,1,12.666666666666666,17
2022-02-24,SAC,0,1,1,13.807692307692308,15.666666666666666,14.8,13.7,10.75,40.333333333333336,108.17626758693922,0.4185555555555555,0,8.0,1,1,12.723684210526317,12
2022-02-26,SAC,1,1,1,13.773584905660377,14.666666666666666,15.0,13.6,11.0,37.666666666666664,101.78199791883456,0.4271111111111111,1,2.0,1,1,12.714285714285714,10
2022-02-27,POR,0,1,1,13.703703703703704,13.0,13.8,13.6,8.818181818181818,44.0,110.31797534068784,0.4280555555555556,0,1.0,1,1,12.67948717948718,18
2022-03-02,OKC,1,1,0,13.78181818181818,13.333333333333334,14.4,13.8,12.2,44.666666666666664,105.44761436301032,0.4366174496644295,1,3.0,0,1,12.746835443037977,16
2022-03-06,NOP,1,1,1,13.821428571428571,14.666666666666666,14.6,14.2,9.833333333333334,47.0,115.04189386886551,0.4177222222222222,1,4.0,1,1,12.7875,12
2022-03-07,GSW,1,1,1,13.789473684210526,15.333333333333334,13.6,14.2,13.6,39.333333333333336,111.81379580127783,0.4260555555555556,1,1.0,1,1,12.77777777777778,15
2022-03-09,SAC,0,1,1,13.810344827586206,14.333333333333334,14.2,14.6,10.833333333333334,44.666666666666664,109.99230374551053,0.433111111111111,0,2.0,1,1,12.804878048780488,18
2022-03-10,GSW,1,1,0,13.88135593220339,15.0,15.8,14.8,13.833333333333334,44.333333333333336,112.3882503192848,0.4349999999999999,1,1.0,0,1,12.867469879518072,12
2022-03-12,TOR,1,1,0,13.85,15.0,14.6,14.5,12.0,46.666666666666664,111.03678929765888,0.4152777777777778,1,2.0,0,1,12.857142857142858,10
2022-03-14,PHI,0,1,1,13.78688524590164,13.333333333333334,13.4,14.0,9.666666666666666,44.333333333333336,107.51659009698824,0.4207248322147651,0,2.0,1,1,12.823529411764708,13
2022-03-16,WAS,0,1,1,13.774193548387096,11.666666666666666,13.6,13.6,12.333333333333334,39.0,115.1025397256553,0.4090555555555555,0,2.0,1,1,12.825581395348838,13
2022-03-18,CLE,0,1,0,13.761904761904765,12.0,13.2,13.7,12.333333333333334,42.666666666666664,109.5604099244876,0.3981744966442953,0,2.0,0,1,12.827586206896552,10
2022-03-20,BOS,1,1,0,13.703125,12.0,11.6,13.7,10.666666666666666,47.0,114.87811711964136,0.3965555555555555,1,2.0,0,1,12.795454545454543,8
2022-03-22,LAC,1,1,1,13.615384615384617,10.333333333333334,10.8,12.7,13.166666666666666,41.666666666666664,114.71890513887026,0.4140555555555555,1,2.0,1,1,12.741573033707866,14
2022-03-24,PHX,1,1,0,13.62121212121212,10.666666666666666,11.6,12.5,13.375,47.333333333333336,124.0719030871434,0.4121879194630872,1,2.0,0,1,12.755555555555556,6
2022-03-26,OKC,1,1,1,13.507462686567164,9.333333333333334,10.2,11.9,12.833333333333334,44.333333333333336,108.56533901691756,0.4170555555555555,1,2.0,1,1,12.68131868131868,12
2022-03-28,CHA,0,1,1,13.485294117647058,10.666666666666666,10.0,11.6,14.0,47.666666666666664,117.69710720363018,0.3917777777777778,0,2.0,1,1,12.673913043478262,19
2022-03-30,IND,0,1,1,13.565217391304348,12.333333333333334,11.8,11.7,13.0,31.333333333333332,106.79153752863498,0.4122777777777777,0,2.0,1,1,12.741935483870968,13
2022-04-01,MIN,1,1,0,13.557142857142855,14.666666666666666,12.8,11.8,14.333333333333334,41.0,108.92527066279376,0.4207777777777778,1,2.0,0,1,12.74468085106383,19
2022-04-03,LAL,0,1,1,13.633802816901408,17.0,13.8,12.7,11.5,38.666666666666664,124.43153107630116,0.4250201342281879,0,2.0,1,1,12.810526315789474,18
2022-04-05,SAS,1,1,0,13.694444444444445,16.666666666666668,16.2,13.2,13.0,44.0,119.77263499796994,0.4105,1,2.0,0,1,12.864583333333334,17
2022-04-07,MEM,1,1,1,13.73972602739726,18.0,17.2,13.6,12.333333333333334,46.333333333333336,108.74984419793094,0.4307651006711409,1,2.0,1,1,12.90721649484536,16
2022-04-16,GSW,0,0,0,13.77027027027027,17.0,16.6,14.2,13.571428571428571,45.666666666666664,119.20707206000536,0.4147777777777778,0,9.0,0,0,,10
2022-04-18,GSW,0,0,0,13.72,14.333333333333334,16.0,14.4,13.125,44.333333333333336,121.875,0.4,0,2.0,0,0,,11
2022-04-21,GSW,1,0,0,13.68421052631579,12.333333333333334,14.4,14.1,12.88888888888889,39.0,129.53545904343048,0.4042222222222221,1,3.0,0,0,,18
2022-04-24,GSW,1,0,1,13.74025974025974,13.0,14.4,15.3,13.4,35.333333333333336,125.4100601421542,0.4064444444444444,1,3.0,1,0,,8
2022-04-27,GSW,0,0,0,13.666666666666666,12.333333333333334,12.6,14.9,12.909090909090908,33.666666666666664,120.8769373426944,0.4193888888888889,0,3.0,0,0,,19
2022-10-21,GSW,0,1,1,4.0,,,,13.416666666666666,48.0,105.92490527040992,0.4838333333333333,0,2.0,1,1,12.93877551020408,12
2022-10-22,OKC,1,0,1,8.0,,,,12.714285714285714,57.0,102.19530658591977,0.4403333333333333,1,1.0,1,0,,16
2022-10-24,POR,0,0,0,10.666666666666666,10.666666666666666,,,9.583333333333334,48.0,108.70980341101416,0.4124026845637584,0,2.0,0,0,,9
2022-10-26,LAL,1,0,1,10.25,12.333333333333334,,,12.8,43.333333333333336,97.17431679490583,0.4187777777777777,1,2.0,1,0,,13
2022-10-28,UTA,1,0,1,10.8,12.666666666666666,10.8,,11.571428571428571,48.666666666666664,105.7524332418268,0.4302818791946309,1,2.0,1,0,,10
2022-10-30,LAL,0,0,0,10.666666666666666,10.666666666666666,12.0,,12.833333333333334,48.666666666666664,99.0950802956921,0.4358888888888888,0,2.0,0,0,,14
2022-11-03,OKC,0,0,1,11.142857142857142,12.333333333333334,12.4,,13.125,39.666666666666664,111.09001139384732,0.4241073825503356,0,4.0,1,0,,13
2022-11-05,SAS,1,0,1,11.375,12.333333333333334,11.8,,13.571428571428571,44.333333333333336,99.33985019677542,0.437611111111111,1,2.0,1,0,,6
2022-11-07,SAS,0,0,1,10.77777777777778,11.0,11.2,,12.625,36.333333333333336,98.89189537430742,0.4311666666666667,0,2.0,1,0,,8
2022-11-09,IND,0,0,1,10.5,9.0,10.2,10.5,13.0,41.666666666666664,106.48322653599698,0.4421666666666667,0,2.0,1,0,,4
2022-11-11,BOS,0,0,0,9.909090909090908,6.0,9.0,10.5,10.0,40.666666666666664,122.9889642334796,0.4178333333333333,0,2.0,0,0,,8
2022-11-13,CHI,0,0,1,9.75,6.666666666666667,7.8,10.1,13.666666666666666,43.333333333333336,108.19062790388956,0.4185,0,2.0,1,0,,6
2022-11-22,DET,1,0,0,9.461538461538462,6.0,6.4,9.1,13.25,38.333333333333336,110.44176706827312,0.4288333333333333,1,9.0,0,0,,9
2022-11-23,OKC,0,1,1,9.428571428571429,7.666666666666667,7.0,9.1,13.11111111111111,39.333333333333336,114.24467946207078,0.4255,0,1.0,1,1,12.929292929292927,10
2022-11-25,LAC,0,0,1,9.466666666666669,8.333333333333334,7.4,8.8,13.285714285714286,43.0,104.83566301473368,0.4411666666666666,0,2.0,1,0,,13
2022-11-28,HOU,1,0,1,9.6875,10.666666666666666,9.2,9.1,12.2,52.333333333333336,117.65462260511764,0.4320555555555556,1,3.0,1,0,,12
2022-11-30,HOU,1,0,1,9.823529411764708,11.666666666666666,10.0,8.9,12.166666666666666,49.666666666666664,115.7317859445519,0.4308333333333333,1,2.0,1,0,,9
2022-12-02,ATL,0,0,0,9.77777777777778,11.333333333333334,10.6,8.5,12.25,44.333333333333336,110.80711354309167,0.406111111111111,0,2.0,0,0,,10
2022-12-04,NOP,0,0,0,9.789473684210526,10.333333333333334,10.8,8.9,10.142857142857142,50.0,110.93143596377747,0.4294444444444444,0,2.0,0,0,,16
2022-12-06,DAL,1,0,0,10.1,11.666666666666666,12.0,9.7,13.0,40.333333333333336,121.93540018160589,0.4139060402684564,1,2.0,0,0,,8
2022-12-08,POR,0,0,1,10.0,11.333333333333334,11.0,10.1,9.538461538461538,46.333333333333336,114.98516320474778,0.4118888888888889,0,2.0,1,0,,10
2022-12-10,UTA,1,0,1,10.0,11.333333333333334,10.6,10.3,11.375,41.333333333333336,113.531047265987,0.4196111111111111,1,2.0,1,0,,12
2022-12-14,WAS,1,0,1,10.08695652173913,10.0,11.2,10.9,12.5,44.0,109.26333150082463,0.4042222222222221,1,4.0,1,0,,14
2022-12-16,LAL,0,0,0,10.25,12.0,12.0,11.4,13.0,51.0,103.07915950839168,0.4062818791946309,0,2.0,0,0,,11
2022-12-18,CHA,1,0,1,10.28,12.333333333333334,11.0,11.5,15.25,46.666666666666664,108.84311790823878,0.4353288590604027,1,2.0,1,0,,27
2022-12-20,MEM,1,1,1,10.923076923076923,17.333333333333332,14.8,12.9,12.857142857142858,52.666666666666664,119.06257853732092,0.4421111111111111,1,2.0,1,1,12.9,13
2022-12-23,POR,1,0,1,11.0,17.0,15.4,13.0,9.571428571428571,39.0,113.7632607481854,0.3979999999999999,1,3.0,1,0,,8
2022-12-25,PHX,1,0,1,10.892857142857142,16.0,14.6,12.9,12.555555555555555,43.333333333333336,115.50482402500336,0.4088333333333333,1,2.0,1,0,,15
2022-12-27,SAC,0,0,1,11.03448275862069,12.0,14.8,13.4,11.857142857142858,45.0,115.4236428209031,0.4379999999999999,0,2.0,1,0,,9
2022-12-28,SAC,0,1,0,10.966666666666669,10.666666666666666,14.4,12.7,11.5,44.0,114.30246189917936,0.4265,0,1.0,0,1,12.9009900990099,7
2022-12-30,MIA,1,0,1,10.838709677419354,10.333333333333334,10.4,12.6,12.75,38.333333333333336,113.37328067547324,0.4079444444444444,1,2.0,1,0,,12
2023-01-01,BOS,1,1,1,10.875,9.333333333333334,10.2,12.8,9.6,44.333333333333336,125.0,0.4233333333333334,1,2.0,1,1,12.84313725490196,12
2023-01-02,MIN,0,0,0,10.909090909090908,10.333333333333334,11.0,12.8,15.0,36.666666666666664,107.87209451650186,0.4326111111111111,0,1.0,0,0,,7
2023-01-05,LAC,1,0,1,10.794117647058824,10.333333333333334,9.4,12.1,13.25,43.0,108.34200937011974,0.4268888888888888,1,3.0,1,0,,6
2023-01-06,CLE,1,0,1,10.657142857142857,8.333333333333334,8.8,11.6,11.75,47.666666666666664,112.18799787573022,0.4044026845637584,1,1.0,1,0,,15
2023-01-09,LAL,1,0,1,10.77777777777778,9.333333333333334,10.4,10.4,12.75,49.333333333333336,120.17994858611826,0.4322222222222222,1,3.0,1,0,,11
2023-01-11,PHX,1,0,1,10.783783783783784,10.666666666666666,10.2,10.2,12.8,45.666666666666664,105.11401080796098,0.4215,1,2.0,1,0,,18
2023-01-15,ORL,1,0,1,10.973684210526317,14.666666666666666,11.4,11.2,13.5,38.666666666666664,106.20385960367828,0.4289444444444444,1,4.0,1,0,,10
2023-01-17,POR,1,0,1,10.948717948717947,13.0,12.0,10.7,9.466666666666669,41.333333333333336,129.2702379369932,0.4179444444444444,1,2.0,1,0,,12
2023-01-18,MIN,1,0,1,10.975,13.333333333333334,13.2,11.0,14.0,36.333333333333336,117.75602011114051,0.4198888888888889,1,1.0,1,0,,11
2023-01-24,NOP,0,0,1,10.975609756097562,11.0,12.4,11.4,10.875,42.333333333333336,108.08270676691728,0.4137777777777778,0,6.0,1,0,,11
2023-01-28,PHI,0,0,0,10.976190476190476,11.333333333333334,12.4,11.3,10.5,41.666666666666664,126.0532753465616,0.4087777777777777,0,4.0,0,0,,8
2023-01-31,NOP,1,0,1,10.906976744186046,10.0,10.4,10.9,10.88888888888889,41.666666666666664,108.98458266879318,0.418,1,3.0,1,0,,18
2023-02-02,GSW,1,0,1,11.068181818181818,12.333333333333334,12.0,12.0,13.307692307692308,48.333333333333336,114.02753872633392,0.4367248322147651,1,2.0,1,0,,14
2023-02-04,ATL,1,0,1,11.133333333333333,13.333333333333334,12.4,12.8,11.8,47.333333333333336,124.76522672390662,0.4141111111111111,1,2.0,1,0,,18
2023-02-07,MIN,1,1,1,11.282608695652174,16.666666666666668,13.8,13.1,13.666666666666666,42.666666666666664,110.84934154887036,0.4444026845637583,1,3.0,1,1,12.83495145631068,12
2023-02-09,ORL,0,1,0,11.297872340425531,14.666666666666666,14.0,13.2,12.8,45.0,117.21412021262095,0.4076111111111112,0,2.0,0,1,12.826923076923077,12
2023-02-11,CHA,0,1,1,11.3125,14.0,14.8,12.6,17.6,42.0,109.6115865701119,0.4219444444444445,0,2.0,1,1,12.81904761904762,16
2023-02-13,MIA,0,1,1,11.408163265306122,13.333333333333334,14.4,13.2,12.6,44.666666666666664,109.60405535004796,0.3918926174496643,0,2.0,1,1,12.849056603773583,12
2023-02-15,DAL,1,1,1,11.42,13.333333333333334,14.0,13.2,12.285714285714286,38.333333333333336,124.29643527204504,0.4006442953020134,1,2.0,1,1,12.841121495327103,13
2023-02-23,CLE,0,0,1,11.450980392156865,13.666666666666666,13.0,13.4,12.4,36.666666666666664,116.69530355097366,0.388,0,8.0,1,0,,18
2023-02-25,MEM,0,0,0,11.576923076923077,14.333333333333334,14.2,14.1,12.875,43.0,108.85293343856875,0.4223333333333334,0,2.0,0,0,,13
2023-02-26,LAC,1,0,1,11.60377358490566,14.666666666666666,14.4,14.6,12.444444444444445,47.666666666666664,123.2624450516811,0.4372467532467533,1,1.0,1,0,,17
2023-02-28,HOU,0,0,1,11.703703703703704,16.0,14.6,14.5,11.714285714285714,46.333333333333336,100.19329896907216,0.4311111111111111,0,2.0,1,0,,11
2023-03-03,MEM,1,0,1,11.690909090909091,13.666666666666666,14.4,14.2,12.88888888888889,47.0,114.81284842049376,0.4185555555555555,1,3.0,1,0,,18
2023-03-06,TOR,1,0,1,11.803571428571429,15.333333333333334,15.4,14.2,11.5,41.333333333333336,111.18644067796608,0.3959731543624161,1,3.0,1,0,,13
2023-03-08,CHI,1,0,0,11.824561403508772,14.0,14.4,14.3,11.75,35.666666666666664,117.61075298312988,0.4050555555555555,1,2.0,0,0,,12
2023-03-10,SAS,0,0,0,11.827586206896552,14.333333333333334,14.2,14.3,12.11111111111111,42.333333333333336,107.92778649921507,0.4246666666666667,0,2.0,0,0,,11
2023-03-12,BKN,1,0,0,11.813559322033898,12.0,13.0,13.8,9.25,43.666666666666664,111.7195367573011,0.4265234899328859,1,2.0,0,0,,20
2023-03-14,TOR,0,0,0,11.95,14.333333333333334,14.8,14.6,11.8,39.666666666666664,108.81210660238382,0.4148333333333333,0,2.0,0,0,,8
2023-03-16,DET,0,0,1,11.885245901639344,13.0,12.8,14.1,12.4,46.0,109.09935004642529,0.4188333333333333,0,2.0,1,0,,10
2023-03-18,NYK,0,0,0,11.85483870967742,12.666666666666666,12.2,13.3,11.0,42.666666666666664,115.58161477288044,0.4121666666666667,0,2.0,0,0,,10
2023-03-19,BKN,0,0,1,11.825396825396826,9.333333333333334,11.8,13.0,11.4,38.333333333333336,110.30409991854468,0.4092222222222222,0,1.0,1,0,,17
2023-03-22,WAS,0,0,1,11.90625,12.333333333333334,13.0,13.0,12.8,39.0,108.79785090664876,0.4136111111111111,0,3.0,1,0,,12
2023-03-25,MIL,1,0,1,11.907692307692308,13.0,11.4,13.1,10.666666666666666,49.666666666666664,122.94567808305106,0.4428333333333333,1,3.0,1,0,,6
2023-03-27,PHI,1,0,1,11.818181818181818,11.666666666666666,11.0,11.9,10.0,39.333333333333336,114.71682513435304,0.4031666666666666,1,2.0,1,0,,17
2023-04-04,HOU,0,0,0,11.8955223880597,11.666666666666666,12.4,12.3,11.625,47.333333333333336,116.0437187963838,0.4117222222222221,0,8.0,0,0,,10
2023-04-08,UTA,0,0,0,11.867647058823527,11.0,12.4,12.1,11.444444444444445,46.0,107.9523869823984,0.424,0,4.0,0,0,,10
2023-04-16,MIN,1,0,1,11.840579710144928,12.333333333333334,11.0,12.0,13.5,43.666666666666664,121.0203549060543,0.4257777777777777,1,8.0,1,0,,14
2023-04-19,MIN,1,0,1,11.871428571428572,11.333333333333334,11.4,11.4,13.545454545454543,41.666666666666664,112.8164764528401,0.4235,1,3.0,1,0,,9
2023-04-21,MIN,0,0,1,11.830985915492958,11.0,12.0,11.5,13.166666666666666,38.333333333333336,104.86634681288552,0.4052777777777778,0,2.0,1,0,,11
2023-04-23,MIN,0,0,0,11.819444444444445,11.333333333333334,10.8,11.6,13.0,35.0,105.35070695869142,0.4007777777777778,0,2.0,0,0,,11
2023-04-25,MIN,1,0,1,11.808219178082192,10.333333333333334,11.0,11.7,12.857142857142858,39.333333333333336,114.887831407206,0.3948993288590604,1,2.0,1,0,,17
2023-04-29,PHX,1,0,1,11.87837837837838,13.0,12.4,11.7,13.272727272727272,45.666666666666664,124.96685229382126,0.4190000000000001,1,4.0,1,0,,19
2023-05-01,PHX,1,0,1,11.973333333333333,15.666666666666666,13.4,12.4,13.75,43.333333333333336,120.37162620371626,0.4096111111111111,1,2.0,1,0,,16
2023-05-05,PHX,0,0,0,12.026315789473683,17.333333333333332,14.8,13.4,13.923076923076923,40.0,111.77347242921012,0.4100555555555555,0,4.0,0,0,,17
2023-05-07,PHX,0,0,0,12.090909090909092,17.333333333333332,16.0,13.4,14.142857142857142,39.333333333333336,105.14018691588788,0.416111111111111,0,2.0,0,0,,4
2023-05-09,PHX,1,0,1,11.987179487179487,12.333333333333334,14.6,12.8,13.466666666666669,39.0,114.28377645143787,0.4095555555555555,1,2.0,1,0,,13
2023-05-11,PHX,0,0,1,12.0,11.333333333333334,13.8,13.1,13.4375,40.0,117.23954169997334,0.417,0,2.0,1,0,,10
2023-05-16,LAL,1,0,1,11.975,9.0,12.0,12.7,12.555555555555555,42.0,112.58817145957678,0.4095555555555555,1,5.0,1,0,,21
2023-05-18,LAL,1,0,1,12.08641975308642,14.666666666666666,13.0,13.9,13.4,38.0,121.4324917672887,0.4048888888888889,1,2.0,1,0,,17
2023-05-20,LAL,0,0,1,12.146341463414634,16.0,13.0,14.5,13.727272727272728,38.666666666666664,120.0574634012861,0.4060555555555555,0,2.0,1,0,,6
2023-05-22,LAL,0,0,1,12.072289156626503,14.666666666666666,13.4,14.0,13.083333333333334,38.333333333333336,113.6057173678533,0.4119999999999999,0,2.0,1,0,,14
2023-06-01,MIA,1,0,1,12.095238095238097,12.333333333333334,13.6,13.7,12.5,41.666666666666664,109.86221899927484,0.3830555555555556,1,10.0,1,0,,10
2023-06-04,MIA,1,0,0,12.070588235294116,10.0,13.6,12.8,12.142857142857142,44.0,106.29977246871448,0.3906666666666666,1,3.0,0,0,,11
2023-06-07,MIA,0,0,1,12.05813953488372,11.666666666666666,11.6,12.3,12.0,38.666666666666664,110.70243761719313,0.3851666666666666,0,3.0,1,0,,21
2023-06-09,MIA,0,0,1,12.160919540229886,14.0,12.4,12.7,13.0,35.666666666666664,107.17882319090776,0.3861666666666667,0,2.0,1,0,,12
2023-06-12,MIA,1,0,1,12.159090909090908,14.666666666666666,13.6,13.5,12.9,33.666666666666664,108.31889081455805,0.3846666666666667,1,3.0,1,0,,16
2023-10-27,MEM,0,0,1,13.0,,,,13.4,37.0,99.23664122137404,0.4366666666666666,0,3.0,1,0,,12
2023-10-29,OKC,0,0,1,12.5,,,,12.8,45.0,111.92589733693556,0.4318333333333333,0,2.0,1,0,,14
2023-10-30,UTA,1,0,1,13.0,13.0,,,11.3,48.0,110.645541442975,0.4242777777777778,1,1.0,1,0,,10
2023-11-01,MIN,0,0,0,12.25,12.0,,,13.133333333333333,49.0,104.05585106382978,0.4177777777777777,0,2.0,0,0,,10
2023-11-03,DAL,1,0,1,11.8,11.333333333333334,11.8,,12.375,44.333333333333336,120.84993359893758,0.4183333333333333,1,2.0,1,0,,14
2023-11-04,CHI,1,0,1,12.166666666666666,11.333333333333334,12.0,,11.8,43.0,109.96470268802608,0.4092222222222222,1,1.0,1,0,,16
2023-11-06,NOP,1,1,1,12.714285714285714,13.333333333333334,12.8,,11.6,42.333333333333336,113.69807222373068,0.4092222222222222,1,2.0,1,1,12.842592592592592,14
2023-11-08,GSW,1,1,1,12.875,14.666666666666666,12.8,,13.357142857142858,42.0,117.49935616791144,0.4314444444444444,1,2.0,1,1,12.853211009174313,13
2023-11-12,HOU,0,1,0,12.88888888888889,14.333333333333334,13.4,,11.444444444444445,46.0,121.83370044052865,0.4035555555555555,0,4.0,0,1,12.854545454545455,21
2023-11-14,LAC,1,1,1,13.7,16.0,15.6,13.7,12.9,43.0,113.48597141344624,0.4197777777777778,1,2.0,1,1,12.927927927927929,16
2023-11-17,NOP,0,1,0,13.909090909090908,16.666666666666668,16.0,14.0,11.818181818181818,40.333333333333336,118.2154605263158,0.4053333333333332,0,3.0,0,1,12.955357142857142,16
2023-11-19,CLE,0,1,0,14.083333333333334,17.666666666666668,16.0,14.4,13.333333333333334,41.666666666666664,117.84865016086164,0.3971666666666667,0,2.0,0,1,12.982300884955752,10
2023-11-20,DET,0,1,1,13.76923076923077,14.0,15.2,14.0,12.0,44.666666666666664,108.07477606127485,0.4279444444444444,0,1.0,1,1,12.956140350877194,5
2023-11-22,ORL,0,1,0,13.142857142857142,10.333333333333334,13.6,13.5,12.666666666666666,42.666666666666664,113.54961832061068,0.4366666666666667,0,2.0,0,1,12.88695652173913,13
2023-11-24,HOU,0,1,0,13.133333333333333,9.333333333333334,12.0,13.8,12.4,43.666666666666664,111.23806963301516,0.4132777777777778,0,2.0,0,1,12.887931034482758,19
2023-11-26,SAS,1,1,1,13.5,12.333333333333334,12.6,14.3,12.0,46.333333333333336,100.14077297158944,0.4341111111111111,1,2.0,1,1,12.94017094017094,11
2023-11-29,HOU,1,0,1,13.352941176470589,14.333333333333334,11.6,13.8,13.0,46.0,111.3878045497375,0.4127222222222222,1,3.0,1,0,,10
2023-12-01,PHX,0,1,1,13.166666666666666,13.333333333333334,11.6,13.4,13.235294117647058,45.0,115.05839822024468,0.3995555555555556,0,2.0,1,1,12.923728813559322,5
2023-12-02,SAC,0,1,0,12.736842105263158,8.666666666666666,11.6,12.6,11.0,46.333333333333336,117.49935616791144,0.4314444444444444,0,1.0,0,1,12.857142857142858,13
2023-12-06,LAC,0,0,0,12.75,9.333333333333334,11.6,11.8,13.181818181818182,44.333333333333336,107.22273385080912,0.4222777777777777,0,4.0,0,0,,15
2023-12-08,HOU,1,0,0,12.857142857142858,11.0,10.8,11.7,12.75,47.333333333333336,111.088736743187,0.4138333333333333,1,2.0,0,0,,16
2023-12-11,ATL,0,0,1,13.0,14.666666666666666,11.8,11.7,12.833333333333334,48.0,111.3956466069142,0.4338888888888889,0,3.0,1,0,,8
2023-12-12,CHI,0,1,1,12.782608695652174,13.0,11.4,11.5,12.5,54.666666666666664,117.8506137372682,0.4111677852348993,0,1.0,1,1,12.858333333333333,9
2023-12-14,BKN,1,0,1,12.625,11.0,12.2,11.9,12.333333333333334,44.0,119.04761904761904,0.4176666666666666,1,2.0,1,0,,14
2023-12-16,OKC,1,0,0,12.68,10.333333333333334,12.4,12.0,12.909090909090908,40.666666666666664,119.26328502415458,0.4445637583892617,1,2.0,0,0,,6
2023-12-18,DAL,1,0,1,12.423076923076923,9.666666666666666,10.6,10.7,12.555555555555555,39.0,117.55075311067452,0.4241666666666666,1,2.0,1,0,,9
2023-12-20,TOR,0,0,1,12.296296296296296,9.666666666666666,9.2,10.5,11.166666666666666,43.333333333333336,117.96551263200108,0.4156111111111111,0,2.0,1,0,,15
2023-12-22,BKN,0,0,1,12.392857142857142,10.0,10.6,11.0,12.571428571428571,42.333333333333336,108.23930726843348,0.4234444444444444,0,2.0,1,0,,11
2023-12-23,CHA,0,0,1,12.344827586206897,11.666666666666666,11.0,11.6,17.333333333333332,36.333333333333336,100.36870135190496,0.4068333333333334,0,1.0,1,0,,10
2023-12-25,GSW,1,0,1,12.266666666666667,12.0,10.2,11.3,13.333333333333334,55.0,125.84547346514049,0.4127785234899328,1,2.0,1,0,,14
2023-12-28,MEM,1,0,1,12.32258064516129,11.666666666666666,11.8,11.2,13.272727272727272,47.333333333333336,111.91222570532916,0.4281879194630872,1,3.0,1,0,,14
2023-12-29,OKC,1,0,0,12.375,12.666666666666666,12.8,11.0,12.333333333333334,32.666666666666664,126.81159420289856,0.414,1,1.0,0,0,,10
2024-01-01,CHA,1,0,1,12.303030303030305,12.666666666666666,11.8,11.2,16.285714285714285,37.0,109.87929677250068,0.4234444444444444,1,3.0,1,0,,11
2024-01-04,GSW,0,0,1,12.264705882352942,11.666666666666666,11.8,11.4,13.375,42.0,115.0,0.4166666666666667,0,3.0,1,0,,9
2024-01-05,ORL,1,0,0,12.17142857142857,10.0,11.6,10.9,12.714285714285714,41.666666666666664,111.46496815286623,0.4159480519480519,1,1.0,0,0,,4
2024-01-07,DET,1,0,1,11.944444444444445,8.0,9.6,10.7,11.0,41.666666666666664,115.2791625124626,0.4308187919463087,1,2.0,1,0,,7
2024-01-10,UTA,0,0,0,11.81081081081081,6.666666666666667,8.2,10.5,11.181818181818182,50.666666666666664,110.7233502538071,0.4377777777777777,0,3.0,0,0,,11
2024-01-12,NOP,1,0,1,11.789473684210526,7.333333333333333,8.4,10.1,12.166666666666666,49.0,125.33244680851064,0.4177777777777777,1,2.0,1,0,,10
2024-01-14,IND,1,0,1,11.743589743589745,9.333333333333334,8.2,10.0,10.75,46.0,121.4323121235926,0.4243333333333333,1,2.0,1,0,,12
2024-01-16,PHI,0,0,0,11.75,11.0,8.8,10.2,11.166666666666666,46.0,117.04834605597966,0.4220134228187919,0,2.0,0,0,,19
2024-01-19,BOS,0,0,1,11.926829268292684,13.666666666666666,11.8,10.7,10.0,52.333333333333336,120.18600995546238,0.4241111111111111,0,3.0,1,0,,12
2024-01-21,WAS,0,0,1,11.928571428571429,14.333333333333334,12.8,10.5,12.666666666666666,41.666666666666664,112.90941658137154,0.4342222222222222,0,2.0,1,0,,12
2024-01-23,IND,0,0,1,11.930232558139537,14.333333333333334,13.0,10.7,11.0,37.0,111.61282116509794,0.4367777777777777,0,2.0,1,0,,13
2024-01-25,NYK,0,0,0,11.954545454545457,12.333333333333334,13.6,10.9,10.8,53.333333333333336,126.15725648715608,0.4260555555555555,0,2.0,0,0,,11
2024-01-27,PHI,1,0,1,11.933333333333334,12.0,13.4,11.1,12.285714285714286,41.666666666666664,113.15417256011314,0.4320555555555556,1,2.0,1,0,,16
2024-01-29,MIL,1,0,1,12.021739130434783,13.333333333333334,12.8,12.3,9.5,47.333333333333336,117.67346415287928,0.4331666666666667,1,2.0,1,0,,16
2024-02-02,POR,1,0,1,12.106382978723405,14.333333333333334,13.6,13.2,9.625,42.0,117.15566422167888,0.409,1,4.0,1,0,,22
2024-02-04,POR,1,0,1,12.3125,18.0,15.6,14.3,10.352941176470589,38.333333333333336,125.2983293556086,0.3957222222222222,1,2.0,1,0,,8
2024-02-08,LAL,0,0,1,12.224489795918368,15.333333333333334,14.6,14.1,13.142857142857142,40.333333333333336,122.87641032291532,0.4283888888888888,0,4.0,1,0,,13
2024-02-09,SAC,0,0,0,12.24,14.333333333333334,15.0,14.2,11.2,37.666666666666664,112.8805321053978,0.4343333333333333,0,1.0,0,0,,8
2024-02-12,MIL,0,0,0,12.15686274509804,9.666666666666666,13.4,13.1,10.8,44.0,112.7384196185286,0.4077777777777777,0,3.0,0,0,,12
2024-02-14,SAC,1,1,0,12.153846153846152,11.0,12.6,13.1,10.909090909090908,44.0,119.47469570787956,0.4336111111111111,1,2.0,0,1,12.826446280991735,5
2024-02-22,WAS,1,0,1,12.0188679245283,8.333333333333334,9.2,12.4,12.571428571428571,44.333333333333336,105.98195525892966,0.4495,1,8.0,1,0,,19
2024-02-23,POR,0,1,1,12.148148148148149,12.0,11.4,13.0,10.22222222222222,40.333333333333336,96.70389539634978,0.4078888888888888,0,1.0,1,1,12.762295081967212,15
2024-02-25,GSW,0,0,1,12.2,13.0,11.8,13.4,13.117647058823527,47.333333333333336,116.65814369726417,0.4345555555555555,0,2.0,1,0,,16
2024-02-28,SAC,1,0,1,12.267857142857142,16.666666666666668,13.4,13.4,10.416666666666666,41.333333333333336,122.81659388646288,0.4071111111111111,1,3.0,1,0,,14
2024-02-29,MIA,1,0,1,12.298245614035087,15.0,13.8,13.2,13.181818181818182,39.666666666666664,115.0497512437811,0.4019999999999999,1,1.0,1,0,,11
2024-03-02,LAL,0,0,1,12.275862068965518,13.666666666666666,15.0,12.1,13.133333333333333,43.333333333333336,121.15505335844318,0.4276510067114094,0,2.0,1,0,,10
2024-03-05,PHX,1,0,0,12.23728813559322,11.666666666666666,13.2,12.3,12.77777777777778,49.333333333333336,103.4721348597308,0.4416111111111111,1,3.0,0,0,,16
2024-03-07,BOS,1,0,1,12.3,12.333333333333334,13.4,12.6,10.285714285714286,50.333333333333336,128.25678216492074,0.4136666666666667,1,2.0,1,0,,12
2024-03-09,UTA,1,0,1,12.295081967213116,12.666666666666666,12.6,13.0,11.166666666666666,46.0,120.10030355021776,0.4209444444444444,1,2.0,1,0,,6
2024-03-11,TOR,1,0,1,12.193548387096774,11.333333333333334,11.0,12.4,11.714285714285714,41.333333333333336,104.8973345236577,0.420993288590604,1,2.0,1,0,,17
2024-03-13,MIA,0,0,1,12.26984126984127,11.666666666666666,12.2,13.6,13.0,43.666666666666664,108.8454119592174,0.4032222222222222,0,2.0,1,0,,14
2024-03-15,SAS,0,0,1,12.296875,12.333333333333334,13.0,13.1,11.909090909090908,47.0,113.02734643397008,0.4042777777777777,0,2.0,1,0,,7
2024-03-17,DAL,0,0,0,12.215384615384616,12.666666666666666,11.2,12.3,12.2,43.666666666666664,119.36785474108945,0.4130555555555555,0,2.0,0,0,,11
2024-03-19,MIN,0,0,1,12.196969696969695,10.666666666666666,11.0,11.8,12.9375,42.333333333333336,123.574144486692,0.3945,0,2.0,1,0,,16
2024-03-21,NYK,1,0,1,12.25373134328358,11.333333333333334,13.0,12.0,10.833333333333334,48.0,113.20355480321624,0.3938333333333333,1,2.0,1,0,,14
2024-03-25,MEM,1,1,1,12.279411764705882,13.666666666666666,12.4,12.3,13.333333333333334,48.333333333333336,105.24276859504133,0.4157852348993289,1,4.0,1,1,12.78048780487805,11
2024-03-27,PHX,1,1,0,12.26086956521739,13.666666666666666,11.8,12.4,12.947368421052632,41.333333333333336,123.0234460196292,0.4075555555555556,1,2.0,0,1,12.766129032258064,9
2024-03-29,MIN,1,1,0,12.214285714285714,11.333333333333334,12.2,11.7,13.117647058823527,43.333333333333336,114.8936170212766,0.3916666666666666,1,2.0,0,1,12.736,10
2024-03-31,CLE,1,1,1,12.183098591549296,10.0,12.0,11.5,12.857142857142858,38.666666666666664,120.65569157168989,0.3948333333333333,1,2.0,1,1,12.714285714285714,18
2024-04-02,SAS,1,1,1,12.26388888888889,12.333333333333334,12.4,12.7,11.5,44.0,116.3615265600825,0.4164295302013423,1,2.0,1,1,12.755905511811024,16
2024-04-04,LAC,0,1,0,12.315068493150685,14.666666666666666,12.8,12.6,13.333333333333334,44.666666666666664,112.28704181724316,0.4304444444444444,0,2.0,0,1,12.78125,17
2024-04-06,ATL,1,0,1,12.37837837837838,17.0,14.0,12.9,12.142857142857142,49.666666666666664,107.24996740122572,0.4260555555555556,1,2.0,1,0,,14
2024-04-09,UTA,0,0,1,12.4,15.666666666666666,15.0,13.6,10.76923076923077,35.0,105.89078587254008,0.4262777777777777,0,3.0,1,0,,13
2024-04-10,MIN,1,0,1,12.407894736842104,14.666666666666666,15.6,13.8,12.944444444444445,44.666666666666664,111.90631099544568,0.4269444444444444,1,1.0,1,0,,11
2024-04-12,SAS,0,0,0,12.38961038961039,12.666666666666666,14.2,13.3,11.846153846153848,52.333333333333336,95.26385382858516,0.4321558441558442,0,2.0,0,0,,7
2024-04-14,MEM,0,0,1,12.32051282051282,10.333333333333334,12.4,12.6,13.153846153846152,45.0,103.23585161115624,0.4103333333333333,0,2.0,1,0,,15
2024-04-20,LAL,1,0,1,12.354430379746836,11.0,12.0,13.0,12.9375,44.666666666666664,110.18385708697352,0.4260555555555556,1,6.0,1,0,,12
2024-04-22,LAL,1,0,1,12.35,11.333333333333334,11.6,13.3,12.882352941176473,45.333333333333336,107.2540262552443,0.4105,1,2.0,1,0,,20
2024-04-25,LAL,0,0,1,12.444444444444445,15.666666666666666,13.0,14.3,13.27777777777778,43.333333333333336,107.16320136713186,0.3901111111111111,0,3.0,1,0,,15
2024-04-27,LAL,0,0,0,12.475609756097562,15.666666666666666,13.8,14.0,13.36842105263158,42.0,103.32950631458095,0.3871111111111111,0,2.0,0,0,,14
2024-04-29,LAL,1,0,1,12.49397590361446,16.333333333333332,15.2,13.8,13.4,38.666666666666664,112.98845779446528,0.3995,1,2.0,1,0,,20
2024-05-04,MIN,1,0,0,12.583333333333334,16.333333333333332,16.2,14.1,12.842105263157896,44.333333333333336,122.79115068874356,0.3992777777777778,1,5.0,0,0,,8
2024-05-06,MIN,1,0,0,12.529411764705882,14.0,15.4,13.5,12.6,45.333333333333336,123.1047433579079,0.3993888888888889,1,2.0,0,0,,16
2024-05-10,MIN,0,0,1,12.569767441860463,14.666666666666666,14.6,13.8,12.761904761904765,42.666666666666664,118.82738010530808,0.3903888888888889,0,4.0,1,0,,14
2024-05-12,MIN,0,0,1,12.586206896551724,12.666666666666666,14.4,14.1,12.818181818181818,38.666666666666664,108.85236447520184,0.3853333333333333,0,2.0,1,0,,7
2024-05-14,MIN,1,0,1,12.522727272727272,12.333333333333334,13.0,14.1,12.565217391304348,38.666666666666664,109.76670047819157,0.3833888888888889,1,2.0,1,0,,7
2024-05-16,MIN,0,0,0,12.460674157303371,9.333333333333334,10.4,13.3,12.333333333333334,35.666666666666664,106.42919200695049,0.3836666666666666,0,2.0,0,0,,9
2024-05-19,MIN,1,0,0,12.422222222222222,7.666666666666667,10.6,13.0,12.2,45.666666666666664,115.24566473988438,0.3844444444444444,1,3.0,0,0,,19
2024-10-26,LAC,1,0,0,12.0,,,,13.615384615384617,44.666666666666664,111.84380656839927,0.4152483221476509,1,2.0,0,0,,9
2024-10-28,TOR,0,0,1,10.5,,,,12.375,46.0,103.63027806385168,0.4315555555555555,0,2.0,1,0,,10
2024-10-29,BKN,0,0,1,10.333333333333334,10.333333333333334,,,12.375,42.333333333333336,107.31833462632534,0.4296666666666666,0,1.0,1,0,,18
2024-11-01,MIN,0,0,0,12.25,12.333333333333334,,,12.461538461538462,41.666666666666664,114.57776590058792,0.4157777777777777,0,3.0,0,0,,9
2024-11-02,UTA,1,1,1,11.6,12.333333333333334,11.6,,10.928571428571429,48.333333333333336,93.99237544367028,0.4226111111111111,1,1.0,1,1,12.813953488372093,16
2024-11-04,TOR,1,1,1,12.333333333333334,14.333333333333334,12.4,,12.11111111111111,43.666666666666664,118.03616943803856,0.4423624161073826,1,2.0,1,1,12.83846153846154,14
2024-11-06,OKC,1,1,1,12.571428571428571,13.0,13.4,,12.142857142857142,42.666666666666664,112.50654107796966,0.4246666666666667,1,2.0,1,1,12.84732824427481,20
2024-11-08,MIA,1,0,1,13.5,16.666666666666668,15.4,,13.076923076923077,48.0,112.37440507667898,0.4202222222222222,1,2.0,1,0,,11
2024-11-10,DAL,1,0,1,13.22222222222222,15.0,14.0,,12.090909090909092,41.333333333333336,118.12319031324034,0.422111111111111,1,2.0,1,0,,18
2024-11-22,DAL,1,0,0,13.7,16.333333333333332,15.8,13.7,12.583333333333334,51.333333333333336,119.8969480776853,0.4205,1,12.0,0,0,,17
2024-11-23,LAL,0,0,1,14.0,15.333333333333334,16.0,14.2,13.714285714285714,46.333333333333336,110.61346362649296,0.4093333333333333,0,1.0,1,0,,13
2024-11-25,NYK,1,0,0,13.916666666666666,16.0,15.8,14.6,11.285714285714286,41.0,105.49657304125788,0.413388888888889,1,2.0,0,0,,7
2024-11-27,UTA,0,0,1,13.384615384615383,12.333333333333334,13.2,14.3,11.266666666666667,47.333333333333336,110.76345431789736,0.4438888888888889,0,2.0,1,0,,10
2024-12-01,LAC,0,0,0,13.142857142857142,10.0,13.0,13.5,13.285714285714286,44.0,106.90673793782528,0.3949444444444444,0,4.0,0,0,,14
2024-12-03,GSW,1,0,1,13.2,10.333333333333334,12.2,14.0,13.27777777777778,47.666666666666664,107.01155462184876,0.4231111111111111,1,2.0,1,0,,10
2024-12-05,CLE,0,0,0,13.0,11.333333333333334,10.8,13.4,13.5,43.0,108.27282157676348,0.4284444444444444,0,2.0,0,0,,20
2024-12-07,WAS,0,1,0,13.411764705882351,14.666666666666666,12.2,14.0,13.375,44.0,98.00103842159916,0.428,0,2.0,0,1,12.901515151515152,16
2024-12-08,ATL,0,1,1,13.555555555555555,15.333333333333334,14.0,13.6,12.375,51.0,112.48358992719896,0.4498791946308724,0,1.0,1,1,12.924812030075188,14
2024-12-13,LAC,1,0,1,13.578947368421051,16.666666666666668,14.8,13.9,13.333333333333334,37.666666666666664,112.26083561108942,0.4125100671140939,1,5.0,1,0,,7
2024-12-16,SAC,0,0,1,13.25,12.333333333333334,13.4,12.8,10.692307692307692,45.666666666666664,128.1715929897986,0.4247777777777777,0,3.0,1,0,,14
2024-12-19,POR,0,0,0,13.285714285714286,11.666666666666666,14.2,12.5,10.473684210526317,44.333333333333336,110.07360959651038,0.4075555555555555,0,3.0,0,0,,6
2024-12-22,NOP,0,0,1,12.954545454545457,9.0,11.4,11.8,12.0,41.333333333333336,105.81649371927908,0.4068888888888889,0,3.0,1,0,,13
2024-12-23,PHX,1,1,1,12.956521739130435,11.0,10.8,12.4,12.75,41.666666666666664,117.02127659574468,0.4177777777777777,1,1.0,1,1,12.932835820895525,2
2024-12-25,PHX,0,0,0,12.5,7.0,8.4,11.6,12.238095238095235,39.333333333333336,109.38129110186551,0.4139444444444445,0,2.0,0,0,,15
2024-12-27,CLE,1,0,0,12.6,10.0,10.0,11.7,14.22222222222222,45.666666666666664,124.71655328798188,0.4165,1,2.0,0,0,,14
2024-12-28,DET,1,0,1,12.653846153846152,10.333333333333334,10.0,12.1,10.5,38.666666666666664,120.14787430683916,0.4207777777777778,1,1.0,1,0,,9
2024-12-30,UTA,0,0,1,12.51851851851852,12.666666666666666,10.6,11.0,11.1875,48.333333333333336,113.51636747624076,0.420888888888889,0,2.0,1,0,,22
2025-01-01,ATL,1,0,1,12.857142857142858,15.0,12.4,11.6,12.555555555555555,43.666666666666664,127.22727855403156,0.4333888888888888,1,2.0,1,0,,17
2025-01-03,SAS,1,0,0,13.0,16.0,15.4,11.9,11.5,47.333333333333336,112.11375444353293,0.4063333333333334,1,2.0,0,0,,18
2025-01-04,SAS,0,0,1,13.166666666666666,19.0,16.0,13.0,11.933333333333334,51.666666666666664,113.3377135348226,0.4227777777777778,0,1.0,1,0,,9
2025-01-10,BKN,1,0,1,13.03225806451613,14.666666666666666,15.0,12.5,13.0,42.666666666666664,95.58533701221916,0.4228333333333333,1,6.0,1,0,,12
2025-01-12,DAL,0,0,1,13.0,13.0,15.6,13.1,12.923076923076923,49.0,114.15678879310344,0.4124444444444445,0,2.0,1,0,,18
2025-01-14,DAL,0,0,1,13.151515151515152,13.0,14.8,13.6,13.285714285714286,44.666666666666664,115.71841851494696,0.4032777777777777,0,2.0,1,0,,14
2025-01-17,MIA,0,0,1,13.176470588235292,14.666666666666666,14.2,14.8,12.928571428571429,43.0,109.96075246988768,0.4105,0,3.0,1,0,,12
2025-01-19,ORL,0,0,1,13.142857142857142,14.666666666666666,13.0,14.5,11.625,36.666666666666664,98.24442943956784,0.4113888888888889,0,2.0,1,0,,14
2025-01-21,PHI,1,0,1,13.166666666666666,13.333333333333334,14.0,14.5,12.75,35.0,112.04672008692113,0.3953288590604026,1,2.0,1,0,,13
2025-01-23,SAC,1,0,1,13.16216216216216,13.0,14.2,14.9,10.928571428571429,44.333333333333336,121.02971311475412,0.4337777777777777,1,2.0,1,0,,22
2025-01-25,MIN,0,0,0,13.394736842105264,16.333333333333332,15.0,14.9,12.333333333333334,44.333333333333336,113.34674714956408,0.4141666666666666,0,2.0,0,0,,3
2025-01-27,CHI,0,0,0,13.128205128205128,12.666666666666666,12.8,13.5,12.0,50.0,105.66214947001208,0.4140555555555555,0,2.0,0,0,,12
2025-01-29,NYK,0,0,0,13.1,12.333333333333334,12.8,12.9,10.75,43.666666666666664,107.08870356330551,0.4396666666666667,0,2.0,0,0,,6
2025-01-31,PHI,0,0,1,12.926829268292684,7.0,11.2,12.6,12.77777777777778,39.333333333333336,116.15343057806592,0.4113333333333333,0,2.0,1,0,,9
2025-02-01,CHA,0,0,1,12.833333333333334,9.0,10.4,12.3,15.625,42.666666666666664,101.19785212722016,0.4034999999999999,0,1.0,1,0,,13
2025-02-03,NOP,1,0,1,12.83720930232558,9.333333333333334,8.6,11.8,12.071428571428571,42.666666666666664,116.89145793192036,0.4325,1,2.0,1,0,,14
2025-02-05,NOP,1,0,1,12.863636363636363,12.0,10.8,11.8,12.2,41.333333333333336,120.53872053872053,0.4125,1,2.0,1,0,,8
2025-02-06,ORL,1,1,1,12.755555555555556,11.666666666666666,10.0,11.4,11.88888888888889,43.333333333333336,111.79277436946148,0.4075,1,1.0,1,1,12.851851851851851,10
2025-02-08,PHX,0,0,1,12.695652173913045,10.666666666666666,10.8,11.0,12.363636363636363,42.333333333333336,117.44532159958588,0.4014025974025973,0,2.0,1,0,,11
2025-02-10,POR,1,0,1,12.659574468085106,9.666666666666666,11.2,10.8,10.25,47.666666666666664,104.23495476596302,0.4237222222222222,1,2.0,1,0,,7
2025-02-12,POR,1,0,1,12.541666666666666,9.333333333333334,10.0,9.3,10.095238095238097,41.666666666666664,104.5172146000518,0.4292222222222222,1,2.0,1,0,,15
2025-02-20,CHA,1,0,1,12.591836734693878,11.0,10.2,10.5,15.333333333333334,43.333333333333336,92.78002699055334,0.4116666666666665,1,8.0,1,0,,17
2025-02-22,LAL,1,0,0,12.68,13.0,12.0,11.0,13.681818181818182,47.0,105.09216284312426,0.4189444444444445,1,2.0,0,0,,13
2025-02-24,IND,0,0,1,12.68627450980392,15.0,12.6,11.7,11.333333333333334,44.666666666666664,124.06158544344063,0.4219597315436242,0,2.0,1,0,,9
2025-02-27,MIL,0,0,0,12.615384615384617,13.0,12.2,11.7,11.0,40.333333333333336,106.20698782424564,0.4197777777777778,0,3.0,0,0,,14
2025-02-28,DET,0,0,1,12.641509433962264,12.0,13.6,11.8,10.333333333333334,44.666666666666664,118.78842213114756,0.4337777777777777,0,1.0,1,0,,17
2025-03-02,BOS,0,0,0,12.72222222222222,13.333333333333334,14.0,12.1,10.5,37.0,112.26611226611227,0.4008333333333332,0,2.0,0,0,,14
2025-03-05,SAC,1,0,1,12.745454545454546,15.0,13.4,12.7,11.666666666666666,43.333333333333336,123.08228730822876,0.3983333333333333,1,3.0,1,0,,15
2025-03-07,PHX,1,0,1,12.785714285714286,15.333333333333334,13.8,13.2,12.304347826086955,43.0,118.35548172757474,0.4013333333333334,1,2.0,1,0,,21
2025-03-09,OKC,0,0,0,12.929824561403509,16.666666666666668,16.2,14.2,12.666666666666666,43.666666666666664,117.5255069094666,0.4301666666666666,0,2.0,0,0,,13
2025-03-10,OKC,0,0,1,12.93103448275862,16.333333333333332,16.0,14.8,12.6875,46.0,117.28067850516832,0.4192222222222222,0,1.0,1,0,,18
2025-03-12,MIN,1,0,0,13.016949152542374,17.333333333333332,16.2,15.1,12.0,42.666666666666664,129.41831338714164,0.3992222222222222,1,2.0,0,0,,8
2025-03-14,LAL,1,0,1,12.933333333333334,13.0,15.0,14.2,13.652173913043478,39.0,117.1875,0.4088888888888888,1,2.0,1,0,,7
2025-03-15,WAS,1,0,0,12.836065573770492,11.0,13.4,13.6,13.666666666666666,49.333333333333336,107.59574740617394,0.4337222222222222,1,1.0,0,0,,13
2025-03-26,MIL,1,0,1,12.838709677419354,9.333333333333334,11.8,14.0,11.428571428571429,39.666666666666664,119.63754778422768,0.3923888888888889,1,11.0,1,0,,10
2025-03-28,UTA,1,1,1,12.793650793650794,10.0,11.2,13.6,11.823529411764708,37.666666666666664,101.9860440150295,0.414,1,2.0,1,1,12.830882352941176,14
2025-04-01,MIN,1,1,0,12.8125,12.333333333333334,10.4,13.3,11.862068965517242,49.0,117.54433100483612,0.4135555555555555,1,4.0,0,1,12.83941605839416,10
2025-04-04,GSW,0,1,0,12.76923076923077,11.333333333333334,10.8,12.9,13.105263157894736,46.333333333333336,130.93236777447302,0.4296111111111111,0,3.0,0,1,12.818840579710145,12
2025-04-06,IND,1,1,0,12.757575757575758,12.0,11.8,12.6,11.0,43.0,124.22777330110124,0.4136666666666667,1,2.0,0,1,12.81294964028777,15
2025-04-09,SAC,0,1,1,12.791044776119405,12.333333333333334,12.2,12.0,11.875,44.333333333333336,128.4175642087821,0.4023333333333333,0,3.0,1,1,12.82857142857143,12
2025-04-11,MEM,1,0,1,12.779411764705882,13.0,12.6,11.9,13.285714285714286,49.666666666666664,114.58199974395085,0.4339444444444444,1,2.0,1,0,,16
2025-04-13,HOU,0,0,1,12.826086956521738,14.333333333333334,13.0,11.7,13.0,40.666666666666664,109.31120769129464,0.4218333333333333,0,2.0,1,0,,7
2025-04-19,LAC,1,0,1,12.742857142857142,11.666666666666666,12.4,11.6,12.9375,42.0,114.96934150893097,0.4027919463087248,1,6.0,1,0,,9
2025-04-21,LAC,1,0,0,12.690140845070422,10.666666666666666,11.8,11.8,12.705882352941176,41.333333333333336,100.26644229420836,0.3828724832214765,1,2.0,0,0,,11
2025-04-24,LAC,0,0,0,12.666666666666666,9.0,11.0,11.6,12.61111111111111,37.0,108.43906757155504,0.3765555555555556,0,3.0,0,0,,13
2025-04-26,LAC,0,0,1,12.67123287671233,11.0,11.2,11.9,12.63157894736842,42.333333333333336,115.41843763740287,0.3790555555555556,0,2.0,1,0,,21
2025-04-29,LAC,1,0,1,12.783783783783784,15.0,12.2,12.6,13.05,40.666666666666664,114.14535471752636,0.3845,1,3.0,1,0,,10
2025-05-01,LAC,0,0,0,12.746666666666666,14.666666666666666,12.8,12.6,12.904761904761903,38.666666666666664,115.58219178082192,0.3893333333333333,0,2.0,0,0,,7
2025-05-03,LAC,1,0,1,12.671052631578949,12.666666666666666,12.4,12.1,12.636363636363637,36.666666666666664,114.6233803217998,0.3901666666666666,1,2.0,1,0,,10
2025-05-05,OKC,0,0,1,12.636363636363637,9.0,12.2,11.6,13.0,43.666666666666664,113.6955955173312,0.4263333333333334,0,2.0,1,0,,22
2025-05-07,OKC,0,0,0,12.756410256410255,13.0,14.0,12.6,13.5,39.666666666666664,111.73541054782278,0.4350555555555555,0,2.0,0,0,,8
