GAME_DATE,OPPONENT,IS_HOME,MURRAY_OUT,WON_GAME,SEASON_AVG_AST,ROLL_3_AST,ROLL_5_AST,ROLL_10_AST,HEAD2HEAD_AVG_AST,SEASON_AVG_MIN,SEASON_AVG_FG_PCT,OPP_AST,OPP_DEF_RATING,OPP_PACE,IS_HOME,DAYS_RESTED,WON_GAME,MURRAY_OUT,SEASON_AVG_AST_MURRAY_OUT,AST
2020-12-25,LAC,1,0,0,14.0,,,,,42.0,0.611,22.0,106.13207547169812,0.4416666666666666,1,2.0,0,0,,10
2020-12-28,HOU,1,0,1,12.0,,,,,40.0,0.5745,27.0,117.66903249906612,0.4040754716981132,1,3.0,1,0,,18
2020-12-29,SAC,0,1,0,14.0,14.0,,,14.0,38.0,0.6253333333333333,22.666666666666668,105.04201680672269,0.4216912751677852,0,1.0,0,1,,12
2021-01-01,PHX,1,0,0,13.5,13.333333333333334,,,,38.25,0.62975,28.0,115.3846153846154,0.4008333333333332,1,3.0,0,0,,11
2021-01-03,MIN,0,0,1,13.0,13.666666666666666,13.0,,,36.6,0.6114,21.0,95.59197154471543,0.4373333333333333,0,2.0,1,0,,12
2021-01-05,MIN,1,0,1,12.833333333333334,11.666666666666666,12.6,,12.0,35.833333333333336,0.6206666666666667,23.0,105.36398467432949,0.4205,1,2.0,1,0,,6
2021-01-07,DAL,1,0,0,11.857142857142858,9.666666666666666,11.8,,,36.0,0.6177142857142857,21.666666666666668,104.38829787234044,0.4177777777777777,1,2.0,0,0,,4
2021-01-09,PHI,0,0,1,10.875,7.333333333333333,9.0,,,36.625,0.597,30.0,113.77689834281476,0.4492222222222222,0,2.0,1,0,,12
2021-01-10,NYK,0,0,1,11.0,7.333333333333333,9.0,,,35.77777777777778,0.614,24.333333333333332,102.87654814222932,0.4171666666666667,0,1.0,1,0,,5
2021-01-12,BKN,0,0,0,10.4,7.0,7.8,10.4,,35.2,0.6125999999999999,26.333333333333332,107.55346767214736,0.4493888888888889,0,2.0,0,0,,11
2021-01-14,GSW,1,0,1,10.454545454545457,9.333333333333334,7.6,10.1,,35.09090909090909,0.5997272727272727,26.666666666666668,103.9610475062508,0.4221666666666667,1,2.0,1,0,,10
2021-01-17,UTA,1,0,0,10.416666666666666,8.666666666666666,8.4,10.1,,35.166666666666664,0.5914166666666666,23.333333333333332,113.79358052019924,0.4015555555555555,1,3.0,0,0,,9
2021-01-19,OKC,1,0,1,10.307692307692308,10.0,9.4,9.2,,35.53846153846154,0.5927692307692307,22.333333333333332,103.2485520020146,0.4264161073825503,1,2.0,1,0,,6
2021-01-22,PHX,0,0,1,10.0,8.333333333333334,8.2,8.6,11.0,35.0,0.5912142857142857,25.333333333333332,104.71204188481676,0.4244444444444444,0,3.0,1,0,,8
2021-01-23,PHX,0,0,1,9.866666666666667,7.666666666666667,8.8,8.3,9.5,35.333333333333336,0.5888666666666665,28.333333333333332,107.61904761904763,0.4228187919463086,0,1.0,1,0,,6
2021-01-25,DAL,0,0,1,9.625,6.666666666666667,7.8,7.7,4.0,35.75,0.578875,23.333333333333332,116.49335263919968,0.4220555555555556,0,2.0,1,0,,4
2021-01-27,MIA,0,0,1,9.294117647058824,6.0,6.6,7.5,,35.64705882352941,0.5810000000000001,22.666666666666668,96.3583200425306,0.418,0,2.0,1,0,,3
2021-01-29,SAS,0,0,0,8.944444444444445,4.333333333333333,5.4,7.4,,35.55555555555556,0.5844444444444445,23.333333333333332,114.82116932823018,0.4209444444444444,0,2.0,0,0,,5
2021-01-31,UTA,1,0,1,8.736842105263158,4.0,5.2,6.7,9.0,35.73684210526316,0.5843684210526316,21.666666666666668,120.54948135688254,0.3963333333333333,1,2.0,1,0,,5
2021-02-04,LAL,0,0,0,8.55,4.333333333333333,4.6,6.7,,35.8,0.5878500000000001,22.333333333333332,119.78521272201571,0.4034999999999999,0,4.0,0,0,,6
2021-02-06,SAC,0,1,0,8.428571428571429,5.333333333333333,4.6,6.2,13.0,35.76190476190476,0.5777142857142857,25.333333333333332,112.14333112143332,0.4186111111111111,0,2.0,0,1,12.0,12
2021-02-08,MIL,1,0,0,8.590909090909092,7.666666666666667,6.2,6.4,,36.0,0.5790000000000001,28.666666666666668,120.84882677266316,0.4332777777777777,1,2.0,0,0,,6
2021-02-10,CLE,1,0,1,8.478260869565217,8.0,6.8,6.1,,36.130434782608695,0.5755652173913044,22.333333333333332,104.86965727140402,0.4198333333333333,1,2.0,1,0,,12
2021-02-12,OKC,1,0,1,8.625,10.0,8.2,6.7,6.0,35.875,0.5813333333333334,26.666666666666668,103.50414016560664,0.4328831168831168,1,2.0,1,0,,9
2021-02-14,LAL,1,0,1,8.64,9.0,9.0,6.8,6.0,35.92,0.5806,22.666666666666668,113.57802874743328,0.4183624161073825,1,2.0,1,0,,10
2021-02-16,BOS,0,0,0,8.692307692307692,10.333333333333334,9.8,7.2,,35.88461538461539,0.5763846153846154,19.666666666666668,102.04747000521648,0.426,0,2.0,0,0,,5
2021-02-17,WAS,0,0,0,8.555555555555555,8.0,8.4,7.3,,35.96296296296296,0.5808148148148148,23.0,102.10473565522426,0.4434444444444445,0,1.0,0,0,,9
2021-02-19,CLE,0,0,1,8.571428571428571,8.0,9.0,7.9,12.0,36.0,0.5804642857142858,21.333333333333332,100.28923541247484,0.4417777777777777,0,2.0,1,0,,10
2021-02-21,ATL,0,0,0,8.620689655172415,8.0,8.6,8.4,,35.89655172413793,0.582,19.0,115.59719600970612,0.4121111111111111,0,2.0,0,0,,6
2021-02-23,POR,1,0,1,8.533333333333333,8.333333333333334,8.0,8.5,,35.93333333333333,0.5737,20.0,110.75325358222688,0.4226111111111111,1,2.0,1,0,,5
2021-02-25,WAS,1,0,0,8.419354838709678,7.0,7.0,8.4,9.0,36.0,0.5723225806451612,26.666666666666668,109.2879631872124,0.4433825503355704,1,2.0,0,0,,7
2021-02-27,OKC,0,0,1,8.375,6.0,7.4,7.9,7.5,36.0625,0.5700624999999999,24.0,106.35415255385448,0.4100555555555555,0,2.0,1,0,,13
2021-03-01,CHI,0,0,1,8.515151515151516,8.333333333333334,8.2,8.6,,35.878787878787875,0.577030303030303,25.666666666666668,114.4389223123202,0.4105234899328858,0,2.0,1,0,,9
2021-03-02,MIL,0,0,1,8.529411764705882,9.666666666666666,8.0,8.3,6.0,35.94117647058823,0.5779117647058822,25.0,121.24561175399816,0.4272777777777777,0,1.0,1,0,,11
2021-03-04,IND,0,0,1,8.6,11.0,9.0,8.5,,35.94285714285714,0.5800285714285713,27.0,106.93309499489276,0.4351111111111111,0,2.0,1,0,,8
2021-03-12,MEM,0,0,1,8.583333333333334,9.333333333333334,9.6,8.3,,35.97222222222222,0.5778055555555555,26.0,111.1996078911898,0.4533888888888889,0,8.0,1,0,,7
2021-03-13,DAL,1,0,0,8.54054054054054,8.666666666666666,9.6,8.5,4.0,35.972972972972975,0.5781621621621621,22.333333333333332,108.68040947973634,0.3961666666666667,1,1.0,0,0,,11
2021-03-15,IND,1,0,1,8.605263157894736,8.666666666666666,9.2,8.7,8.0,35.973684210526315,0.5761052631578947,24.666666666666668,106.9923623913616,0.4218888888888888,1,2.0,1,0,,5
2021-03-17,CHA,1,0,1,8.512820512820513,7.666666666666667,8.4,8.2,,35.92307692307692,0.5726153846153846,28.666666666666668,110.38456558332255,0.4290555555555555,1,2.0,1,0,,10
2021-03-19,CHI,1,0,1,8.55,8.666666666666666,8.2,8.6,9.0,35.75,0.579725,27.666666666666668,112.2112211221122,0.4208333333333333,1,2.0,1,0,,9
2021-03-21,NOP,1,0,0,8.560975609756097,8.0,8.4,9.0,,35.90243902439025,0.580439024390244,28.666666666666668,106.63832121793992,0.4050555555555556,1,2.0,0,0,,10
2021-03-23,ORL,0,0,1,8.595238095238095,9.666666666666666,9.0,9.3,,35.88095238095238,0.5829047619047619,22.333333333333332,107.9988851727982,0.3986666666666666,0,2.0,1,0,,10
2021-03-24,TOR,0,0,0,8.627906976744185,9.666666666666666,8.8,9.0,,35.883720930232556,0.5843953488372093,23.0,103.6473366570454,0.4234444444444444,0,1.0,0,0,,5
2021-03-26,NOP,0,0,1,8.545454545454545,8.333333333333334,8.8,8.6,10.0,35.75,0.5840909090909091,21.666666666666668,117.55990724040196,0.4312222222222222,0,2.0,1,0,,9
2021-03-28,ATL,1,0,1,8.555555555555555,8.0,8.6,8.4,6.0,35.86666666666667,0.5837111111111112,23.0,118.86556374252746,0.3996111111111111,1,2.0,1,0,,8
2021-03-30,PHI,1,0,1,8.543478260869565,7.333333333333333,8.4,8.4,12.0,35.69565217391305,0.5836956521739131,18.666666666666668,108.52355191977834,0.4210555555555555,1,2.0,1,0,,5
2021-04-01,LAC,0,0,1,8.46808510638298,7.333333333333333,7.4,8.2,10.0,35.659574468085104,0.5834255319148937,24.0,106.80642165317764,0.4187222222222221,0,2.0,1,0,,7
2021-04-04,ORL,1,0,1,8.4375,6.666666666666667,6.8,7.8,10.0,35.666666666666664,0.5790833333333333,18.0,99.11470361816782,0.4184697986577181,1,3.0,1,0,,16
2021-04-06,DET,1,1,1,8.591836734693878,9.333333333333334,9.0,8.9,,35.714285714285715,0.5765510204081632,27.666666666666668,108.80930597307542,0.4250555555555555,1,2.0,1,1,12.0,11
2021-04-07,SAS,1,1,1,8.64,11.333333333333334,9.4,9.0,5.0,35.54,0.5812799999999999,23.0,111.10430950048972,0.4109685534591195,1,1.0,1,1,11.666666666666666,10
2021-04-09,SAS,1,1,1,8.666666666666666,12.333333333333334,9.8,9.1,7.5,35.431372549019606,0.5818627450980391,22.333333333333332,104.96183206106868,0.4220134228187919,1,2.0,1,1,11.25,14
2021-04-11,BOS,1,1,0,8.76923076923077,11.666666666666666,11.6,9.5,5.0,35.48076923076923,0.5808461538461538,24.333333333333332,112.61854583772391,0.4076241610738255,1,2.0,0,1,11.8,11
2021-04-12,GSW,0,0,0,8.81132075471698,11.666666666666666,12.4,9.6,10.0,35.41509433962264,0.5774339622641509,28.666666666666668,114.28202479338844,0.4302222222222222,0,1.0,0,0,,8
2021-04-14,MIA,1,1,1,8.796296296296296,11.0,10.8,9.9,3.0,35.44444444444444,0.5755555555555555,22.333333333333332,104.20965744944286,0.4038333333333332,1,2.0,1,1,11.666666666666666,11
2021-04-16,HOU,0,1,1,8.836363636363636,10.0,10.8,10.1,18.0,35.38181818181818,0.572890909090909,26.333333333333332,110.71383766152304,0.4428333333333333,0,2.0,1,1,11.571428571428571,7
2021-04-19,MEM,1,1,1,8.803571428571429,8.666666666666666,10.2,10.0,7.0,35.232142857142854,0.5775357142857143,30.333333333333332,125.65050671049026,0.4056666666666667,1,3.0,1,1,11.0,8
2021-04-21,POR,0,1,1,8.789473684210526,8.666666666666666,9.0,10.3,5.0,35.40350877192982,0.5787192982456141,21.0,109.6942273412862,0.4051666666666665,0,2.0,1,1,10.666666666666666,5
2021-04-23,GSW,0,1,0,8.724137931034482,6.666666666666667,7.8,10.1,9.0,35.41379310344828,0.5773620689655172,19.666666666666668,106.30870779385631,0.4376666666666667,0,2.0,0,1,10.1,6
2021-04-24,HOU,1,1,1,8.677966101694915,6.333333333333333,7.4,9.1,12.5,35.3728813559322,0.5750000000000001,20.333333333333332,92.016588906169,0.4286666666666667,1,1.0,1,1,9.727272727272728,12
2021-04-26,MEM,1,1,1,8.733333333333333,7.666666666666667,7.6,9.2,7.5,35.266666666666666,0.5773166666666667,24.666666666666668,113.01413472558257,0.4362777777777777,1,2.0,1,1,9.916666666666666,5
2021-04-28,NOP,1,1,1,8.672131147540984,7.666666666666667,7.2,8.7,9.5,35.18032786885246,0.5760491803278689,24.0,110.1264173074417,0.4262777777777777,1,2.0,1,1,9.538461538461538,8
2021-04-29,TOR,1,1,1,8.661290322580646,8.333333333333334,7.2,8.1,5.0,35.193548387096776,0.5764354838709678,29.0,111.3757355001401,0.3965555555555555,1,1.0,1,1,9.428571428571429,2
2021-05-01,LAC,0,1,1,8.555555555555555,5.0,6.6,7.2,8.5,35.07936507936508,0.5770476190476191,26.333333333333332,105.56750941366327,0.4131111111111111,0,2.0,1,1,8.933333333333334,7
2021-05-03,LAL,0,1,0,8.53125,5.666666666666667,6.8,7.1,8.0,35.046875,0.576296875,25.666666666666668,108.92953200645508,0.4131111111111111,0,2.0,0,1,8.8125,5
2021-05-05,NYK,1,1,1,8.476923076923077,4.666666666666667,5.4,6.5,5.0,35.06153846153846,0.5740307692307693,22.333333333333332,108.20266943112608,0.4287222222222222,1,2.0,1,1,8.588235294117647,6
2021-05-07,UTA,0,1,0,8.43939393939394,6.0,5.6,6.4,7.0,34.96969696969697,0.5748030303030304,22.0,116.27906976744184,0.4085,0,2.0,0,1,8.444444444444445,13
2021-05-08,BKN,1,1,0,8.507462686567164,8.0,6.6,6.9,11.0,34.97014925373134,0.5784328358208956,19.0,109.11301676692692,0.4340555555555555,1,1.0,0,1,8.68421052631579,6
2021-05-11,CHA,0,1,1,8.470588235294118,8.333333333333334,7.4,7.0,10.0,35.0,0.5769264705882353,26.333333333333332,105.9674734280958,0.4338333333333333,0,3.0,1,1,8.55,6
2021-05-13,MIN,0,1,1,8.434782608695652,8.333333333333334,7.2,7.0,9.0,34.971014492753625,0.5749130434782609,29.0,111.49068322981368,0.4472222222222222,0,2.0,1,1,8.428571428571429,4
2021-05-14,DET,0,1,1,8.371428571428572,5.333333333333333,7.0,6.2,11.0,34.92857142857143,0.5762285714285715,21.666666666666668,99.28514694201748,0.4196666666666667,0,1.0,1,1,8.227272727272727,11
2021-05-16,POR,0,1,0,8.408450704225352,7.0,8.0,6.8,5.0,34.80281690140845,0.5770704225352113,23.333333333333332,120.74716477651768,0.4163888888888889,0,2.0,0,1,8.347826086956522,2
2021-05-22,POR,1,0,0,8.319444444444445,5.666666666666667,5.8,6.2,4.0,34.55555555555556,0.5764027777777777,21.333333333333332,119.65927528393726,0.4108888888888888,1,6.0,0,0,,1
2021-05-24,POR,1,0,1,8.219178082191782,4.666666666666667,4.8,6.1,3.25,34.56164383561644,0.5756164383561644,25.333333333333332,125.37071987058506,0.4121111111111111,1,2.0,1,0,,5
2021-05-27,POR,0,0,1,8.175675675675675,2.6666666666666665,4.6,5.9,3.6,34.513513513513516,0.5779729729729729,22.666666666666668,124.60632616732848,0.4057222222222222,0,3.0,1,0,,5
2021-05-29,POR,0,0,0,8.133333333333333,3.6666666666666665,4.8,5.9,3.8333333333333335,34.52,0.5769333333333333,21.333333333333332,119.49035812672176,0.4033333333333333,0,2.0,0,0,,1
2021-06-01,POR,1,0,1,8.039473684210526,3.6666666666666665,2.8,5.4,3.4285714285714284,34.421052631578945,0.5744605263157895,19.666666666666668,116.0799890425969,0.4056111111111111,1,3.0,1,0,,9
2021-06-03,POR,0,0,1,8.051948051948052,5.0,4.2,5.0,4.125,34.57142857142857,0.5728701298701299,23.0,117.28160263725115,0.4097142857142857,0,2.0,1,0,,6
2021-06-07,PHX,0,0,0,8.025641025641026,5.333333333333333,5.2,5.0,8.333333333333334,34.58974358974359,0.5731025641025641,25.666666666666668,114.62119094213026,0.3974444444444444,0,4.0,0,0,,3
2021-06-09,PHX,0,0,0,7.962025316455696,6.0,4.8,4.7,7.0,34.607594936708864,0.5713544303797469,27.666666666666668,121.64604476574448,0.3996111111111111,0,2.0,0,0,,6
2021-06-11,PHX,1,0,0,7.9375,5.0,5.0,4.9,6.8,34.55,0.5708249999999999,27.0,126.0740949429497,0.3943888888888889,1,2.0,0,0,,10
2021-06-13,PHX,1,0,0,7.962962962962963,6.333333333333333,6.8,4.8,7.333333333333333,34.617283950617285,0.5693086419753086,27.666666666666668,122.33970448691878,0.4098333333333334,1,2.0,0,0,,4
2021-10-22,SAS,1,1,1,2.0,,,,9.666666666666666,35.0,0.591,32.0,121.87871581450652,0.4205,1,2.0,1,1,7.84,7
2021-10-25,CLE,1,1,0,4.5,,,,11.0,34.5,0.6639999999999999,29.0,108.93672537508152,0.4258333333333333,1,3.0,0,1,7.8076923076923075,3
2021-10-26,UTA,0,1,0,4.0,4.0,,,9.0,34.666666666666664,0.6426666666666666,17.0,108.6521129581414,0.4160833333333333,0,1.0,0,1,7.62962962962963,6
2021-10-29,DAL,1,1,1,4.5,5.333333333333333,,,6.333333333333333,29.75,0.70425,22.333333333333332,108.88619201726,0.412,1,3.0,1,1,7.571428571428571,8
2021-10-30,MIN,0,1,1,5.2,5.666666666666667,5.2,,7.333333333333333,28.8,0.6746000000000001,23.666666666666668,97.84548699643038,0.4357777777777778,0,1.0,1,1,7.586206896551724,7
2021-11-01,MEM,0,1,0,5.5,7.0,6.2,,6.666666666666667,30.166666666666668,0.6346666666666667,26.0,95.3549848942598,0.4265234899328859,0,2.0,0,1,7.566666666666666,7
2021-11-03,MEM,0,1,0,5.714285714285714,7.333333333333333,6.2,,6.75,30.571428571428573,0.6297142857142858,23.666666666666668,99.52938183668276,0.4221208053691274,0,2.0,0,1,7.548387096774194,5
2021-11-06,HOU,1,1,1,5.625,6.333333333333333,6.6,,12.333333333333334,31.125,0.61975,23.333333333333332,96.49771858428905,0.4505,1,3.0,1,1,7.46875,2
2021-11-08,MIA,1,1,1,5.222222222222222,4.666666666666667,5.8,,7.0,31.666666666666668,0.6175555555555555,24.333333333333332,114.6264819311527,0.3889444444444444,1,2.0,1,1,7.303030303030303,10
2021-11-12,ATL,1,1,1,5.7,5.666666666666667,6.2,5.7,7.0,31.8,0.6272,20.333333333333332,106.50733861540458,0.4277222222222222,1,4.0,1,1,7.382352941176471,10
2021-11-14,POR,1,1,1,6.090909090909091,7.333333333333333,6.8,6.5,4.333333333333333,32.09090909090909,0.6115454545454546,24.666666666666668,108.4321120689655,0.4124444444444445,1,2.0,1,1,7.457142857142857,9
2021-11-15,DAL,0,1,0,6.333333333333333,9.666666666666666,7.2,6.7,6.75,31.75,0.6145,26.666666666666668,114.71626391528646,0.4092222222222222,0,1.0,0,1,7.5,6
2021-11-18,PHI,1,1,0,6.3076923076923075,8.333333333333334,7.4,7.0,8.5,32.15384615384615,0.6116153846153847,21.333333333333332,103.50640593391772,0.4119444444444444,1,3.0,0,1,7.45945945945946,7
2021-11-29,MIA,0,1,1,6.357142857142857,7.333333333333333,8.4,7.1,8.0,32.357142857142854,0.6099285714285714,23.333333333333332,105.04774897680764,0.4072222222222222,0,11.0,1,1,7.447368421052632,7
2021-12-01,ORL,0,1,0,6.4,6.666666666666667,7.8,7.0,13.0,32.4,0.6121333333333333,19.666666666666668,91.62129863231976,0.4183888888888888,0,2.0,0,1,7.435897435897436,7
2021-12-04,NYK,0,1,1,6.4375,7.0,7.2,7.0,5.5,32.625,0.596875,23.666666666666668,111.81348558999456,0.4086666666666667,0,3.0,1,1,7.425,5
2021-12-06,CHI,0,1,0,6.352941176470588,6.333333333333333,6.4,6.8,9.0,32.294117647058826,0.6051176470588235,27.0,120.00793440888654,0.4201111111111111,0,2.0,0,1,7.365853658536586,15
2021-12-08,NOP,0,1,1,6.833333333333333,9.0,8.2,7.8,9.0,32.5,0.5911111111111111,21.333333333333332,119.44646758922067,0.3813888888888889,0,2.0,1,1,7.547619047619048,11
2021-12-09,SAS,0,1,0,7.052631578947368,10.333333333333334,9.0,8.7,9.0,32.73684210526316,0.5988947368421054,28.333333333333332,107.43091365860109,0.4201666666666666,0,1.0,0,1,7.627906976744186,10
2021-12-11,SAS,0,1,1,7.2,12.0,9.6,8.7,9.2,32.85,0.5900000000000001,31.0,111.31725417439704,0.4192222222222222,0,2.0,1,1,7.681818181818182,8
2021-12-13,WAS,1,1,1,7.238095238095238,9.666666666666666,9.8,8.5,8.0,32.904761904761905,0.5916666666666667,23.0,110.57757338022454,0.3969395973154362,1,2.0,1,1,7.688888888888889,9
2021-12-15,MIN,1,1,0,7.318181818181818,9.0,10.6,8.5,7.25,32.81818181818182,0.5940000000000001,22.0,100.96630327056492,0.4484444444444444,1,2.0,0,1,7.717391304347826,11
2021-12-17,ATL,0,1,1,7.478260869565218,9.333333333333334,9.8,9.0,8.0,32.91304347826087,0.5980869565217393,22.0,112.4112542729424,0.4225555555555555,0,2.0,1,1,7.787234042553192,7
2021-12-22,OKC,0,1,0,7.458333333333333,9.0,9.0,9.0,9.333333333333334,32.625,0.6009583333333334,23.0,106.36865490776891,0.4126111111111111,0,5.0,0,1,7.770833333333333,3
2021-12-23,CHA,1,1,0,7.28,7.0,7.6,8.6,8.0,32.32,0.5991599999999999,27.333333333333332,101.82275298554369,0.4419444444444445,1,1.0,0,1,7.673469387755102,5
2021-12-26,LAC,0,1,1,7.1923076923076925,5.0,7.0,8.4,8.0,32.42307692307692,0.5908076923076923,25.333333333333332,105.91860315830016,0.4327222222222222,0,3.0,1,1,7.62,8
2021-12-28,GSW,0,1,1,7.222222222222222,5.333333333333333,6.8,8.7,8.0,32.629629629629626,0.5828148148148148,28.666666666666668,118.28998339789706,0.4015555555555555,0,2.0,1,1,7.627450980392157,5
2022-01-01,HOU,0,1,1,7.142857142857143,6.0,5.6,7.7,9.75,32.714285714285715,0.5770357142857143,21.666666666666668,106.95876288659797,0.4311111111111111,0,4.0,1,1,7.576923076923077,3
2022-01-03,DAL,0,1,0,7.0,5.333333333333333,4.8,6.9,6.6,32.44827586206897,0.5801379310344829,27.0,107.70001431229426,0.3881666666666666,0,2.0,0,1,7.490566037735849,3
2022-01-05,UTA,1,1,0,6.866666666666666,3.6666666666666665,4.8,6.2,8.25,32.53333333333333,0.5811666666666667,19.666666666666668,116.28677445003976,0.4192222222222222,1,2.0,0,1,7.407407407407407,11
2022-01-07,SAC,1,1,1,7.0,5.666666666666667,6.0,6.5,12.666666666666666,32.67741935483871,0.5813870967741936,25.666666666666668,110.85063630274614,0.4147222222222222,1,2.0,1,1,7.472727272727273,7
2022-01-09,OKC,0,1,1,7.0,7.0,5.8,6.3,7.75,32.71875,0.5835312500000001,22.333333333333332,93.9799331103679,0.4152777777777778,0,2.0,1,1,7.464285714285714,6
2022-01-11,LAC,0,1,0,6.96969696969697,8.0,6.0,5.8,8.0,32.72727272727273,0.5773939393939395,22.0,110.26490066225166,0.4194444444444444,0,2.0,0,1,7.43859649122807,8
2022-01-13,POR,1,1,1,7.0,7.0,7.0,5.9,4.8,32.85294117647059,0.5793235294117648,23.666666666666668,107.65064319566687,0.4102777777777778,1,2.0,1,1,7.448275862068965,7
2022-01-15,LAL,1,1,1,7.0,7.0,7.8,6.3,7.0,32.714285714285715,0.5856285714285715,22.333333333333332,98.10509340142453,0.4133888888888889,1,2.0,1,1,7.440677966101695,13
2022-01-16,UTA,1,1,0,7.166666666666667,9.333333333333334,8.2,7.1,8.8,32.583333333333336,0.5855555555555556,18.0,109.63409620391944,0.4053888888888888,1,1.0,0,1,7.533333333333333,14
2022-01-19,LAC,1,1,1,7.351351351351352,11.333333333333334,9.6,7.7,8.0,32.7027027027027,0.5847567567567569,23.666666666666668,113.0364153242182,0.4103888888888888,1,3.0,1,1,7.639344262295082,10
2022-01-21,MEM,1,1,0,7.421052631578948,12.333333333333334,10.4,8.2,6.4,32.921052631578945,0.5862105263157895,24.666666666666668,100.4675849867307,0.439611111111111,1,2.0,0,1,7.67741935483871,12
2022-01-23,DET,1,1,1,7.538461538461538,12.0,11.2,9.1,11.0,33.1025641025641,0.5888205128205128,22.333333333333332,108.5481682496608,0.4094444444444444,1,2.0,1,1,7.746031746031746,8
2022-01-25,DET,0,1,1,7.55,10.0,11.4,9.6,10.0,33.175,0.5899,25.666666666666668,116.71177266576456,0.4105555555555555,0,2.0,1,1,7.75,9
2022-01-26,BKN,0,1,1,7.585365853658536,9.666666666666666,10.6,9.4,8.5,33.19512195121951,0.5864878048780487,23.666666666666668,112.45674740484432,0.4174444444444444,0,1.0,1,1,7.769230769230769,8
2022-01-28,NOP,0,1,1,7.595238095238095,8.333333333333334,9.4,9.5,9.5,33.23809523809524,0.5871666666666666,23.666666666666668,106.79751767931882,0.3849444444444445,0,2.0,1,1,7.772727272727272,10
2022-01-30,MIL,0,1,1,7.651162790697675,9.0,9.4,9.9,8.5,33.16279069767442,0.5869767441860465,22.666666666666668,118.11285600212932,0.4174444444444445,0,2.0,1,1,7.8059701492537314,15
2022-02-01,MIN,0,1,0,7.818181818181818,11.0,10.0,10.6,8.0,33.04545454545455,0.5913181818181817,25.666666666666668,117.8636011366572,0.4301111111111111,0,2.0,0,1,7.911764705882353,8
2022-02-04,NOP,1,1,0,7.822222222222222,11.0,10.0,10.7,9.6,32.977777777777774,0.5892888888888889,24.0,110.37163943068002,0.4215555555555556,1,3.0,0,1,7.913043478260869,9
2022-02-06,BKN,1,1,1,7.8478260869565215,10.666666666666666,10.0,10.3,8.333333333333334,33.02173913043478,0.591695652173913,24.0,110.08273734399104,0.3961666666666666,1,2.0,1,1,7.928571428571429,10
2022-02-08,NYK,1,1,1,7.8936170212765955,9.0,10.4,9.9,5.333333333333333,32.95744680851064,0.596127659574468,23.666666666666668,106.91308187208276,0.4256107382550335,1,2.0,1,1,7.957746478873239,7
2022-02-11,BOS,0,1,0,7.875,8.666666666666666,9.8,9.6,8.0,32.895833333333336,0.5956041666666666,28.0,115.35881958417173,0.4141666666666666,0,3.0,0,1,7.944444444444445,11
2022-02-12,TOR,0,1,1,7.938775510204081,9.333333333333334,9.0,9.5,3.5,32.91836734693877,0.5926326530612245,22.666666666666668,122.1273801707157,0.4230555555555556,0,1.0,1,1,7.986301369863014,6
2022-02-14,ORL,1,1,1,7.9,8.0,8.6,9.3,11.0,32.96,0.5932799999999999,27.333333333333332,103.8935500786576,0.4237777777777777,1,2.0,1,1,7.95945945945946,7
2022-02-16,GSW,0,1,1,7.882352941176471,8.0,8.2,9.1,7.25,33.0,0.5891960784313726,24.666666666666668,110.50270484232747,0.4210555555555555,0,2.0,1,1,7.946666666666666,8
2022-02-24,SAC,0,1,1,7.884615384615385,7.0,7.8,9.1,11.25,33.01923076923077,0.5882884615384616,21.0,108.17626758693922,0.4185555555555555,0,8.0,1,1,7.947368421052632,9
2022-02-26,SAC,1,1,1,7.90566037735849,8.0,8.2,9.0,10.8,33.0377358490566,0.5885094339622642,20.333333333333332,101.78199791883456,0.4271111111111111,1,2.0,1,1,7.961038961038961,11
2022-02-27,POR,0,1,1,7.962962962962963,9.333333333333334,8.2,8.6,5.0,33.05555555555556,0.5845555555555556,23.0,110.31797534068784,0.4280555555555556,0,1.0,1,1,8.0,11
2022-03-02,OKC,1,1,0,8.018181818181818,10.333333333333334,9.2,8.9,7.4,32.92727272727273,0.5848363636363637,24.333333333333332,105.44761436301032,0.4366174496644295,1,3.0,0,1,8.037974683544304,4
2022-03-06,NOP,1,1,1,7.946428571428571,8.666666666666666,8.6,8.4,9.5,32.92857142857143,0.5848928571428572,24.0,115.04189386886551,0.4177222222222222,1,4.0,1,1,7.9875,11
2022-03-07,GSW,1,1,1,8.0,8.666666666666666,9.2,8.5,7.4,33.10526315789474,0.5873859649122807,24.666666666666668,111.81379580127783,0.4260555555555556,1,1.0,1,1,8.024691358024691,13
2022-03-09,SAC,0,1,1,8.086206896551724,9.333333333333334,10.0,9.1,10.833333333333334,33.13793103448276,0.5894310344827587,24.333333333333332,109.99230374551053,0.433111111111111,0,2.0,1,1,8.085365853658537,7
2022-03-10,GSW,1,1,0,8.067796610169491,10.333333333333334,9.2,8.7,8.333333333333334,33.16949152542373,0.5900338983050848,28.0,112.3882503192848,0.4349999999999999,1,1.0,0,1,8.072289156626505,9
2022-03-12,TOR,1,1,0,8.083333333333334,9.666666666666666,8.8,9.0,4.333333333333333,33.15,0.5873500000000001,16.0,111.03678929765888,0.4152777777777778,1,2.0,0,1,8.083333333333334,7
2022-03-14,PHI,0,1,1,8.065573770491802,7.666666666666667,9.4,9.0,8.0,33.114754098360656,0.589065573770492,23.0,107.51659009698824,0.4207248322147651,0,2.0,1,1,8.070588235294117,8
2022-03-16,WAS,0,1,1,8.064516129032258,8.0,8.8,9.0,8.333333333333334,33.12903225806452,0.5876290322580646,25.0,115.1025397256553,0.4090555555555555,0,2.0,1,1,8.069767441860465,8
2022-03-18,CLE,0,1,0,8.063492063492063,7.666666666666667,7.8,8.9,8.333333333333334,33.01587301587302,0.5896349206349207,24.0,109.5604099244876,0.3981744966442953,0,2.0,0,1,8.068965517241379,8
2022-03-20,BOS,1,1,0,8.0625,8.0,8.0,8.6,9.0,33.09375,0.5901875000000001,24.0,114.87811711964136,0.3965555555555555,1,2.0,0,1,8.068181818181818,4
2022-03-22,LAC,1,1,1,8.0,6.666666666666667,7.0,7.9,8.333333333333334,33.09230769230769,0.5864615384615385,27.333333333333332,114.71890513887026,0.4140555555555555,1,2.0,1,1,8.02247191011236,6
2022-03-24,PHX,1,1,0,7.96969696969697,6.0,6.8,8.1,6.25,33.10606060606061,0.5866666666666668,26.0,124.0719030871434,0.4121879194630872,1,2.0,0,1,8.0,6
2022-03-26,OKC,1,1,1,7.940298507462686,5.333333333333333,6.4,7.6,6.833333333333333,33.08955223880597,0.5913432835820897,21.0,108.56533901691756,0.4170555555555555,1,2.0,1,1,7.978021978021978,8
2022-03-28,CHA,0,1,1,7.9411764705882355,6.666666666666667,6.4,7.1,7.0,33.11764705882353,0.5953970588235294,26.0,117.69710720363018,0.3917777777777778,0,2.0,1,1,7.978260869565218,11
2022-03-30,IND,0,1,1,7.9855072463768115,8.333333333333334,7.0,7.5,6.5,33.14492753623188,0.5944347826086958,25.0,106.79153752863498,0.4122777777777777,0,2.0,1,1,8.010752688172044,9
2022-04-01,MIN,1,1,0,8.0,9.333333333333334,8.0,7.5,8.0,33.18571428571428,0.5972142857142858,26.0,108.92527066279376,0.4207777777777778,1,2.0,0,1,8.02127659574468,8
2022-04-03,LAL,0,1,1,8.0,9.333333333333334,8.4,7.6,8.5,33.32394366197183,0.5981971830985917,28.0,124.43153107630116,0.4250201342281879,0,2.0,1,1,8.021052631578947,6
2022-04-05,SAS,1,1,0,7.972222222222222,7.666666666666667,8.4,7.4,9.0,33.31944444444444,0.599361111111111,28.333333333333332,119.77263499796994,0.4105,1,2.0,0,1,8.0,4
2022-04-07,MEM,1,1,1,7.917808219178082,6.0,7.6,7.0,7.333333333333333,33.41095890410959,0.5981917808219178,27.333333333333332,108.74984419793094,0.4307651006711409,1,2.0,1,1,7.958762886597938,6
2022-04-16,GSW,0,0,0,7.891891891891892,5.333333333333333,6.6,6.8,8.428571428571429,33.432432432432435,0.5991216216216216,31.666666666666668,119.20707206000536,0.4147777777777778,0,9.0,0,0,,6
2022-04-18,GSW,0,0,0,7.866666666666666,5.333333333333333,6.0,7.0,8.125,33.45333333333333,0.5975333333333332,29.666666666666668,121.875,0.4,0,2.0,0,0,,4
2022-04-21,GSW,1,0,0,7.815789473684211,5.333333333333333,5.2,6.8,7.666666666666667,33.38157894736842,0.5955921052631579,31.0,129.53545904343048,0.4042222222222221,1,3.0,0,0,,5
2022-04-24,GSW,1,0,1,7.779220779220779,5.0,5.0,6.7,7.4,33.44155844155844,0.5961168831168832,29.666666666666668,125.4100601421542,0.4064444444444444,1,3.0,1,0,,6
2022-04-27,GSW,0,0,0,7.756410256410256,5.0,5.4,6.5,7.272727272727272,33.5,0.597025641025641,27.333333333333332,120.8769373426944,0.4193888888888889,0,3.0,0,0,,8
2022-10-21,GSW,0,1,1,6.0,,,,7.333333333333333,33.0,0.706,31.0,105.92490527040992,0.4838333333333333,0,2.0,1,1,7.938775510204081,10
2022-10-22,OKC,1,0,1,8.0,,,,7.0,33.5,0.622,22.0,102.19530658591977,0.4403333333333333,1,1.0,1,0,,13
2022-10-24,POR,0,0,0,9.666666666666666,9.666666666666666,,,5.5,35.333333333333336,0.6146666666666666,17.666666666666668,108.70980341101416,0.4124026845637584,0,2.0,0,0,,9
2022-10-26,LAL,1,0,1,9.5,10.666666666666666,,,8.0,33.25,0.6485,21.0,97.17431679490583,0.4187777777777777,1,2.0,1,0,,9
2022-10-28,UTA,1,0,1,9.4,10.333333333333334,9.4,,9.142857142857142,33.6,0.6599999999999999,26.666666666666668,105.7524332418268,0.4302818791946309,1,2.0,1,0,,6
2022-10-30,LAL,0,0,0,8.833333333333334,8.0,9.4,,8.166666666666666,32.166666666666664,0.6,22.0,99.0950802956921,0.4358888888888888,0,2.0,0,0,,6
2022-11-03,OKC,0,0,1,8.428571428571429,7.0,8.6,,7.75,32.714285714285715,0.5857142857142856,26.666666666666668,111.09001139384732,0.4241073825503356,0,4.0,1,0,,14
2022-11-05,SAS,1,0,1,9.125,8.666666666666666,8.8,,8.285714285714286,33.125,0.595875,26.333333333333332,99.33985019677542,0.437611111111111,1,2.0,1,0,,10
2022-11-07,SAS,0,0,1,9.22222222222222,10.0,9.0,,8.5,32.44444444444444,0.6296666666666667,26.666666666666668,98.89189537430742,0.4311666666666667,0,2.0,1,0,,10
2022-11-09,IND,0,0,1,9.3,11.333333333333334,9.2,9.3,7.333333333333333,32.6,0.6217,28.0,106.48322653599698,0.4421666666666667,0,2.0,1,0,,6
2022-11-11,BOS,0,0,0,9.0,8.666666666666666,9.2,9.3,7.75,31.545454545454547,0.6106363636363636,29.0,122.9889642334796,0.4178333333333333,0,2.0,0,0,,3
2022-11-13,CHI,0,0,1,8.5,6.333333333333333,8.6,8.6,11.0,31.416666666666668,0.60975,26.666666666666668,108.19062790388956,0.4185,0,2.0,1,0,,14
2022-11-22,DET,1,0,0,8.923076923076923,7.666666666666667,8.6,8.7,9.75,31.153846153846153,0.6397692307692308,20.666666666666668,110.44176706827312,0.4288333333333333,1,9.0,0,0,,10
2022-11-23,OKC,0,1,1,9.0,9.0,8.6,8.8,8.444444444444445,31.571428571428573,0.6476428571428572,27.666666666666668,114.24467946207078,0.4255,0,1.0,1,1,7.959595959595959,9
2022-11-25,LAC,0,0,1,9.0,11.0,8.4,8.8,8.0,32.333333333333336,0.6533333333333334,22.333333333333332,104.83566301473368,0.4411666666666666,0,2.0,1,0,,6
2022-11-28,HOU,1,0,1,8.8125,8.333333333333334,8.4,8.8,8.4,32.3125,0.6461250000000001,24.666666666666668,117.65462260511764,0.4320555555555556,1,3.0,1,0,,8
2022-11-30,HOU,1,0,1,8.764705882352942,7.666666666666667,9.4,9.0,8.333333333333334,32.0,0.6461764705882354,25.0,115.7317859445519,0.4308333333333333,1,2.0,1,0,,12
2022-12-02,ATL,0,0,0,8.944444444444445,8.666666666666666,9.0,8.8,7.75,31.77777777777778,0.6535000000000001,25.0,110.80711354309167,0.406111111111111,0,2.0,0,0,,8
2022-12-04,NOP,0,0,0,8.894736842105264,9.333333333333334,8.6,8.6,9.714285714285714,31.94736842105263,0.6542105263157896,23.666666666666668,110.93143596377747,0.4294444444444444,0,2.0,0,0,,9
2022-12-06,DAL,1,0,0,8.9,9.666666666666666,8.6,8.5,6.0,32.2,0.6557000000000001,25.0,121.93540018160589,0.4139060402684564,1,2.0,0,0,,8
2022-12-08,POR,0,0,1,8.857142857142858,8.333333333333334,9.0,8.7,5.769230769230769,32.285714285714285,0.6500952380952382,24.0,114.98516320474778,0.4118888888888889,0,2.0,1,0,,9
2022-12-10,UTA,1,0,1,8.863636363636363,8.666666666666666,9.2,9.3,8.75,32.36363636363637,0.646,22.666666666666668,113.531047265987,0.4196111111111111,1,2.0,1,0,,14
2022-12-14,WAS,1,0,1,9.08695652173913,10.333333333333334,9.6,9.3,8.25,32.47826086956522,0.6418260869565219,23.333333333333332,109.26333150082463,0.4042222222222221,1,4.0,1,0,,8
2022-12-16,LAL,0,0,0,9.041666666666666,10.333333333333334,9.6,9.1,7.857142857142857,32.5,0.6505,21.666666666666668,103.07915950839168,0.4062818791946309,0,2.0,0,0,,8
2022-12-18,CHA,1,0,1,9.0,10.0,9.4,9.0,8.0,32.6,0.6457999999999999,22.666666666666668,108.84311790823878,0.4353288590604027,1,2.0,1,0,,10
2022-12-20,MEM,1,1,1,9.038461538461538,8.666666666666666,9.8,9.4,7.142857142857143,32.88461538461539,0.6401923076923077,27.0,119.06257853732092,0.4421111111111111,1,2.0,1,1,7.97,13
2022-12-23,POR,1,0,1,9.185185185185183,10.333333333333334,10.6,9.9,6.0,33.03703703703704,0.635,25.0,113.7632607481854,0.3979999999999999,1,3.0,1,0,,11
2022-12-25,PHX,1,0,1,9.25,11.333333333333334,10.0,9.8,6.222222222222222,33.142857142857146,0.6327142857142858,23.333333333333332,115.50482402500336,0.4088333333333333,1,2.0,1,0,,15
2022-12-27,SAC,0,0,1,9.448275862068966,13.0,11.4,10.5,10.285714285714286,33.51724137931034,0.6329655172413794,23.666666666666668,115.4236428209031,0.4379999999999999,0,2.0,1,0,,11
2022-12-28,SAC,0,1,0,9.5,12.333333333333334,12.0,10.7,10.375,33.63333333333333,0.6352,22.666666666666668,114.30246189917936,0.4265,0,1.0,0,1,8.01980198019802,6
2022-12-30,MIA,1,0,1,9.387096774193548,10.666666666666666,11.2,10.5,7.75,33.58064516129032,0.6348709677419355,23.333333333333332,113.37328067547324,0.4079444444444444,1,2.0,1,0,,12
2023-01-01,BOS,1,1,1,9.46875,9.666666666666666,11.0,10.8,6.8,33.65625,0.6316875000000001,27.666666666666668,125.0,0.4233333333333334,1,2.0,1,1,8.0,12
2023-01-02,MIN,0,0,0,9.545454545454543,10.0,11.2,10.6,8.0,33.60606060606061,0.6358484848484849,17.666666666666668,107.87209451650186,0.4326111111111111,0,1.0,0,0,,9
2023-01-05,LAC,1,0,1,9.529411764705882,11.0,10.0,10.7,7.75,33.588235294117645,0.6318529411764706,21.666666666666668,108.34200937011974,0.4268888888888888,1,3.0,1,0,,9
2023-01-06,CLE,1,0,1,9.514285714285714,10.0,9.6,10.8,8.25,33.31428571428572,0.6280857142857142,20.666666666666668,112.18799787573022,0.4044026845637584,1,1.0,1,0,,10
2023-01-09,LAL,1,0,1,9.52777777777778,9.333333333333334,10.4,10.8,7.875,33.361111111111114,0.6269722222222223,28.0,120.17994858611826,0.4322222222222222,1,3.0,1,0,,16
2023-01-11,PHX,1,0,1,9.702702702702704,11.666666666666666,11.2,11.1,7.1,33.4054054054054,0.6370540540540541,23.333333333333332,105.11401080796098,0.4215,1,2.0,1,0,,9
2023-01-15,ORL,1,0,1,9.68421052631579,11.666666666666666,10.6,10.9,10.0,33.26315789473684,0.637842105263158,22.0,106.20385960367828,0.4289444444444444,1,4.0,1,0,,14
2023-01-17,POR,1,0,1,9.794871794871796,13.0,11.6,10.8,6.333333333333333,33.30769230769231,0.6401282051282052,26.333333333333332,129.2702379369932,0.4179444444444444,1,2.0,1,0,,10
2023-01-18,MIN,1,0,1,9.8,11.0,11.8,10.7,8.125,33.325,0.6473500000000001,24.666666666666668,117.75602011114051,0.4198888888888889,1,1.0,1,0,,13
2023-01-24,NOP,0,0,1,9.878048780487806,12.333333333333334,12.4,11.4,9.625,33.26829268292683,0.6461951219512196,27.666666666666668,108.08270676691728,0.4137777777777778,0,6.0,1,0,,10
2023-01-28,PHI,0,0,0,9.88095238095238,11.0,11.2,11.2,8.0,33.333333333333336,0.6482619047619048,25.666666666666668,126.0532753465616,0.4087777777777777,0,4.0,0,0,,9
2023-01-31,NOP,1,0,1,9.86046511627907,10.666666666666666,11.2,10.9,9.666666666666666,33.44186046511628,0.6486976744186048,21.666666666666668,108.98458266879318,0.418,1,3.0,1,0,,15
2023-02-02,GSW,1,0,1,9.977272727272728,11.333333333333334,11.4,11.5,7.538461538461538,33.54545454545455,0.6501818181818183,32.666666666666664,114.02753872633392,0.4367248322147651,1,2.0,1,0,,16
2023-02-04,ATL,1,0,1,10.11111111111111,13.333333333333334,12.6,12.2,7.8,33.53333333333333,0.6511111111111112,28.666666666666668,124.76522672390662,0.4141111111111111,1,2.0,1,0,,10
2023-02-07,MIN,1,1,1,10.108695652173912,13.666666666666666,12.0,12.2,8.666666666666666,33.54347826086956,0.6505434782608697,26.666666666666668,110.84934154887036,0.4444026845637583,1,3.0,1,1,8.03883495145631,16
2023-02-09,ORL,0,1,0,10.23404255319149,14.0,13.2,12.2,10.8,33.42553191489362,0.6537234042553193,23.666666666666668,117.21412021262095,0.4076111111111112,0,2.0,0,1,8.115384615384615,6
2023-02-11,CHA,0,1,1,10.145833333333334,10.666666666666666,12.6,11.9,8.4,33.520833333333336,0.6510625000000001,25.666666666666668,109.6115865701119,0.4219444444444445,0,2.0,1,1,8.095238095238095,10
2023-02-13,MIA,0,1,1,10.142857142857142,10.666666666666666,11.6,11.5,8.6,33.53061224489796,0.6479795918367348,22.0,109.60405535004796,0.3918926174496643,0,2.0,1,1,8.11320754716981,8
2023-02-15,DAL,1,1,1,10.1,8.0,10.0,11.3,6.285714285714286,33.54,0.6521600000000001,27.333333333333332,124.29643527204504,0.4006442953020134,1,2.0,1,1,8.11214953271028,10
2023-02-23,CLE,0,0,1,10.098039215686274,9.333333333333334,10.0,11.0,8.6,33.549019607843135,0.652450980392157,23.333333333333332,116.69530355097366,0.388,0,8.0,1,0,,13
2023-02-25,MEM,0,0,0,10.153846153846152,10.333333333333334,9.4,11.3,7.875,33.59615384615385,0.6517307692307693,23.333333333333332,108.85293343856875,0.4223333333333334,0,2.0,0,0,,3
2023-02-26,LAC,1,0,1,10.0188679245283,8.666666666666666,8.8,10.7,7.888888888888889,33.471698113207545,0.6514339622641512,32.666666666666664,123.2624450516811,0.4372467532467533,1,1.0,1,0,,10
2023-02-28,HOU,0,0,1,10.01851851851852,8.666666666666666,8.8,10.2,8.857142857142858,33.629629629629626,0.6517222222222224,22.333333333333332,100.19329896907216,0.4311111111111111,0,2.0,1,0,,10
2023-03-03,MEM,1,0,1,10.018181818181818,7.666666666666667,9.2,9.6,7.333333333333333,33.527272727272724,0.6514363636363639,25.666666666666668,114.81284842049376,0.4185555555555555,1,3.0,1,0,,10
2023-03-06,TOR,1,0,1,10.017857142857142,10.0,9.2,9.6,5.0,33.55357142857143,0.6523035714285715,28.0,111.18644067796608,0.3959731543624161,1,3.0,1,0,,9
2023-03-08,CHI,1,0,0,10.0,9.666666666666666,8.4,8.9,11.75,33.59649122807018,0.6518245614035089,23.0,117.61075298312988,0.4050555555555555,1,2.0,0,0,,8
2023-03-10,SAS,0,0,0,9.96551724137931,9.0,9.4,9.1,8.666666666666666,33.62068965517241,0.6481379310344828,26.0,107.92778649921507,0.4246666666666667,0,2.0,0,0,,11
2023-03-12,BKN,1,0,0,9.983050847457626,9.333333333333334,9.6,9.2,8.75,33.71186440677966,0.6470338983050848,21.0,111.7195367573011,0.4265234899328859,1,2.0,0,0,,11
2023-03-14,TOR,0,0,0,10.0,10.0,9.8,9.5,5.8,33.8,0.6464000000000001,26.333333333333332,108.81210660238382,0.4148333333333333,0,2.0,0,0,,7
2023-03-16,DET,0,0,1,9.950819672131148,9.666666666666666,9.2,9.2,9.8,33.81967213114754,0.6484098360655739,23.666666666666668,109.09935004642529,0.4188333333333333,0,2.0,1,0,,9
2023-03-18,NYK,0,0,0,9.935483870967742,9.0,9.2,8.8,5.75,33.806451612903224,0.6505000000000001,22.666666666666668,115.58161477288044,0.4121666666666667,0,2.0,0,0,,8
2023-03-19,BKN,0,0,1,9.904761904761903,8.0,9.2,9.3,9.2,33.857142857142854,0.6498730158730158,25.666666666666668,110.30409991854468,0.4092222222222222,0,1.0,1,0,,10
2023-03-22,WAS,0,0,1,9.90625,9.0,9.0,9.3,8.2,33.890625,0.6514375000000001,26.333333333333332,108.79785090664876,0.4136111111111111,0,3.0,1,0,,7
2023-03-25,MIL,1,0,1,9.861538461538462,8.333333333333334,8.2,9.0,10.666666666666666,33.89230769230769,0.6529538461538462,33.666666666666664,122.94567808305106,0.4428333333333333,1,3.0,1,0,,11
2023-03-27,PHI,1,0,1,9.87878787878788,9.333333333333334,9.0,9.1,8.2,33.86363636363637,0.6506363636363638,24.666666666666668,114.71682513435304,0.4031666666666666,1,2.0,1,0,,12
2023-04-04,HOU,0,0,0,9.91044776119403,10.0,9.6,9.4,9.0,33.88059701492537,0.6517761194029852,20.666666666666668,116.0437187963838,0.4117222222222221,0,8.0,0,0,,4
2023-04-08,UTA,0,0,0,9.823529411764708,9.0,8.8,9.0,9.333333333333334,33.75,0.6501029411764706,25.666666666666668,107.9523869823984,0.424,0,4.0,0,0,,10
2023-04-16,MIN,1,0,1,9.826086956521738,8.666666666666666,8.8,8.9,9.4,33.65217391304348,0.6464782608695652,29.333333333333332,121.0203549060543,0.4257777777777777,1,8.0,1,0,,6
2023-04-19,MIN,1,0,1,9.771428571428572,6.666666666666667,8.6,8.4,9.090909090909092,33.57142857142857,0.6443857142857142,28.333333333333332,112.8164764528401,0.4235,1,3.0,1,0,,9
2023-04-21,MIN,0,0,1,9.76056338028169,8.333333333333334,8.2,8.6,9.083333333333334,33.61971830985915,0.642718309859155,22.333333333333332,104.86634681288552,0.4052777777777778,0,2.0,1,0,,12
2023-04-23,MIN,0,0,0,9.791666666666666,9.0,8.2,8.9,9.307692307692308,33.68055555555556,0.6434027777777778,22.0,105.35070695869142,0.4007777777777778,0,2.0,0,0,,6
2023-04-25,MIN,1,0,1,9.73972602739726,9.0,8.6,8.7,9.071428571428571,33.75342465753425,0.6424931506849315,23.666666666666668,114.887831407206,0.3948993288590604,1,2.0,1,0,,12
2023-04-29,PHX,1,0,1,9.77027027027027,10.0,9.0,8.9,7.272727272727272,33.86486486486486,0.6375405405405405,25.333333333333332,124.96685229382126,0.4190000000000001,1,4.0,1,0,,5
2023-05-01,PHX,1,0,1,9.706666666666669,7.666666666666667,8.8,8.7,7.083333333333333,33.85333333333333,0.6347600000000001,25.333333333333332,120.37162620371626,0.4096111111111111,1,2.0,1,0,,5
2023-05-05,PHX,0,0,0,9.644736842105264,7.333333333333333,8.0,8.1,6.923076923076923,33.94736842105263,0.6338684210526316,24.666666666666668,111.77347242921012,0.4100555555555555,0,4.0,0,0,,17
2023-05-07,PHX,0,0,0,9.74025974025974,9.0,9.0,8.6,7.642857142857143,34.05194805194805,0.6331558441558442,22.333333333333332,105.14018691588788,0.416111111111111,0,2.0,0,0,,11
2023-05-09,PHX,1,0,1,9.756410256410255,11.0,10.0,9.3,7.866666666666666,34.11538461538461,0.6335897435897437,25.0,114.28377645143787,0.4095555555555555,1,2.0,1,0,,12
2023-05-11,PHX,0,0,1,9.78481012658228,13.333333333333334,10.0,9.5,8.125,34.164556962025316,0.6331645569620254,24.666666666666668,117.23954169997334,0.417,0,2.0,1,0,,12
2023-05-16,LAL,1,0,1,9.8125,11.666666666666666,11.4,10.1,8.777777777777779,34.2125,0.634275,23.333333333333332,112.58817145957678,0.4095555555555555,1,5.0,1,0,,14
2023-05-18,LAL,1,0,1,9.864197530864198,12.666666666666666,13.2,10.6,9.3,34.30864197530864,0.6351604938271606,26.333333333333332,121.4324917672887,0.4048888888888889,1,2.0,1,0,,12
2023-05-20,LAL,0,0,1,9.890243902439025,12.666666666666666,12.2,10.6,9.545454545454543,34.40243902439025,0.6326463414634147,27.0,120.0574634012861,0.4060555555555555,0,2.0,1,0,,8
2023-05-22,LAL,0,0,1,9.867469879518072,11.333333333333334,11.6,10.8,9.416666666666666,34.44578313253012,0.6307349397590363,27.666666666666668,113.6057173678533,0.4119999999999999,0,2.0,1,0,,13
2023-06-01,MIA,1,0,1,9.904761904761903,11.0,11.8,10.9,8.5,34.57142857142857,0.6286785714285715,22.666666666666668,109.86221899927484,0.3830555555555556,1,10.0,1,0,,14
2023-06-04,MIA,1,0,0,9.952941176470588,11.666666666666666,12.2,11.8,9.285714285714286,34.63529411764706,0.6291294117647059,24.666666666666668,106.29977246871448,0.3906666666666666,1,3.0,0,0,,4
2023-06-07,MIA,0,0,1,9.883720930232558,10.333333333333334,10.2,11.7,8.625,34.72093023255814,0.628453488372093,26.666666666666668,110.70243761719313,0.3851666666666666,0,3.0,1,0,,10
2023-06-09,MIA,0,0,1,9.885057471264368,9.333333333333334,9.8,11.0,8.777777777777779,34.827586206896555,0.6277931034482759,24.666666666666668,107.17882319090776,0.3861666666666667,0,2.0,1,0,,4
2023-06-12,MIA,1,0,1,9.818181818181818,6.0,9.0,10.3,8.3,34.85227272727273,0.6254431818181818,23.666666666666668,108.31889081455805,0.3846666666666667,1,3.0,1,0,,4
2023-10-27,MEM,0,0,1,11.0,,,,7.6,36.0,0.545,23.0,99.23664122137404,0.4366666666666666,0,3.0,1,0,,7
2023-10-29,OKC,0,0,1,9.0,,,,8.5,35.5,0.558,26.0,111.92589733693556,0.4318333333333333,0,2.0,1,0,,5
2023-10-30,UTA,1,0,1,7.666666666666667,7.666666666666667,,,9.4,33.666666666666664,0.622,25.0,110.645541442975,0.4242777777777778,1,1.0,1,0,,11
2023-11-01,MIN,0,0,0,8.5,7.666666666666667,,,9.266666666666667,34.0,0.654,24.666666666666668,104.05585106382978,0.4177777777777777,0,2.0,0,0,,3
2023-11-03,DAL,1,0,1,7.4,6.333333333333333,7.4,,6.75,33.2,0.6188,22.333333333333332,120.84993359893758,0.4183333333333333,1,2.0,1,0,,9
2023-11-04,CHI,1,0,1,7.666666666666667,7.666666666666667,7.0,,11.0,33.666666666666664,0.6615000000000001,19.666666666666668,109.96470268802608,0.4092222222222222,1,1.0,1,0,,9
2023-11-06,NOP,1,1,1,7.857142857142857,7.0,7.4,,10.2,33.57142857142857,0.6474285714285715,23.0,113.69807222373068,0.4092222222222222,1,2.0,1,1,8.12962962962963,12
2023-11-08,GSW,1,1,1,8.375,10.0,8.8,,8.142857142857142,33.875,0.644625,29.333333333333332,117.49935616791144,0.4314444444444444,1,2.0,1,1,8.1651376146789,5
2023-11-12,HOU,0,1,0,8.0,8.666666666666666,7.6,,8.444444444444445,34.22222222222222,0.6352222222222222,24.666666666666668,121.83370044052865,0.4035555555555555,0,4.0,0,1,8.136363636363637,11
2023-11-14,LAC,1,1,1,8.3,9.333333333333334,9.2,8.3,8.1,34.6,0.6217,24.666666666666668,113.48597141344624,0.4197777777777778,1,2.0,1,1,8.162162162162161,9
2023-11-17,NOP,0,1,0,8.363636363636363,8.333333333333334,9.2,8.1,10.363636363636363,34.72727272727273,0.5968181818181818,26.333333333333332,118.2154605263158,0.4053333333333332,0,3.0,0,1,8.169642857142858,18
2023-11-19,CLE,0,1,0,9.166666666666666,12.666666666666666,11.0,9.2,9.333333333333334,34.833333333333336,0.58875,22.666666666666668,117.84865016086164,0.3971666666666667,0,2.0,0,1,8.256637168141593,7
2023-11-20,DET,0,1,1,9.0,11.333333333333334,10.0,9.4,9.666666666666666,34.30769230769231,0.5907692307692308,27.0,108.07477606127485,0.4279444444444444,0,1.0,1,1,8.24561403508772,5
2023-11-22,ORL,0,1,0,8.714285714285714,10.0,10.0,8.8,10.0,32.92857142857143,0.5842857142857143,25.333333333333332,113.54961832061068,0.4366666666666667,0,2.0,0,1,8.217391304347826,12
2023-11-24,HOU,0,1,0,8.933333333333334,8.0,10.2,9.7,8.7,33.13333333333333,0.5898,28.333333333333332,111.23806963301516,0.4132777777777778,0,2.0,0,1,8.25,8
2023-11-26,SAS,1,1,1,8.875,8.333333333333334,10.0,9.6,8.9,33.6875,0.5811875,25.666666666666668,100.14077297158944,0.4341111111111111,1,2.0,1,1,8.247863247863247,9
2023-11-29,HOU,1,0,1,8.882352941176471,9.666666666666666,8.2,9.6,8.636363636363637,33.705882352941174,0.5814705882352941,26.666666666666668,111.3878045497375,0.4127222222222222,1,3.0,1,0,,15
2023-12-01,PHX,0,1,1,9.22222222222222,10.666666666666666,9.8,9.9,8.352941176470589,33.666666666666664,0.5842777777777778,24.666666666666668,115.05839822024468,0.3995555555555556,0,2.0,1,1,8.254237288135593,16
2023-12-02,SAC,0,1,0,9.578947368421051,13.333333333333334,12.0,11.0,9.88888888888889,33.73684210526316,0.5798421052631578,24.0,117.49935616791144,0.4314444444444444,0,1.0,0,1,8.319327731092438,14
2023-12-06,LAC,0,0,0,9.8,15.0,12.4,11.3,8.181818181818182,33.95,0.5791,26.333333333333332,107.22273385080912,0.4222777777777777,0,4.0,0,0,,10
2023-12-08,HOU,1,0,0,9.80952380952381,13.333333333333334,12.8,11.4,9.166666666666666,34.095238095238095,0.5649047619047619,26.333333333333332,111.088736743187,0.4138333333333333,1,2.0,0,0,,5
2023-12-11,ATL,0,0,1,9.590909090909092,9.666666666666666,12.0,10.1,8.166666666666666,34.09090909090909,0.5549545454545455,22.666666666666668,111.3956466069142,0.4338888888888889,0,3.0,1,0,,9
2023-12-12,CHI,0,1,1,9.565217391304348,8.0,10.8,10.3,10.666666666666666,34.17391304347826,0.5609130434782609,25.0,117.8506137372682,0.4111677852348993,0,1.0,1,1,8.366666666666667,6
2023-12-14,BKN,1,0,1,9.416666666666666,6.666666666666667,8.8,10.4,9.333333333333334,33.416666666666664,0.5542083333333333,25.0,119.04761904761904,0.4176666666666666,1,2.0,1,0,,10
2023-12-16,OKC,1,0,0,9.44,8.333333333333334,8.0,10.2,8.181818181818182,33.28,0.5587199999999999,25.333333333333332,119.26328502415458,0.4445637583892617,1,2.0,0,0,,12
2023-12-18,DAL,1,0,1,9.538461538461538,9.333333333333334,8.4,10.6,7.0,33.42307692307692,0.5577307692307691,25.333333333333332,117.55075311067452,0.4241666666666666,1,2.0,1,0,,7
2023-12-20,TOR,0,0,1,9.444444444444445,9.666666666666666,8.8,10.4,6.0,33.22222222222222,0.5509629629629629,33.0,117.96551263200108,0.4156111111111111,0,2.0,1,0,,6
2023-12-22,BKN,0,0,1,9.321428571428571,8.333333333333334,8.2,9.5,9.428571428571429,33.392857142857146,0.5514642857142856,27.0,108.23930726843348,0.4234444444444444,0,2.0,1,0,,7
2023-12-23,CHA,0,0,1,9.241379310344827,6.666666666666667,8.4,8.6,8.666666666666666,33.41379310344828,0.5567931034482758,18.666666666666668,100.36870135190496,0.4068333333333334,0,1.0,1,0,,9
2023-12-25,GSW,1,0,1,9.233333333333333,7.333333333333333,8.2,8.1,7.933333333333334,33.5,0.5572666666666667,33.333333333333336,125.84547346514049,0.4127785234899328,1,2.0,1,0,,8
2023-12-28,MEM,1,0,1,9.193548387096774,8.0,7.4,7.9,7.545454545454546,33.67741935483871,0.550032258064516,26.666666666666668,111.91222570532916,0.4281879194630872,1,3.0,1,0,,10
2023-12-29,OKC,1,0,0,9.21875,9.0,8.0,8.4,8.5,33.5625,0.56409375,26.333333333333332,126.81159420289856,0.414,1,1.0,0,0,,7
2024-01-01,CHA,1,0,1,9.151515151515152,8.333333333333334,8.2,8.2,8.714285714285714,33.515151515151516,0.5742727272727272,30.666666666666668,109.87929677250068,0.4234444444444444,1,3.0,1,0,,6
2024-01-04,GSW,0,0,1,9.058823529411764,7.666666666666667,8.0,8.2,7.9375,33.35294117647059,0.5825882352941175,27.333333333333332,115.0,0.4166666666666667,0,3.0,1,0,,10
2024-01-05,ORL,1,0,0,9.085714285714284,7.666666666666667,8.2,8.2,10.285714285714286,33.48571428571429,0.5891714285714285,24.666666666666668,111.46496815286623,0.4159480519480519,1,1.0,0,0,,8
2024-01-07,DET,1,0,1,9.055555555555555,8.0,8.2,7.8,9.0,33.583333333333336,0.5918055555555555,28.333333333333332,115.2791625124626,0.4308187919463087,1,2.0,1,0,,16
2024-01-10,UTA,0,0,0,9.243243243243244,11.333333333333334,9.4,8.7,9.545454545454543,33.351351351351354,0.5938378378378377,28.666666666666668,110.7233502538071,0.4377777777777777,0,3.0,0,0,,6
2024-01-12,NOP,1,0,1,9.157894736842104,10.0,9.2,8.7,11.0,33.26315789473684,0.6016052631578946,30.0,125.33244680851064,0.4177777777777777,1,2.0,1,0,,14
2024-01-14,IND,1,0,1,9.282051282051285,12.0,10.8,9.4,7.0,33.23076923076923,0.6027692307692306,33.666666666666664,121.4323121235926,0.4243333333333333,1,2.0,1,0,,9
2024-01-16,PHI,0,0,0,9.275,9.666666666666666,10.6,9.4,8.833333333333334,33.225,0.610775,24.666666666666668,117.04834605597966,0.4220134228187919,0,2.0,0,0,,3
2024-01-19,BOS,0,0,1,9.121951219512194,8.666666666666666,9.6,8.9,7.666666666666667,33.34146341463415,0.6092926829268293,22.666666666666668,120.18600995546238,0.4241111111111111,0,3.0,1,0,,9
2024-01-21,WAS,0,0,1,9.11904761904762,7.0,8.2,8.8,8.0,33.45238095238095,0.6099285714285714,29.666666666666668,112.90941658137154,0.4342222222222222,0,2.0,1,0,,8
2024-01-23,IND,0,0,1,9.093023255813954,6.666666666666667,8.6,8.9,7.4,33.51162790697674,0.6131860465116279,31.666666666666668,111.61282116509794,0.4367777777777777,0,2.0,1,0,,10
2024-01-25,NYK,0,0,0,9.113636363636363,9.0,7.8,9.3,6.2,33.59090909090909,0.6147954545454545,29.666666666666668,126.15725648715608,0.4260555555555555,0,2.0,0,0,,3
2024-01-27,PHI,1,0,1,8.977777777777778,7.0,6.6,8.6,8.0,33.44444444444444,0.6171777777777778,24.333333333333332,113.15417256011314,0.4320555555555556,1,2.0,1,0,,7
2024-01-29,MIL,1,0,1,8.934782608695652,6.666666666666667,7.4,8.5,10.75,33.52173913043478,0.6146304347826087,25.0,117.67346415287928,0.4331666666666667,1,2.0,1,0,,12
2024-02-02,POR,1,0,1,9.0,7.333333333333333,8.0,8.1,6.5625,33.659574468085104,0.6100638297872341,25.666666666666668,117.15566422167888,0.409,1,4.0,1,0,,12
2024-02-04,POR,1,0,1,9.0625,10.333333333333334,8.8,8.7,6.882352941176471,33.75,0.6116875,23.0,125.2983293556086,0.3957222222222222,1,2.0,1,0,,7
2024-02-08,LAL,0,0,1,9.020408163265309,10.333333333333334,8.2,8.0,9.785714285714286,33.755102040816325,0.6114489795918367,30.333333333333332,122.87641032291532,0.4283888888888888,0,4.0,1,0,,9
2024-02-09,SAC,0,0,0,9.02,9.333333333333334,9.4,8.0,10.3,33.8,0.60822,30.666666666666668,112.8805321053978,0.4343333333333333,0,1.0,0,0,,7
2024-02-12,MIL,0,0,0,8.980392156862745,7.666666666666667,9.4,8.4,11.0,33.72549019607843,0.6066666666666667,28.0,112.7384196185286,0.4077777777777777,0,3.0,0,0,,8
2024-02-14,SAC,1,1,0,8.961538461538462,8.0,8.6,8.3,10.0,33.69230769230769,0.605,30.333333333333332,119.47469570787956,0.4336111111111111,1,2.0,0,1,8.347107438016529,8
2024-02-22,WAS,1,0,1,8.943396226415095,7.666666666666667,7.8,8.3,8.0,33.79245283018868,0.6002452830188679,30.0,105.98195525892966,0.4495,1,8.0,1,0,,15
2024-02-23,POR,0,1,1,9.055555555555555,10.333333333333334,9.4,8.8,6.888888888888889,33.74074074074074,0.6076481481481482,21.0,96.70389539634978,0.4078888888888888,0,1.0,1,1,8.344262295081966,14
2024-02-25,GSW,0,0,1,9.145454545454545,12.333333333333334,10.4,9.9,8.058823529411764,33.763636363636365,0.6094363636363638,34.0,116.65814369726417,0.4345555555555555,0,2.0,1,0,,16
2024-02-28,SAC,1,0,1,9.267857142857142,15.0,12.2,10.8,9.833333333333334,33.82142857142857,0.6082321428571429,29.333333333333332,122.81659388646288,0.4071111111111111,1,3.0,1,0,,11
2024-02-29,MIA,1,0,1,9.298245614035087,13.666666666666666,12.8,10.7,7.909090909090909,33.78947368421053,0.6073157894736841,25.333333333333332,115.0497512437811,0.4019999999999999,1,1.0,1,0,,7
2024-03-02,LAL,0,0,1,9.258620689655173,11.333333333333334,12.6,10.2,9.733333333333333,33.86206896551724,0.6037413793103448,30.333333333333332,121.15505335844318,0.4276510067114094,0,2.0,1,0,,7
2024-03-05,PHX,1,0,0,9.220338983050848,8.333333333333334,11.0,10.2,8.777777777777779,33.94915254237288,0.6043559322033898,23.0,103.4721348597308,0.4416111111111111,1,3.0,0,0,,5
2024-03-07,BOS,1,0,1,9.15,6.333333333333333,9.2,9.8,7.857142857142857,34.11666666666667,0.6016833333333333,30.666666666666668,128.25678216492074,0.4136666666666667,1,2.0,1,0,,11
2024-03-09,UTA,1,0,1,9.18032786885246,7.666666666666667,8.2,10.2,9.25,34.19672131147541,0.6013114754098361,27.0,120.10030355021776,0.4209444444444444,1,2.0,1,0,,8
2024-03-11,TOR,1,0,1,9.161290322580646,8.0,7.6,10.2,6.0,34.16129032258065,0.6054354838709677,26.666666666666668,104.8973345236577,0.420993288590604,1,2.0,1,0,,12
2024-03-13,MIA,0,0,1,9.206349206349206,10.333333333333334,8.6,10.6,7.833333333333333,34.22222222222222,0.6043650793650793,24.666666666666668,108.8454119592174,0.4032222222222222,0,2.0,1,0,,6
2024-03-15,SAS,0,0,1,9.15625,8.666666666666666,8.4,9.7,8.909090909090908,34.28125,0.6046875,30.333333333333332,113.02734643397008,0.4042777777777777,0,2.0,1,0,,5
2024-03-17,DAL,0,0,0,9.092307692307692,7.666666666666667,8.4,8.8,7.0,34.23076923076923,0.6059076923076923,29.333333333333332,119.36785474108945,0.4130555555555555,0,2.0,0,0,,7
2024-03-19,MIN,0,0,1,9.06060606060606,6.0,7.6,7.9,8.875,34.303030303030305,0.6024090909090909,28.0,123.574144486692,0.3945,0,2.0,1,0,,2
2024-03-21,NYK,1,0,1,8.955223880597014,4.666666666666667,6.4,7.0,5.666666666666667,34.35820895522388,0.6029104477611941,25.666666666666668,113.20355480321624,0.3938333333333333,1,2.0,1,0,,11
2024-03-25,MEM,1,1,1,8.985294117647058,6.666666666666667,6.2,7.4,7.75,34.4264705882353,0.6017205882352942,23.0,105.24276859504133,0.4157852348993289,1,4.0,1,1,8.390243902439025,8
2024-03-27,PHX,1,1,0,8.971014492753623,7.0,6.6,7.5,8.578947368421053,34.3768115942029,0.6018550724637681,31.333333333333332,123.0234460196292,0.4075555555555556,1,2.0,0,1,8.387096774193548,10
2024-03-29,MIN,1,1,0,8.985714285714286,9.666666666666666,7.6,8.0,8.470588235294118,34.48571428571429,0.6013000000000001,28.333333333333332,114.8936170212766,0.3916666666666666,1,2.0,0,1,8.4,5
2024-03-31,CLE,1,1,1,8.929577464788732,7.666666666666667,7.2,7.4,9.0,34.521126760563384,0.5992816901408451,36.0,120.65569157168989,0.3948333333333333,1,2.0,1,1,8.373015873015873,16
2024-04-02,SAS,1,1,1,9.02777777777778,10.333333333333334,10.0,8.2,8.583333333333334,34.52777777777778,0.5994444444444444,35.0,116.3615265600825,0.4164295302013423,1,2.0,1,1,8.433070866141732,6
2024-04-04,LAC,0,1,0,8.986301369863014,9.0,9.0,7.6,8.333333333333334,34.57534246575342,0.5989452054794521,25.666666666666668,112.28704181724316,0.4304444444444444,0,2.0,0,1,8.4140625,10
2024-04-06,ATL,1,0,1,9.0,10.666666666666666,9.4,8.0,8.285714285714286,34.648648648648646,0.5987297297297297,28.666666666666668,107.24996740122572,0.4260555555555556,1,2.0,1,0,,11
2024-04-09,UTA,0,0,1,9.026666666666667,9.0,9.6,8.6,9.153846153846152,34.6,0.5969066666666667,22.333333333333332,105.89078587254008,0.4262777777777777,0,3.0,1,0,,7
2024-04-10,MIN,1,0,1,9.0,9.333333333333334,10.0,8.6,8.277777777777779,34.5921052631579,0.5969473684210527,27.333333333333332,111.90631099544568,0.4269444444444444,1,1.0,1,0,,7
2024-04-12,SAS,0,0,0,8.974025974025974,8.333333333333334,8.2,9.1,8.384615384615385,34.63636363636363,0.5995844155844156,28.333333333333332,95.26385382858516,0.4321558441558442,0,2.0,0,0,,12
2024-04-14,MEM,0,0,1,9.012820512820513,8.666666666666666,9.4,9.2,7.769230769230769,34.69230769230769,0.6007692307692307,20.333333333333332,103.23585161115624,0.4103333333333333,0,2.0,1,0,,5
2024-04-20,LAL,1,0,1,8.962025316455696,8.0,8.4,8.9,9.5625,34.64556962025316,0.6012151898734177,26.0,110.18385708697352,0.4260555555555556,1,6.0,1,0,,7
2024-04-22,LAL,1,0,1,8.9375,8.0,7.6,8.6,9.411764705882351,34.7,0.60185,22.0,107.2540262552443,0.4105,1,2.0,1,0,,10
2024-04-25,LAL,0,0,1,8.950617283950617,7.333333333333333,8.2,9.1,9.444444444444445,34.77777777777778,0.6013703703703704,21.0,107.16320136713186,0.3901111111111111,0,3.0,1,0,,9
2024-04-27,LAL,0,0,0,8.951219512195122,8.666666666666666,8.6,8.4,9.421052631578949,34.829268292682926,0.6024756097560976,20.0,103.32950631458095,0.3871111111111111,0,2.0,0,0,,14
2024-04-29,LAL,1,0,1,9.012048192771084,11.0,9.0,9.2,9.65,34.903614457831324,0.6012409638554218,21.333333333333332,112.98845779446528,0.3995,1,2.0,1,0,,9
2024-05-04,MIN,1,0,0,9.011904761904765,10.666666666666666,9.8,9.1,8.210526315789474,34.976190476190474,0.6008809523809524,24.0,122.79115068874356,0.3992777777777778,1,5.0,0,0,,9
2024-05-06,MIN,1,0,0,9.011764705882351,10.666666666666666,10.2,8.9,8.25,35.04705882352941,0.5989882352941177,24.333333333333332,123.1047433579079,0.3993888888888889,1,2.0,0,0,,8
2024-05-10,MIN,0,0,1,9.0,8.666666666666666,9.8,9.0,8.238095238095237,35.093023255813954,0.5965,25.0,118.82738010530808,0.3903888888888889,0,4.0,1,0,,9
2024-05-12,MIN,0,0,1,9.0,8.666666666666666,9.8,9.2,8.272727272727273,35.12643678160919,0.5960344827586207,25.0,108.85236447520184,0.3853333333333333,0,2.0,1,0,,7
2024-05-14,MIN,1,0,1,8.977272727272727,8.0,8.4,8.7,8.217391304347826,35.17045454545455,0.5958181818181818,24.0,109.76670047819157,0.3833888888888889,1,2.0,1,0,,13
2024-05-16,MIN,0,0,0,9.02247191011236,9.666666666666666,9.2,9.5,8.416666666666666,35.235955056179776,0.5967865168539326,24.666666666666668,106.42919200695049,0.3836666666666666,0,2.0,0,0,,2
2024-05-19,MIN,1,0,0,8.944444444444445,7.333333333333333,7.8,9.0,8.16,35.24444444444445,0.5954222222222222,25.666666666666668,115.24566473988438,0.3844444444444444,1,3.0,0,0,,7
2024-10-26,LAC,1,0,0,13.0,,,,8.461538461538462,35.0,0.462,27.333333333333332,111.84380656839927,0.4152483221476509,1,2.0,0,0,,4
2024-10-28,TOR,0,0,1,8.5,,,,6.75,36.0,0.5,26.333333333333332,103.63027806385168,0.4315555555555555,0,2.0,1,0,,4
2024-10-29,BKN,0,0,1,7.0,7.0,,,9.125,38.666666666666664,0.5556666666666666,22.0,107.31833462632534,0.4296666666666666,0,1.0,1,0,,16
2024-11-01,MIN,0,0,0,9.25,8.0,,,8.115384615384615,39.25,0.5575,28.666666666666668,114.57776590058792,0.4157777777777777,0,3.0,0,0,,13
2024-11-02,UTA,1,1,1,10.0,11.0,10.0,,9.0,39.4,0.546,22.333333333333332,93.99237544367028,0.4226111111111111,1,1.0,1,1,8.426356589147288,9
2024-11-04,TOR,1,1,1,9.833333333333334,12.666666666666666,9.2,,6.444444444444445,37.833333333333336,0.5476666666666666,34.333333333333336,118.03616943803856,0.4423624161073826,1,2.0,1,1,8.430769230769231,13
2024-11-06,OKC,1,1,1,10.285714285714286,11.666666666666666,11.0,,8.714285714285714,37.857142857142854,0.5344285714285715,26.333333333333332,112.50654107796966,0.4246666666666667,1,2.0,1,1,8.465648854961833,16
2024-11-08,MIA,1,0,1,11.0,12.666666666666666,13.4,,7.6923076923076925,38.0,0.523875,23.333333333333332,112.37440507667898,0.4202222222222222,1,2.0,1,0,,14
2024-11-10,DAL,1,0,1,11.333333333333334,14.333333333333334,13.0,,7.0,38.22222222222222,0.5596666666666666,26.666666666666668,118.12319031324034,0.422111111111111,1,2.0,1,0,,15
2024-11-22,DAL,1,0,0,11.7,15.0,13.4,11.7,7.666666666666667,38.2,0.5656,23.333333333333332,119.8969480776853,0.4205,1,12.0,0,0,,10
2024-11-23,LAL,0,0,1,11.545454545454543,13.0,13.6,11.4,9.61904761904762,38.27272727272727,0.5679090909090909,23.333333333333332,110.61346362649296,0.4093333333333333,0,1.0,1,0,,8
2024-11-25,NYK,1,0,0,11.25,11.0,12.6,11.8,6.428571428571429,38.166666666666664,0.5705833333333333,25.333333333333332,105.49657304125788,0.413388888888889,1,2.0,0,0,,7
2024-11-27,UTA,0,0,1,10.923076923076923,8.333333333333334,10.8,12.1,9.0,37.69230769230769,0.5613076923076923,25.333333333333332,110.76345431789736,0.4438888888888889,0,2.0,1,0,,7
2024-12-01,LAC,0,0,0,10.642857142857142,7.333333333333333,9.4,11.2,8.142857142857142,37.42857142857143,0.5700714285714286,25.333333333333332,106.90673793782528,0.3949444444444444,0,4.0,0,0,,11
2024-12-03,GSW,1,0,1,10.666666666666666,8.333333333333334,8.6,11.0,8.5,37.53333333333333,0.5654,28.333333333333332,107.01155462184876,0.4231111111111111,1,2.0,1,0,,6
2024-12-05,CLE,0,0,0,10.375,8.0,7.8,10.7,9.875,37.6875,0.5665,24.666666666666668,108.27282157676348,0.4284444444444444,0,2.0,0,0,,11
2024-12-07,WAS,0,1,0,10.411764705882351,9.333333333333334,8.4,10.5,8.875,37.76470588235294,0.5625882352941176,22.333333333333332,98.00103842159916,0.428,0,2.0,0,1,8.522727272727273,8
2024-12-08,ATL,0,1,1,10.27777777777778,8.333333333333334,8.6,9.7,8.625,37.833333333333336,0.5626666666666666,33.0,112.48358992719896,0.4498791946308724,0,1.0,1,1,8.518796992481203,8
2024-12-13,LAC,1,0,1,10.157894736842104,9.0,8.8,9.1,8.333333333333334,37.68421052631579,0.5638947368421053,26.333333333333332,112.26083561108942,0.4125100671140939,1,5.0,1,0,,2
2024-12-16,SAC,0,0,1,9.75,6.0,7.0,7.8,9.923076923076923,37.3,0.5690500000000001,32.0,128.1715929897986,0.4247777777777777,0,3.0,1,0,,13
2024-12-19,POR,0,0,0,9.904761904761903,7.666666666666667,8.4,8.1,7.263157894736843,37.333333333333336,0.5619999999999999,24.0,110.07360959651038,0.4075555555555555,0,3.0,0,0,,8
2024-12-22,NOP,0,0,1,9.818181818181818,7.666666666666667,7.8,8.1,11.23076923076923,37.31818181818182,0.5692727272727273,24.0,105.81649371927908,0.4068888888888889,0,3.0,1,0,,10
2024-12-23,PHX,1,1,1,9.826086956521738,10.333333333333334,8.2,8.4,8.65,37.56521739130435,0.5684347826086956,27.0,117.02127659574468,0.4177777777777777,1,1.0,1,1,8.514925373134329,7
2024-12-25,PHX,0,0,0,9.708333333333334,8.333333333333334,8.0,8.4,8.571428571428571,37.25,0.5741666666666666,27.0,109.38129110186551,0.4139444444444445,0,2.0,0,0,,2
2024-12-27,CLE,1,0,0,9.4,6.333333333333333,8.0,7.5,10.0,37.28,0.57224,31.333333333333332,124.71655328798188,0.4165,1,2.0,0,0,,13
2024-12-28,DET,1,0,1,9.538461538461538,7.333333333333333,8.0,8.2,9.875,37.23076923076923,0.5745384615384614,26.666666666666668,120.14787430683916,0.4207777777777778,1,1.0,1,0,,8
2024-12-30,UTA,0,0,1,9.48148148148148,7.666666666666667,8.0,7.9,8.875,37.22222222222222,0.5772222222222222,26.666666666666668,113.51636747624076,0.420888888888889,0,2.0,1,0,,11
2025-01-01,ATL,1,0,1,9.535714285714286,10.666666666666666,8.2,8.2,8.555555555555555,37.25,0.57175,32.0,127.22727855403156,0.4333888888888888,1,2.0,1,0,,15
2025-01-03,SAS,1,0,0,9.724137931034482,11.333333333333334,9.8,8.9,8.642857142857142,37.0,0.5692758620689655,29.333333333333332,112.11375444353293,0.4063333333333334,1,2.0,0,0,,9
2025-01-04,SAS,0,0,1,9.7,11.666666666666666,11.2,9.6,8.666666666666666,37.0,0.5642,31.0,113.3377135348226,0.4227777777777778,0,1.0,1,0,,10
2025-01-10,BKN,1,0,1,9.709677419354838,11.333333333333334,10.6,9.3,9.88888888888889,37.193548387096776,0.5635161290322581,23.0,95.58533701221916,0.4228333333333333,1,6.0,1,0,,15
2025-01-12,DAL,0,0,1,9.875,11.333333333333334,12.0,10.0,7.846153846153846,37.21875,0.56675,26.666666666666668,114.15678879310344,0.4124444444444445,0,2.0,1,0,,9
2025-01-14,DAL,0,0,1,9.848484848484848,11.333333333333334,11.6,9.9,7.928571428571429,37.27272727272727,0.5635757575757575,27.333333333333332,115.71841851494696,0.4032777777777777,0,2.0,1,0,,10
2025-01-17,MIA,0,0,1,9.852941176470589,11.333333333333334,10.6,10.2,8.142857142857142,37.02941176470589,0.5637941176470589,26.0,109.96075246988768,0.4105,0,3.0,1,0,,10
2025-01-19,ORL,0,0,1,9.857142857142858,9.666666666666666,10.8,11.0,10.0,36.857142857142854,0.5691142857142857,20.666666666666668,98.24442943956784,0.4113888888888889,0,2.0,1,0,,10
2025-01-21,PHI,1,0,1,9.86111111111111,10.0,10.8,10.7,7.875,36.666666666666664,0.5749166666666666,24.666666666666668,112.04672008692113,0.3953288590604026,1,2.0,1,0,,10
2025-01-23,SAC,1,0,1,9.864864864864863,10.0,9.8,10.9,10.142857142857142,36.48648648648648,0.5774054054054054,28.0,121.02971311475412,0.4337777777777777,1,2.0,1,0,,17
2025-01-25,MIN,0,0,0,10.052631578947368,12.333333333333334,11.4,11.5,8.296296296296296,36.5,0.5788421052631579,26.0,113.34674714956408,0.4141666666666666,0,2.0,0,0,,11
2025-01-27,CHI,0,0,0,10.076923076923077,12.666666666666666,11.6,11.1,10.0,36.38461538461539,0.5817435897435898,23.666666666666668,105.66214947001208,0.4140555555555555,0,2.0,0,0,,14
2025-01-29,NYK,0,0,0,10.175,14.0,12.4,11.6,6.5,36.475,0.5850500000000001,24.666666666666668,107.08870356330551,0.4396666666666667,0,2.0,0,0,,6
2025-01-31,PHI,0,0,1,10.073170731707316,10.333333333333334,11.6,11.2,8.11111111111111,36.390243902439025,0.5805365853658536,24.333333333333332,116.15343057806592,0.4113333333333333,0,2.0,1,0,,13
2025-02-01,CHA,0,0,1,10.142857142857142,11.0,12.2,11.0,8.375,36.404761904761905,0.5830952380952381,20.666666666666668,101.19785212722016,0.4034999999999999,0,1.0,1,0,,17
2025-02-03,NOP,1,0,1,10.30232558139535,12.0,12.2,11.8,11.142857142857142,36.41860465116279,0.5818372093023255,26.666666666666668,116.89145793192036,0.4325,1,2.0,1,0,,10
2025-02-05,NOP,1,0,1,10.295454545454543,13.333333333333334,12.0,11.8,11.066666666666666,36.40909090909091,0.5843409090909091,25.666666666666668,120.53872053872053,0.4125,1,2.0,1,0,,10
2025-02-06,ORL,1,1,1,10.28888888888889,12.333333333333334,11.2,11.8,10.0,36.4,0.5832666666666667,24.0,111.79277436946148,0.4075,1,1.0,1,1,8.503703703703703,12
2025-02-08,PHX,0,0,1,10.326086956521738,10.666666666666666,12.4,12.0,8.272727272727273,36.28260869565217,0.5855434782608695,27.666666666666668,117.44532159958588,0.4014025974025973,0,2.0,1,0,,9
2025-02-10,POR,1,0,1,10.297872340425531,10.333333333333334,11.6,11.9,7.3,36.12765957446808,0.5910851063829787,22.0,104.23495476596302,0.4237222222222222,1,2.0,1,0,,8
2025-02-12,POR,1,0,1,10.25,9.666666666666666,9.8,11.0,7.333333333333333,36.020833333333336,0.5929791666666667,22.666666666666668,104.5172146000518,0.4292222222222222,1,2.0,1,0,,10
2025-02-20,CHA,1,0,1,10.244897959183673,9.0,9.8,10.9,9.333333333333334,36.02040816326531,0.5921020408163266,19.666666666666668,92.78002699055334,0.4116666666666665,1,8.0,1,0,,9
2025-02-22,LAL,1,0,0,10.22,9.0,9.6,10.4,9.545454545454543,36.04,0.59026,25.666666666666668,105.09216284312426,0.4189444444444445,1,2.0,0,0,,10
2025-02-24,IND,0,0,1,10.215686274509803,9.666666666666666,9.2,10.8,7.833333333333333,36.01960784313726,0.5842941176470589,32.666666666666664,124.06158544344063,0.4219597315436242,0,2.0,1,0,,19
2025-02-27,MIL,0,0,0,10.384615384615383,12.666666666666666,11.2,11.4,10.5,36.07692307692308,0.585423076923077,22.666666666666668,106.20698782424564,0.4197777777777778,0,3.0,0,0,,10
2025-02-28,DET,0,0,1,10.37735849056604,13.0,11.6,10.7,9.666666666666666,36.113207547169814,0.5897169811320755,30.0,118.78842213114756,0.4337777777777777,0,1.0,1,0,,15
2025-03-02,BOS,0,0,0,10.462962962962964,14.666666666666666,12.6,11.2,8.25,36.07407407407408,0.5880555555555556,21.666666666666668,112.26611226611227,0.4008333333333332,0,2.0,0,0,,9
2025-03-05,SAC,1,0,1,10.436363636363636,11.333333333333334,12.6,11.1,10.6,36.127272727272725,0.5882727272727274,27.666666666666668,123.08228730822876,0.3983333333333333,1,3.0,1,0,,6
2025-03-07,PHX,1,0,1,10.357142857142858,10.0,11.8,10.5,8.304347826086957,36.160714285714285,0.5866964285714286,30.0,118.35548172757474,0.4013333333333334,1,2.0,1,0,,22
2025-03-09,OKC,0,0,0,10.56140350877193,12.333333333333334,12.4,11.8,9.2,36.31578947368421,0.5867719298245614,27.666666666666668,117.5255069094666,0.4301666666666666,0,2.0,0,0,,9
2025-03-10,OKC,0,0,1,10.53448275862069,12.333333333333334,12.2,11.9,9.1875,36.39655172413793,0.5841551724137931,25.666666666666668,117.28067850516832,0.4192222222222222,0,1.0,1,0,,8
2025-03-12,MIN,1,0,0,10.491525423728811,13.0,10.8,11.7,8.392857142857142,36.45762711864407,0.5869661016949153,31.0,129.41831338714164,0.3992222222222222,1,2.0,0,0,,4
2025-03-14,LAL,1,0,1,10.383333333333333,7.0,9.8,11.2,9.565217391304348,36.483333333333334,0.5866,25.333333333333332,117.1875,0.4088888888888888,1,2.0,1,0,,5
2025-03-15,WAS,1,0,0,10.295081967213116,5.666666666666667,9.6,10.7,8.777777777777779,36.50819672131148,0.5851803278688524,25.0,107.59574740617394,0.4337222222222222,1,1.0,0,0,,9
2025-03-26,MIL,1,0,1,10.274193548387096,6.0,7.0,9.7,10.428571428571429,36.54838709677419,0.5843387096774193,23.333333333333332,119.63754778422768,0.3923888888888889,1,11.0,1,0,,10
2025-03-28,UTA,1,1,1,10.26984126984127,8.0,7.2,9.7,9.0,36.57142857142857,0.5852222222222222,26.0,101.9860440150295,0.414,1,2.0,1,1,8.529411764705882,6
2025-04-01,MIN,1,1,0,10.203125,8.333333333333334,6.8,8.8,8.241379310344827,36.5,0.583015625,27.0,117.54433100483612,0.4135555555555555,1,4.0,0,1,8.510948905109489,10
2025-04-04,GSW,0,1,0,10.2,8.666666666666666,8.0,8.9,8.368421052631579,36.753846153846155,0.5836000000000001,33.666666666666664,130.93236777447302,0.4296111111111111,0,3.0,0,1,8.521739130434783,9
2025-04-06,IND,1,1,0,10.181818181818182,8.333333333333334,8.8,9.2,9.428571428571429,36.75757575757576,0.5863484848484849,31.666666666666668,124.22777330110124,0.4136666666666667,1,2.0,0,1,8.525179856115107,13
2025-04-09,SAC,0,1,1,10.223880597014926,10.666666666666666,9.6,8.3,10.3125,36.791044776119406,0.5857313432835822,23.666666666666668,128.4175642087821,0.4023333333333333,0,3.0,1,1,8.557142857142857,11
2025-04-11,MEM,1,0,1,10.235294117647058,11.0,9.8,8.5,7.571428571428571,36.80882352941177,0.5832500000000002,22.666666666666668,114.58199974395085,0.4339444444444444,1,2.0,1,0,,13
2025-04-13,HOU,0,0,1,10.27536231884058,12.333333333333334,11.2,9.0,8.846153846153847,36.869565217391305,0.5831884057971016,24.0,109.31120769129464,0.4218333333333333,0,2.0,1,0,,7
2025-04-19,LAC,1,0,1,10.228571428571428,10.333333333333334,10.6,9.3,7.9375,36.785714285714285,0.5848571428571431,25.666666666666668,114.96934150893097,0.4027919463087248,1,6.0,1,0,,12
2025-04-21,LAC,1,0,0,10.253521126760564,10.666666666666666,11.2,10.0,8.176470588235293,36.91549295774648,0.5836619718309861,20.333333333333332,100.26644229420836,0.3828724832214765,1,2.0,0,0,,10
2025-04-24,LAC,0,0,0,10.25,9.666666666666666,10.6,10.1,8.277777777777779,37.0,0.5825,20.666666666666668,108.43906757155504,0.3765555555555556,0,3.0,0,0,,13
2025-04-26,LAC,0,0,1,10.287671232876711,11.666666666666666,11.0,10.4,8.526315789473685,37.0,0.5833287671232876,23.333333333333332,115.41843763740287,0.3790555555555556,0,2.0,1,0,,8
2025-04-29,LAC,1,0,1,10.256756756756756,10.333333333333334,10.0,10.6,8.5,37.08108108108108,0.5830135135135135,23.0,114.14535471752636,0.3845,1,3.0,1,0,,12
2025-05-01,LAC,0,0,0,10.28,11.0,11.0,10.8,8.666666666666666,37.08,0.5793466666666667,25.333333333333332,115.58219178082192,0.3893333333333333,0,2.0,0,0,,8
2025-05-03,LAC,1,0,1,10.25,9.333333333333334,10.2,10.7,8.636363636363637,37.14473684210526,0.5783026315789473,25.333333333333332,114.6233803217998,0.3901666666666666,1,2.0,1,0,,8
2025-05-05,OKC,0,0,1,10.22077922077922,9.333333333333334,9.8,10.2,9.117647058823527,37.077922077922075,0.5763636363636364,22.333333333333332,113.6955955173312,0.4263333333333334,0,2.0,1,0,,6
2025-05-07,OKC,0,0,0,10.166666666666666,7.333333333333333,8.4,9.7,8.944444444444445,37.14102564102564,0.5756025641025642,24.333333333333332,111.73541054782278,0.4350555555555555,0,2.0,0,0,,6
