SEASON_ID,Player_ID,Game_ID,GAME_DATE,MATCHUP,WL,MIN,FGM,FGA,FG_PCT,FG3M,FG3A,FG3_PCT,FTM,FTA,FT_PCT,OREB,DREB,REB,AST,STL,BLK,TOV,PF,PTS,PLUS_MINUS,VIDEO_AVAILABLE,SEASON,SEASON_TYPE
42024,203999,0042400222,2025-05-07,DEN @ OKC,L,32,6,16,0.375,2,4,0.5,3,5,0.6,3,5,8,6,1,1,6,6,17,-36,1,2024,Playoffs
42024,203999,0042400221,2025-05-05,DEN @ OKC,W,42,15,29,0.517,2,6,0.333,10,13,0.769,5,17,22,6,1,2,7,5,42,10,1,2024,Playoffs
42024,203999,0042400177,2025-05-03,DEN vs. LAC,W,32,6,14,0.429,1,2,0.5,3,4,0.75,0,10,10,8,3,1,5,5,16,16,1,2024,Playoffs
42024,203999,0042400176,2025-05-01,DEN @ LAC,L,42,11,22,0.5,2,4,0.5,1,2,0.5,1,6,7,8,3,1,4,3,25,1,1,2024,Playoffs
42024,203999,0042400175,2025-04-29,DEN vs. LAC,W,37,4,13,0.308,1,4,0.25,4,5,0.8,1,9,10,12,1,2,2,1,13,18,1,2024,Playoffs
42024,203999,0042400174,2025-04-26,DEN @ LAC,W,43,14,25,0.56,3,6,0.5,5,6,0.833,5,16,21,8,2,1,2,4,36,4,1,2024,Playoffs
42024,203999,0042400173,2025-04-24,DEN @ LAC,L,37,9,14,0.643,2,3,0.667,3,4,0.75,1,12,13,13,1,0,2,1,23,-20,1,2024,Playoffs
42024,203999,0042400172,2025-04-21,DEN vs. LAC,L,43,8,16,0.5,4,8,0.5,6,10,0.6,3,8,11,10,3,0,7,2,26,0,1,2024,Playoffs
42024,203999,0042400171,2025-04-19,DEN vs. LAC,W,46,12,24,0.5,1,4,0.25,4,6,0.667,0,9,9,12,3,1,2,4,29,10,1,2024,Playoffs
22024,203999,0022401193,2025-04-13,DEN @ HOU,W,31,7,10,0.7,3,5,0.6,1,2,0.5,1,6,7,7,2,1,1,3,18,34,1,2024,Regular Season
22024,203999,0022401180,2025-04-11,DEN vs. MEM,W,41,11,19,0.579,1,2,0.5,3,7,0.429,3,13,16,13,2,0,5,3,26,11,1,2024,Regular Season
22024,203999,0022401165,2025-04-09,DEN @ SAC,W,38,5,12,0.417,0,1,0.0,10,10,1.0,3,9,12,11,4,0,1,2,20,9,1,2024,Regular Season
22024,203999,0022401142,2025-04-06,DEN vs. IND,L,39,18,33,0.545,3,11,0.273,2,3,0.667,3,12,15,13,2,1,4,0,41,1,1,2024,Regular Season
22024,203999,0022401125,2025-04-04,DEN @ GSW,L,37,13,17,0.765,4,7,0.571,3,3,1.0,2,10,12,9,2,0,6,2,33,-4,1,2024,Regular Season
22024,203999,0022401102,2025-04-01,DEN vs. MIN,L,53,18,29,0.621,6,11,0.545,19,24,0.792,2,8,10,10,2,0,4,5,61,2,1,2024,Regular Season
22024,203999,0022401073,2025-03-28,DEN vs. UTA,W,32,8,18,0.444,1,5,0.2,10,12,0.833,5,9,14,6,4,0,3,0,27,28,1,2024,Regular Season
22024,203999,0022401057,2025-03-26,DEN vs. MIL,W,38,16,25,0.64,3,6,0.5,4,7,0.571,2,8,10,10,0,0,3,2,39,14,1,2024,Regular Season
22024,203999,0022400975,2025-03-15,DEN vs. WAS,L,39,16,30,0.533,1,8,0.125,7,7,1.0,3,10,13,9,1,2,3,3,40,6,1,2024,Regular Season
22024,203999,0022400965,2025-03-14,DEN vs. LAL,W,38,8,16,0.5,0,4,0.0,12,17,0.706,1,6,7,5,3,1,4,5,28,2,1,2024,Regular Season
22024,203999,0022400952,2025-03-12,DEN vs. MIN,L,38,13,23,0.565,2,6,0.333,6,8,0.75,3,5,8,4,1,0,3,3,34,-24,1,2024,Regular Season
22024,203999,0022400936,2025-03-10,DEN @ OKC,W,40,15,20,0.75,1,2,0.5,4,5,0.8,2,16,18,8,1,1,1,4,35,8,1,2024,Regular Season
22024,203999,0022400920,2025-03-09,DEN @ OKC,L,41,10,23,0.435,2,10,0.2,2,6,0.333,2,11,13,9,1,3,2,3,24,-13,1,2024,Regular Season
22024,203999,0022400909,2025-03-07,DEN vs. PHX,W,45,13,22,0.591,3,7,0.429,2,3,0.667,4,17,21,22,3,0,4,3,31,8,1,2024,Regular Season
22024,203999,0022400896,2025-03-05,DEN vs. SAC,W,38,9,18,0.5,0,2,0.0,4,6,0.667,5,10,15,6,1,0,7,3,22,-7,1,2024,Regular Season
22024,203999,0022400866,2025-03-02,DEN @ BOS,L,39,9,15,0.6,2,3,0.667,0,0,0.0,3,11,14,9,2,0,2,2,20,0,1,2024,Regular Season
22024,203999,0022400850,2025-02-28,DEN @ DET,W,34,6,12,0.5,0,3,0.0,11,12,0.917,0,17,17,15,1,2,7,2,23,33,1,2024,Regular Season
22024,203999,0022400846,2025-02-27,DEN @ MIL,L,38,13,16,0.813,1,2,0.5,5,7,0.714,1,13,14,10,1,0,5,4,32,-5,1,2024,Regular Season
22024,203999,0022400822,2025-02-24,DEN @ IND,W,39,9,14,0.643,0,1,0.0,0,0,0.0,0,9,9,19,3,1,4,1,18,17,1,2024,Regular Season
22024,203999,0022400808,2025-02-22,DEN vs. LAL,L,35,2,7,0.286,0,1,0.0,8,10,0.8,4,9,13,10,1,0,6,3,12,-11,1,2024,Regular Season
22024,203999,0022400794,2025-02-20,DEN vs. CHA,W,37,11,22,0.5,6,14,0.429,1,2,0.5,4,13,17,9,1,1,2,1,29,14,1,2024,Regular Season
22024,203999,0022400780,2025-02-12,DEN vs. POR,W,36,11,20,0.55,0,3,0.0,4,4,1.0,3,12,15,10,2,0,4,4,26,6,1,2024,Regular Season
22024,203999,0022400763,2025-02-10,DEN vs. POR,W,31,15,22,0.682,2,7,0.286,8,8,1.0,1,6,7,8,3,1,5,2,40,22,1,2024,Regular Season
22024,203999,0022400749,2025-02-08,DEN @ PHX,W,29,11,13,0.846,1,2,0.5,3,3,1.0,4,7,11,9,0,0,2,4,26,19,1,2024,Regular Season
22024,203999,0022400730,2025-02-06,DEN vs. ORL,W,31,11,16,0.688,2,4,0.5,4,6,0.667,0,10,10,12,2,0,3,2,28,22,1,2024,Regular Season
22024,203999,0022400726,2025-02-05,DEN vs. NOP,W,36,15,28,0.536,5,13,0.385,3,3,1.0,2,6,8,10,1,1,1,3,38,24,1,2024,Regular Season
22024,203999,0022400706,2025-02-03,DEN vs. NOP,W,36,9,13,0.692,1,3,0.333,8,10,0.8,1,13,14,10,1,2,1,2,27,11,1,2024,Regular Season
22024,203999,0022400688,2025-02-01,DEN @ CHA,W,37,9,17,0.529,2,7,0.286,8,9,0.889,1,12,13,17,4,1,4,2,28,-2,1,2024,Regular Season
22024,203999,0022400681,2025-01-31,DEN @ PHI,W,37,11,16,0.688,2,3,0.667,4,5,0.8,2,7,9,13,2,0,6,3,28,0,1,2024,Regular Season
22024,203999,0022400668,2025-01-29,DEN @ NYK,L,33,6,15,0.4,3,7,0.429,2,2,1.0,0,6,6,6,2,1,2,3,17,-3,1,2024,Regular Season
22024,203999,0022400655,2025-01-27,DEN @ CHI,L,40,15,21,0.714,1,4,0.25,2,2,1.0,2,10,12,14,1,1,4,1,33,1,1,2024,Regular Season
22024,203999,0022400634,2025-01-25,DEN @ MIN,L,32,9,13,0.692,2,4,0.5,0,1,0.0,1,2,3,11,0,0,7,0,20,-24,1,2024,Regular Season
22024,203999,0022400626,2025-01-23,DEN vs. SAC,W,37,12,19,0.632,2,3,0.667,9,10,0.9,3,19,22,17,1,2,1,5,35,11,1,2024,Regular Season
22024,203999,0022400609,2025-01-21,DEN vs. PHI,W,30,10,15,0.667,2,3,0.667,5,5,1.0,5,8,13,10,4,1,2,1,27,21,1,2024,Regular Season
22024,203999,0022400593,2025-01-19,DEN @ ORL,W,30,7,9,0.778,0,0,0.0,6,7,0.857,1,13,14,10,3,3,2,0,20,20,1,2024,Regular Season
22024,203999,0022400579,2025-01-17,DEN @ MIA,W,31,9,12,0.75,1,2,0.5,5,5,1.0,2,10,12,10,1,0,2,1,24,6,1,2024,Regular Season
22024,203999,0022400559,2025-01-14,DEN @ DAL,W,29,4,7,0.571,1,2,0.5,1,2,0.5,2,12,14,10,2,0,1,3,10,23,1,2024,Regular Season
22024,203999,0022400540,2025-01-12,DEN @ DAL,W,39,6,13,0.462,0,2,0.0,7,9,0.778,4,14,18,9,3,0,4,4,19,-2,1,2024,Regular Season
22024,203999,0022400531,2025-01-10,DEN vs. BKN,W,38,14,21,0.667,1,1,1.0,6,8,0.75,5,7,12,15,4,0,1,1,35,33,1,2024,Regular Season
22024,203999,0022400484,2025-01-04,DEN @ SAS,W,43,19,35,0.543,3,8,0.375,5,6,0.833,4,5,9,10,2,2,2,3,46,7,1,2024,Regular Season
22024,203999,0022400475,2025-01-03,DEN vs. SAS,L,37,15,36,0.417,3,10,0.3,8,9,0.889,4,14,18,9,2,0,2,3,41,7,1,2024,Regular Season
22024,203999,0022400461,2025-01-01,DEN vs. ATL,W,30,8,16,0.5,1,1,1.0,6,6,1.0,3,14,17,15,0,1,2,2,23,31,1,2024,Regular Season
22024,203999,0022400445,2024-12-30,DEN @ UTA,W,38,14,33,0.424,3,9,0.333,5,6,0.833,7,15,22,11,4,0,2,0,36,20,1,2024,Regular Season
22024,203999,0022400432,2024-12-28,DEN vs. DET,W,37,11,17,0.647,4,5,0.8,11,14,0.786,1,8,9,8,0,0,2,4,37,25,1,2024,Regular Season
22024,203999,0022400424,2024-12-27,DEN vs. CLE,L,36,12,19,0.632,0,3,0.0,3,4,0.75,3,11,14,13,3,0,1,1,27,-15,1,2024,Regular Season
22024,203999,0022400409,2024-12-25,DEN @ PHX,L,38,10,19,0.526,2,7,0.286,3,4,0.75,5,10,15,2,2,0,2,1,25,-3,1,2024,Regular Season
22024,203999,0022400402,2024-12-23,DEN vs. PHX,W,30,12,17,0.706,4,6,0.667,4,5,0.8,0,2,2,7,0,0,1,1,32,19,1,2024,Regular Season
22024,203999,0022400390,2024-12-22,DEN @ NOP,W,43,11,20,0.55,2,3,0.667,3,5,0.6,2,11,13,10,1,1,3,5,27,6,1,2024,Regular Season
22024,203999,0022400371,2024-12-19,DEN @ POR,L,37,13,18,0.722,4,6,0.667,4,4,1.0,0,6,6,8,1,0,3,4,34,-5,1,2024,Regular Season
22024,203999,0022401225,2024-12-16,DEN @ SAC,W,38,8,19,0.421,1,6,0.167,3,4,0.75,2,12,14,13,2,1,5,0,20,4,1,2024,Regular Season
22024,203999,0022401213,2024-12-13,DEN vs. LAC,W,30,6,9,0.667,2,2,1.0,2,4,0.5,0,7,7,2,2,0,5,2,16,14,1,2024,Regular Season
22024,203999,0022400350,2024-12-08,DEN @ ATL,W,35,17,29,0.586,3,6,0.5,11,13,0.846,3,11,14,8,3,0,3,2,48,25,1,2024,Regular Season
22024,203999,0022400341,2024-12-07,DEN @ WAS,L,39,22,39,0.564,3,6,0.5,9,13,0.692,7,9,16,8,1,0,5,5,56,-1,1,2024,Regular Season
22024,203999,0022400325,2024-12-05,DEN @ CLE,L,39,13,26,0.5,0,3,0.0,1,1,1.0,3,17,20,11,3,0,3,3,27,-8,1,2024,Regular Season
22024,203999,0022400058,2024-12-03,DEN vs. GSW,W,40,14,24,0.583,3,4,0.75,7,9,0.778,2,8,10,6,5,1,4,1,38,23,1,2024,Regular Season
22024,203999,0022400314,2024-12-01,DEN @ LAC,L,39,12,24,0.5,2,7,0.286,2,4,0.5,3,11,14,11,1,1,5,3,28,-7,1,2024,Regular Season
22024,203999,0022400298,2024-11-27,DEN @ UTA,W,34,13,19,0.684,2,3,0.667,2,3,0.667,3,7,10,7,1,1,1,1,30,20,1,2024,Regular Season
22024,203999,0022400283,2024-11-25,DEN vs. NYK,L,32,9,20,0.45,2,7,0.286,2,2,1.0,3,4,7,7,1,0,0,1,22,-20,1,2024,Regular Season
22024,203999,0022400270,2024-11-23,DEN @ LAL,W,37,12,20,0.6,3,7,0.429,7,8,0.875,2,11,13,8,2,1,6,3,34,39,1,2024,Regular Season
22024,203999,0022400033,2024-11-22,DEN vs. DAL,L,39,13,22,0.591,2,2,1.0,5,7,0.714,6,11,17,10,0,0,3,0,33,4,1,2024,Regular Season
22024,203999,0022400208,2024-11-10,DEN vs. DAL,W,38,13,21,0.619,3,3,1.0,8,8,1.0,8,10,18,15,3,0,4,2,37,13,1,2024,Regular Season
22024,203999,0022400194,2024-11-08,DEN vs. MIA,W,40,11,13,0.846,1,1,1.0,7,7,1.0,2,9,11,14,2,0,5,2,30,26,1,2024,Regular Season
22024,203999,0022400177,2024-11-06,DEN vs. OKC,W,39,9,20,0.45,1,3,0.333,4,6,0.667,7,13,20,16,2,2,5,2,23,8,1,2024,Regular Season
22024,203999,0022400166,2024-11-04,DEN vs. TOR,W,38,10,22,0.455,1,5,0.2,7,8,0.875,5,9,14,13,1,2,7,2,28,-1,1,2024,Regular Season
22024,203999,0022400148,2024-11-02,DEN vs. UTA,W,30,10,18,0.556,3,4,0.75,4,4,1.0,5,11,16,9,1,0,5,1,27,31,1,2024,Regular Season
22024,203999,0022400139,2024-11-01,DEN @ MIN,L,40,8,16,0.5,2,3,0.667,8,10,0.8,2,7,9,13,3,1,3,1,26,6,1,2024,Regular Season
22024,203999,0022400113,2024-10-29,DEN @ BKN,W,41,9,16,0.563,0,0,0.0,11,13,0.846,6,12,18,16,0,1,1,3,29,8,1,2024,Regular Season
22024,203999,0022400107,2024-10-28,DEN @ TOR,W,44,18,27,0.667,3,5,0.6,1,2,0.5,3,7,10,4,1,2,3,2,40,9,1,2024,Regular Season
22024,203999,0022400087,2024-10-26,DEN vs. LAC,L,37,14,26,0.538,7,12,0.583,6,8,0.75,3,6,9,4,2,1,5,2,41,7,1,2024,Regular Season
22024,203999,0022400075,2024-10-24,DEN vs. OKC,L,35,6,13,0.462,1,3,0.333,3,4,0.75,4,8,12,13,2,1,3,3,16,-9,1,2024,Regular Season
42023,203999,0042300237,2024-05-19,DEN vs. MIN,L,47,13,28,0.464,2,10,0.2,6,7,0.857,6,13,19,7,0,1,3,2,34,-9,1,2023,Playoffs
42023,203999,0042300236,2024-05-16,DEN @ MIN,L,36,9,19,0.474,0,4,0.0,4,4,1.0,5,4,9,2,0,0,3,1,22,-25,1,2023,Playoffs
42023,203999,0042300235,2024-05-14,DEN vs. MIN,W,41,15,22,0.682,2,3,0.667,8,9,0.889,0,7,7,13,2,1,0,2,40,21,1,2023,Playoffs
42023,203999,0042300234,2024-05-12,DEN @ MIN,W,39,15,26,0.577,1,5,0.2,4,6,0.667,2,5,7,7,3,1,4,4,35,3,1,2023,Playoffs
42023,203999,0042300233,2024-05-10,DEN @ MIN,W,38,10,18,0.556,1,3,0.333,3,4,0.75,4,10,14,9,3,3,3,3,24,30,1,2023,Playoffs
42023,203999,0042300232,2024-05-06,DEN vs. MIN,L,39,5,13,0.385,0,1,0.0,6,6,1.0,6,10,16,8,0,1,4,2,16,-16,1,2023,Playoffs
42023,203999,0042300231,2024-05-04,DEN vs. MIN,L,41,11,25,0.44,2,9,0.222,8,8,1.0,1,7,8,9,3,0,7,4,32,-12,1,2023,Playoffs
42023,203999,0042300155,2024-04-29,DEN vs. LAL,W,41,12,21,0.571,1,5,0.2,0,0,0.0,2,18,20,9,0,0,7,1,25,7,1,2023,Playoffs
42023,203999,0042300154,2024-04-27,DEN @ LAL,L,41,10,20,0.5,2,5,0.4,11,11,1.0,5,9,14,14,1,1,3,4,33,-7,1,2023,Playoffs
42023,203999,0042300153,2024-04-25,DEN @ LAL,W,39,9,13,0.692,0,1,0.0,6,7,0.857,5,10,15,9,1,0,3,4,24,4,1,2023,Playoffs
42023,203999,0042300152,2024-04-22,DEN vs. LAL,W,41,9,16,0.563,2,4,0.5,7,7,1.0,4,16,20,10,2,0,3,2,27,1,1,2023,Playoffs
42023,203999,0042300151,2024-04-20,DEN vs. LAL,W,39,15,23,0.652,1,3,0.333,1,2,0.5,3,9,12,7,2,0,0,3,32,14,1,2023,Playoffs
22023,203999,0022301193,2024-04-14,DEN @ MEM,W,31,7,11,0.636,0,0,0.0,1,2,0.5,4,11,15,5,4,0,4,1,15,19,1,2023,Regular Season
22023,203999,0022301180,2024-04-12,DEN @ SAS,L,39,9,13,0.692,1,2,0.5,3,3,1.0,2,5,7,12,2,1,3,5,22,-1,1,2023,Regular Season
22023,203999,0022301164,2024-04-10,DEN vs. MIN,W,38,16,20,0.8,2,2,1.0,7,12,0.583,2,9,11,7,3,0,2,5,41,6,1,2023,Regular Season
22023,203999,0022301154,2024-04-09,DEN @ UTA,W,34,12,20,0.6,2,2,1.0,2,2,1.0,5,8,13,7,3,1,5,2,28,23,1,2023,Regular Season
22023,203999,0022301130,2024-04-06,DEN vs. ATL,W,31,6,13,0.462,2,3,0.667,5,6,0.833,1,13,14,11,2,0,4,1,19,19,1,2023,Regular Season
22023,203999,0022301114,2024-04-04,DEN @ LAC,L,40,14,24,0.583,3,8,0.375,5,6,0.833,1,16,17,10,0,0,5,2,36,12,1,2023,Regular Season
22023,203999,0022301099,2024-04-02,DEN vs. SAS,W,38,18,32,0.563,1,6,0.167,5,6,0.833,4,12,16,6,1,2,4,2,42,5,1,2023,Regular Season
22023,203999,0022301077,2024-03-31,DEN vs. CLE,W,35,11,18,0.611,1,2,0.5,3,5,0.6,4,14,18,16,1,0,3,2,26,37,1,2023,Regular Season
22023,203999,0022301071,2024-03-29,DEN vs. MIN,L,37,11,24,0.458,0,3,0.0,10,13,0.769,1,9,10,5,2,1,4,2,32,-9,1,2023,Regular Season
22023,203999,0022301059,2024-03-27,DEN vs. PHX,L,42,9,16,0.563,1,5,0.2,3,3,1.0,0,9,9,10,2,1,1,2,22,2,1,2023,Regular Season
22023,203999,0022301040,2024-03-25,DEN vs. MEM,W,31,11,18,0.611,1,2,0.5,6,7,0.857,5,6,11,8,3,1,4,4,29,13,1,2023,Regular Season
22023,203999,0022301009,2024-03-21,DEN vs. NYK,W,39,12,23,0.522,0,1,0.0,6,7,0.857,2,12,14,11,1,0,1,1,30,30,1,2023,Regular Season
22023,203999,0022300995,2024-03-19,DEN @ MIN,W,38,14,22,0.636,3,4,0.75,4,6,0.667,1,15,16,2,0,0,3,3,35,8,1,2023,Regular Season
22023,203999,0022300978,2024-03-17,DEN @ DAL,L,39,6,16,0.375,0,2,0.0,4,5,0.8,3,8,11,7,2,0,3,1,16,10,1,2023,Regular Season
22023,203999,0022300965,2024-03-15,DEN @ SAS,W,31,13,19,0.684,1,3,0.333,4,4,1.0,1,6,7,5,0,2,3,1,31,7,1,2023,Regular Season
22023,203999,0022300949,2024-03-13,DEN @ MIA,W,38,5,8,0.625,0,0,0.0,2,3,0.667,3,11,14,6,1,0,4,1,12,10,1,2023,Regular Season
22023,203999,0022300937,2024-03-11,DEN vs. TOR,W,38,14,26,0.538,1,3,0.333,6,6,1.0,6,11,17,12,6,2,2,3,35,13,1,2023,Regular Season
22023,203999,0022300922,2024-03-09,DEN vs. UTA,W,32,12,14,0.857,0,0,0.0,2,2,1.0,2,4,6,8,1,2,3,1,26,6,1,2023,Regular Season
22023,203999,0022300906,2024-03-07,DEN vs. BOS,W,39,11,19,0.579,0,0,0.0,10,10,1.0,4,8,12,11,2,0,0,1,32,9,1,2023,Regular Season
22023,203999,0022300893,2024-03-05,DEN vs. PHX,L,44,8,18,0.444,4,7,0.571,5,7,0.714,3,13,16,5,0,0,7,2,25,-13,1,2023,Regular Season
22023,203999,0022300869,2024-03-02,DEN @ LAL,W,39,16,25,0.64,1,5,0.2,2,2,1.0,2,8,10,7,0,1,3,1,35,16,1,2023,Regular Season
22023,203999,0022300855,2024-02-29,DEN vs. MIA,W,38,6,15,0.4,0,3,0.0,6,6,1.0,2,9,11,7,1,2,4,4,18,12,1,2023,Regular Season
22023,203999,0022300847,2024-02-28,DEN vs. SAC,W,32,5,9,0.556,0,0,0.0,4,4,1.0,1,13,14,11,3,1,2,3,14,37,1,2023,Regular Season
22023,203999,0022300824,2024-02-25,DEN @ GSW,W,37,13,24,0.542,2,6,0.333,4,4,1.0,2,14,16,16,4,1,2,3,32,20,1,2023,Regular Season
22023,203999,0022300812,2024-02-23,DEN @ POR,W,35,12,17,0.706,1,3,0.333,4,5,0.8,3,12,15,14,2,1,2,4,29,24,1,2023,Regular Season
22023,203999,0022300800,2024-02-22,DEN vs. WAS,W,31,10,10,1.0,0,0,0.0,1,2,0.5,2,17,19,15,1,0,3,3,21,23,1,2023,Regular Season
22023,203999,0022300786,2024-02-14,DEN vs. SAC,L,39,6,17,0.353,0,6,0.0,3,4,0.75,0,5,5,8,0,1,0,4,15,-6,1,2023,Regular Season
22023,203999,0022300767,2024-02-12,DEN @ MIL,L,32,13,25,0.52,2,5,0.4,1,3,0.333,3,9,12,8,0,0,5,1,29,-16,1,2023,Regular Season
22023,203999,0022300746,2024-02-09,DEN @ SAC,L,30,9,17,0.529,1,1,1.0,4,5,0.8,2,6,8,7,3,0,1,2,23,-7,1,2023,Regular Season
22023,203999,0022300740,2024-02-08,DEN @ LAL,W,36,9,20,0.45,2,6,0.333,4,4,1.0,3,10,13,9,0,3,6,2,24,10,1,2023,Regular Season
22023,203999,0022300712,2024-02-04,DEN vs. POR,W,34,12,20,0.6,1,3,0.333,4,5,0.8,1,7,8,7,2,0,2,1,29,-5,1,2023,Regular Season
22023,203999,0022300697,2024-02-02,DEN vs. POR,W,38,11,16,0.688,1,1,1.0,4,4,1.0,7,15,22,12,1,2,4,3,27,20,1,2023,Regular Season
22023,203999,0022300667,2024-01-29,DEN vs. MIL,W,40,10,25,0.4,1,6,0.167,4,5,0.8,1,15,16,12,3,2,3,1,25,9,1,2023,Regular Season
22023,203999,0022300644,2024-01-27,DEN vs. PHI,W,37,8,16,0.5,0,1,0.0,10,16,0.625,5,11,16,7,2,0,3,3,26,2,1,2023,Regular Season
22023,203999,0022300631,2024-01-25,DEN @ NYK,L,27,13,18,0.722,2,3,0.667,3,3,1.0,4,7,11,3,0,0,7,1,31,-23,1,2023,Regular Season
22023,203999,0022300614,2024-01-23,DEN @ IND,W,37,13,19,0.684,3,4,0.75,2,2,1.0,2,11,13,10,0,1,1,3,31,9,1,2023,Regular Season
22023,203999,0022300602,2024-01-21,DEN @ WAS,W,36,15,20,0.75,0,0,0.0,12,14,0.857,4,8,12,8,2,2,0,2,42,20,1,2023,Regular Season
22023,203999,0022300586,2024-01-19,DEN @ BOS,W,38,14,22,0.636,2,4,0.5,4,4,1.0,2,10,12,9,0,0,4,1,34,1,1,2023,Regular Season
22023,203999,0022300566,2024-01-16,DEN @ PHI,L,38,11,20,0.55,0,2,0.0,3,4,0.75,11,8,19,3,1,1,4,3,25,1,1,2023,Regular Season
22023,203999,0022300550,2024-01-14,DEN vs. IND,W,33,12,13,0.923,0,0,0.0,1,2,0.5,3,9,12,9,2,1,7,3,25,10,1,2023,Regular Season
22023,203999,0022300539,2024-01-12,DEN vs. NOP,W,32,11,17,0.647,1,2,0.5,4,4,1.0,3,7,10,14,0,1,2,4,27,12,1,2023,Regular Season
22023,203999,0022300524,2024-01-10,DEN @ UTA,L,30,8,9,0.889,1,1,1.0,10,12,0.833,1,10,11,6,1,0,6,3,27,-21,1,2023,Regular Season
22023,203999,0022300502,2024-01-07,DEN vs. DET,W,25,2,3,0.667,0,0,0.0,0,0,0.0,0,7,7,16,0,5,2,4,4,16,1,2023,Regular Season
22023,203999,0022300488,2024-01-05,DEN vs. ORL,L,37,13,19,0.684,0,1,0.0,3,4,0.75,0,4,4,8,3,0,2,3,29,-4,1,2023,Regular Season
22023,203999,0022300478,2024-01-04,DEN @ GSW,W,38,13,16,0.813,2,2,1.0,6,7,0.857,2,7,9,10,2,1,4,2,34,4,1,2023,Regular Season
22023,203999,0022300455,2024-01-01,DEN vs. CHA,W,28,6,7,0.857,0,0,0.0,1,1,1.0,0,11,11,6,1,1,3,2,13,27,1,2023,Regular Season
22023,203999,0022300435,2023-12-29,DEN vs. OKC,L,32,9,10,0.9,1,1,1.0,0,0,0.0,2,8,10,7,1,1,7,2,19,-19,1,2023,Regular Season
22023,203999,0022300425,2023-12-28,DEN vs. MEM,W,30,11,11,1.0,1,1,1.0,3,3,1.0,0,14,14,10,0,2,3,1,26,25,1,2023,Regular Season
22023,203999,0022300402,2023-12-25,DEN vs. GSW,W,39,4,12,0.333,0,2,0.0,18,18,1.0,4,10,14,8,0,0,3,2,26,21,1,2023,Regular Season
22023,203999,0022300390,2023-12-23,DEN @ CHA,W,36,8,14,0.571,0,2,0.0,2,2,1.0,2,8,10,9,1,1,3,6,18,12,1,2023,Regular Season
22023,203999,0022300383,2023-12-22,DEN @ BKN,W,34,12,17,0.706,2,2,1.0,5,5,1.0,2,9,11,7,3,2,0,4,31,29,1,2023,Regular Season
22023,203999,0022300369,2023-12-20,DEN @ TOR,W,38,13,23,0.565,3,5,0.6,2,3,0.667,5,10,15,6,0,2,2,2,31,15,1,2023,Regular Season
22023,203999,0022300356,2023-12-18,DEN vs. DAL,W,28,3,8,0.375,0,1,0.0,2,2,1.0,1,8,9,7,2,0,2,2,8,16,1,2023,Regular Season
22023,203999,0022300340,2023-12-16,DEN vs. OKC,L,37,8,15,0.533,1,2,0.5,7,8,0.875,4,2,6,12,2,0,3,3,24,-9,1,2023,Regular Season
22023,203999,0022300322,2023-12-14,DEN vs. BKN,W,30,8,12,0.667,0,2,0.0,10,12,0.833,1,13,14,10,1,0,1,2,26,21,1,2023,Regular Season
22023,203999,0022300307,2023-12-12,DEN @ CHI,W,16,2,5,0.4,0,0,0.0,0,0,0.0,3,6,9,6,0,0,0,1,4,5,1,2023,Regular Season
22023,203999,0022300296,2023-12-11,DEN @ ATL,W,36,9,13,0.692,1,1,1.0,6,7,0.857,2,6,8,9,3,2,1,3,25,8,1,2023,Regular Season
22023,203999,0022301224,2023-12-08,DEN vs. HOU,L,34,9,26,0.346,1,2,0.5,4,7,0.571,7,9,16,5,0,2,3,5,23,3,1,2023,Regular Season
22023,203999,0022301215,2023-12-06,DEN @ LAC,L,37,9,32,0.281,2,7,0.286,2,2,1.0,5,10,15,10,1,0,4,2,22,1,1,2023,Regular Season
22023,203999,0022300290,2023-12-02,DEN @ SAC,L,38,13,23,0.565,1,4,0.25,9,12,0.75,2,11,13,14,2,1,0,3,36,11,1,2023,Regular Season
22023,203999,0022300279,2023-12-01,DEN @ PHX,W,35,9,18,0.5,0,3,0.0,3,6,0.5,1,4,5,16,1,2,3,4,21,6,1,2023,Regular Season
22023,203999,0022300263,2023-11-29,DEN vs. HOU,W,33,12,19,0.632,1,2,0.5,7,8,0.875,6,4,10,15,1,0,0,2,32,29,1,2023,Regular Season
22023,203999,0022300252,2023-11-26,DEN vs. SAS,W,34,17,29,0.586,0,0,0.0,5,5,1.0,5,6,11,9,1,0,5,3,39,14,1,2023,Regular Season
22023,203999,0022300048,2023-11-24,DEN @ HOU,L,42,14,31,0.452,3,8,0.375,7,11,0.636,6,13,19,8,3,0,3,3,38,-12,1,2023,Regular Season
22023,203999,0022300226,2023-11-22,DEN @ ORL,L,36,12,18,0.667,1,2,0.5,5,5,1.0,5,8,13,12,3,2,1,4,30,4,1,2023,Regular Season
22023,203999,0022300218,2023-11-20,DEN @ DET,W,15,4,8,0.5,1,4,0.25,0,0,0.0,0,5,5,5,0,1,1,1,9,-4,1,2023,Regular Season
22023,203999,0022300210,2023-11-19,DEN @ CLE,L,28,8,13,0.615,0,0,0.0,2,5,0.4,1,9,10,7,1,1,3,5,18,-16,1,2023,Regular Season
22023,203999,0022300034,2023-11-17,DEN @ NOP,L,36,10,20,0.5,1,8,0.125,5,5,1.0,2,14,16,18,1,1,4,2,26,5,1,2023,Regular Season
22023,203999,0022300024,2023-11-14,DEN vs. LAC,W,36,8,23,0.348,2,7,0.286,14,14,1.0,3,13,16,9,1,0,4,2,32,3,1,2023,Regular Season
22023,203999,0022300182,2023-11-12,DEN @ HOU,L,38,13,26,0.5,2,6,0.333,8,8,1.0,6,15,21,11,0,1,3,3,36,12,1,2023,Regular Season
22023,203999,0022300169,2023-11-08,DEN vs. GSW,W,37,14,25,0.56,1,8,0.125,6,10,0.6,3,10,13,5,3,1,3,3,35,3,1,2023,Regular Season
22023,203999,0022300156,2023-11-06,DEN vs. NOP,W,36,15,24,0.625,2,6,0.333,3,5,0.6,3,11,14,12,1,1,2,1,35,16,1,2023,Regular Season
22023,203999,0022300139,2023-11-04,DEN vs. CHI,W,33,9,16,0.563,1,3,0.333,9,9,1.0,4,12,16,9,3,0,1,3,28,33,1,2023,Regular Season
22023,203999,0022300006,2023-11-03,DEN vs. DAL,W,36,14,16,0.875,2,2,1.0,3,5,0.6,7,7,14,9,1,1,4,3,33,17,1,2023,Regular Season
22023,203999,0022300123,2023-11-01,DEN @ MIN,L,30,11,23,0.478,1,6,0.167,2,2,1.0,2,8,10,3,0,0,5,0,25,-19,1,2023,Regular Season
22023,203999,0022300110,2023-10-30,DEN vs. UTA,W,35,12,16,0.75,1,3,0.333,2,5,0.4,1,9,10,11,0,2,1,3,27,13,1,2023,Regular Season
22023,203999,0022300095,2023-10-29,DEN @ OKC,W,30,12,16,0.75,1,2,0.5,3,3,1.0,2,12,14,5,0,0,4,3,28,21,1,2023,Regular Season
22023,203999,0022300078,2023-10-27,DEN @ MEM,W,35,8,14,0.571,1,4,0.25,5,6,0.833,3,9,12,7,1,1,9,1,22,6,1,2023,Regular Season
22023,203999,0022300061,2023-10-24,DEN vs. LAL,W,36,12,22,0.545,3,5,0.6,2,4,0.5,3,10,13,11,1,1,2,2,29,15,1,2023,Regular Season
42022,203999,0042200405,2023-06-12,DEN vs. MIA,W,42,12,16,0.75,1,3,0.333,3,5,0.6,1,15,16,4,0,1,4,3,28,12,1,2022,Playoffs
42022,203999,0042200404,2023-06-09,DEN @ MIA,W,37,8,19,0.421,3,7,0.429,4,4,1.0,2,10,12,4,3,3,3,5,23,9,1,2022,Playoffs
42022,203999,0042200403,2023-06-07,DEN @ MIA,W,44,12,21,0.571,1,2,0.5,7,8,0.875,3,18,21,10,0,2,3,5,32,15,1,2022,Playoffs
42022,203999,0042200402,2023-06-04,DEN vs. MIA,L,42,16,28,0.571,2,5,0.4,7,8,0.875,3,8,11,4,0,0,5,3,41,-11,1,2022,Playoffs
42022,203999,0042200401,2023-06-01,DEN vs. MIA,W,40,8,12,0.667,1,2,0.5,10,12,0.833,0,10,10,14,1,1,2,1,27,14,1,2022,Playoffs
42022,203999,0042200314,2023-05-22,DEN @ LAL,W,45,11,24,0.458,3,6,0.5,5,6,0.833,3,11,14,13,1,3,3,5,30,6,1,2022,Playoffs
42022,203999,0042200313,2023-05-20,DEN @ LAL,W,38,9,19,0.474,2,5,0.4,4,7,0.571,1,5,6,8,1,0,2,4,24,15,1,2022,Playoffs
42022,203999,0042200312,2023-05-18,DEN vs. LAL,W,42,9,21,0.429,0,3,0.0,5,6,0.833,4,13,17,12,3,0,5,3,23,7,1,2022,Playoffs
42022,203999,0042200311,2023-05-16,DEN vs. LAL,W,42,12,17,0.706,3,3,1.0,7,8,0.875,6,15,21,14,0,2,5,4,34,11,1,2022,Playoffs
42022,203999,0042200226,2023-05-11,DEN @ PHX,W,38,13,18,0.722,0,1,0.0,6,6,1.0,3,7,10,12,3,1,2,4,32,28,1,2022,Playoffs
42022,203999,0042200225,2023-05-09,DEN vs. PHX,W,38,12,20,0.6,2,3,0.667,3,5,0.6,4,9,13,12,1,2,4,3,29,18,1,2022,Playoffs
42022,203999,0042200224,2023-05-07,DEN @ PHX,L,39,20,30,0.667,2,4,0.5,11,13,0.846,1,3,4,11,0,1,6,2,53,2,1,2022,Playoffs
42022,203999,0042200223,2023-05-05,DEN @ PHX,L,42,11,19,0.579,1,2,0.5,7,8,0.875,6,11,17,17,0,1,6,3,30,5,1,2022,Playoffs
42022,203999,0042200222,2023-05-01,DEN vs. PHX,W,41,17,30,0.567,2,6,0.333,3,4,0.75,3,13,16,5,2,1,3,2,39,2,1,2022,Playoffs
42022,203999,0042200221,2023-04-29,DEN vs. PHX,W,33,9,21,0.429,1,2,0.5,5,5,1.0,8,11,19,5,0,0,3,1,24,19,1,2022,Playoffs
42022,203999,0042200145,2023-04-25,DEN vs. MIN,W,42,8,29,0.276,3,8,0.375,9,10,0.9,9,8,17,12,2,2,2,4,28,3,1,2022,Playoffs
42022,203999,0042200144,2023-04-23,DEN @ MIN,L,39,15,26,0.577,5,8,0.625,8,12,0.667,2,9,11,6,2,0,4,3,43,-14,1,2022,Playoffs
42022,203999,0042200143,2023-04-21,DEN @ MIN,W,38,9,13,0.692,2,3,0.667,0,0,0.0,2,9,11,12,1,0,4,4,20,7,1,2022,Playoffs
42022,203999,0042200142,2023-04-19,DEN vs. MIN,W,37,10,19,0.526,1,3,0.333,6,9,0.667,3,6,9,9,0,0,3,4,27,6,1,2022,Playoffs
42022,203999,0042200141,2023-04-16,DEN vs. MIN,W,28,6,12,0.5,0,0,0.0,1,3,0.333,5,9,14,6,1,0,1,6,13,15,1,2022,Playoffs
22022,203999,0022201213,2023-04-08,DEN @ UTA,L,27,2,5,0.4,0,1,0.0,2,2,1.0,0,10,10,10,2,0,4,2,6,-5,1,2022,Regular Season
22022,203999,0022201183,2023-04-04,DEN @ HOU,L,25,7,13,0.538,0,2,0.0,0,1,0.0,2,8,10,4,2,3,8,1,14,-21,1,2022,Regular Season
22022,203999,0022201126,2023-03-27,DEN vs. PHI,W,35,8,11,0.727,0,0,0.0,9,11,0.818,3,14,17,12,0,2,3,3,25,11,1,2022,Regular Season
22022,203999,0022201109,2023-03-25,DEN vs. MIL,W,32,10,20,0.5,1,6,0.167,10,11,0.909,1,5,6,11,1,0,3,2,31,19,1,2022,Regular Season
22022,203999,0022201083,2023-03-22,DEN @ WAS,W,34,12,16,0.75,2,3,0.667,5,5,1.0,5,7,12,7,3,0,2,1,31,28,1,2022,Regular Season
22022,203999,0022201063,2023-03-19,DEN @ BKN,W,36,9,12,0.75,0,0,0.0,4,4,1.0,4,13,17,10,2,0,1,5,22,13,1,2022,Regular Season
22022,203999,0022201055,2023-03-18,DEN @ NYK,L,37,11,18,0.611,1,5,0.2,1,1,1.0,2,8,10,8,0,1,6,2,24,2,1,2022,Regular Season
22022,203999,0022201042,2023-03-16,DEN @ DET,W,33,14,18,0.778,0,1,0.0,2,3,0.667,4,6,10,9,1,1,1,2,30,13,1,2022,Regular Season
22022,203999,0022201029,2023-03-14,DEN @ TOR,L,35,10,13,0.769,0,1,0.0,8,8,1.0,2,6,8,7,1,0,4,3,28,-8,1,2022,Regular Season
22022,203999,0022201014,2023-03-12,DEN vs. BKN,L,39,14,23,0.609,0,1,0.0,7,10,0.7,6,14,20,11,2,2,3,2,35,14,1,2022,Regular Season
22022,203999,0022201002,2023-03-10,DEN @ SAS,L,39,14,24,0.583,4,6,0.667,5,6,0.833,3,8,11,11,3,0,5,2,37,-2,1,2022,Regular Season
22022,203999,0022200989,2023-03-08,DEN vs. CHI,L,35,7,16,0.438,3,9,0.333,1,4,0.25,1,11,12,8,0,0,5,1,18,-14,1,2022,Regular Season
22022,203999,0022200975,2023-03-06,DEN vs. TOR,W,36,5,8,0.625,1,1,1.0,6,6,1.0,3,10,13,9,0,1,4,1,17,7,1,2022,Regular Season
22022,203999,0022200952,2023-03-03,DEN vs. MEM,W,35,7,10,0.7,0,0,0.0,4,6,0.667,3,15,18,10,0,1,2,5,18,16,1,2022,Regular Season
22022,203999,0022200926,2023-02-28,DEN @ HOU,W,28,7,11,0.636,0,0,0.0,0,1,0.0,5,6,11,10,0,0,4,2,14,31,1,2022,Regular Season
22022,203999,0022200918,2023-02-26,DEN vs. LAC,W,42,14,21,0.667,0,1,0.0,12,15,0.8,8,9,17,10,3,0,1,2,40,11,1,2022,Regular Season
22022,203999,0022200907,2023-02-25,DEN @ MEM,L,27,7,11,0.636,0,0,0.0,1,1,1.0,3,10,13,3,0,0,3,1,15,-20,1,2022,Regular Season
22022,203999,0022200886,2023-02-23,DEN @ CLE,W,36,8,13,0.615,2,2,1.0,6,6,1.0,7,11,18,13,2,0,7,3,24,14,1,2022,Regular Season
22022,203999,0022200881,2023-02-15,DEN vs. DAL,W,34,6,9,0.667,0,0,0.0,2,3,0.667,1,12,13,10,1,1,5,2,14,9,1,2022,Regular Season
22022,203999,0022200861,2023-02-13,DEN @ MIA,W,34,12,14,0.857,0,0,0.0,3,3,1.0,0,12,12,8,0,0,0,3,27,5,1,2022,Regular Season
22022,203999,0022200847,2023-02-11,DEN @ CHA,W,34,11,22,0.5,0,0,0.0,8,9,0.889,7,9,16,10,0,2,4,1,30,22,1,2022,Regular Season
22022,203999,0022200831,2023-02-09,DEN @ ORL,L,38,10,19,0.526,3,5,0.6,6,9,0.667,2,10,12,6,1,2,7,3,29,8,1,2022,Regular Season
22022,203999,0022200820,2023-02-07,DEN vs. MIN,W,28,8,10,0.8,0,1,0.0,4,5,0.8,1,11,12,16,1,1,1,1,20,40,1,2022,Regular Season
22022,203999,0022200801,2023-02-04,DEN vs. ATL,W,34,5,8,0.625,0,1,0.0,4,5,0.8,3,15,18,10,1,2,5,3,14,20,1,2022,Regular Season
22022,203999,0022200783,2023-02-02,DEN vs. GSW,W,33,9,13,0.692,0,0,0.0,4,5,0.8,2,12,14,16,1,1,3,0,22,26,1,2022,Regular Season
22022,203999,0022200768,2023-01-31,DEN vs. NOP,W,38,10,14,0.714,1,3,0.333,5,5,1.0,1,17,18,15,1,1,5,2,26,20,1,2022,Regular Season
22022,203999,0022200741,2023-01-28,DEN @ PHI,L,38,8,12,0.667,2,2,1.0,6,6,1.0,1,7,8,9,0,2,7,2,24,-1,1,2022,Regular Season
22022,203999,0022200716,2023-01-24,DEN @ NOP,W,36,11,15,0.733,2,4,0.5,1,2,0.5,2,9,11,10,1,0,3,2,25,-6,1,2022,Regular Season
22022,203999,0022200676,2023-01-18,DEN vs. MIN,W,31,12,20,0.6,0,0,0.0,7,7,1.0,4,7,11,13,1,0,3,5,31,21,1,2022,Regular Season
22022,203999,0022200667,2023-01-17,DEN vs. POR,W,34,13,14,0.929,1,2,0.5,9,10,0.9,2,10,12,10,1,1,4,2,36,19,1,2022,Regular Season
22022,203999,0022200653,2023-01-15,DEN vs. ORL,W,35,8,11,0.727,1,4,0.25,0,0,0.0,0,10,10,14,2,1,4,3,17,16,1,2022,Regular Season
22022,203999,0022200624,2023-01-11,DEN vs. PHX,W,28,10,15,0.667,0,0,0.0,1,3,0.333,4,14,18,9,1,0,3,3,21,17,1,2022,Regular Season
22022,203999,0022200609,2023-01-09,DEN vs. LAL,W,35,5,5,1.0,1,1,1.0,3,3,1.0,2,9,11,16,1,1,4,2,14,10,1,2022,Regular Season
22022,203999,0022200588,2023-01-06,DEN vs. CLE,W,35,10,17,0.588,3,4,0.75,5,5,1.0,4,11,15,10,2,0,4,4,28,18,1,2022,Regular Season
22022,203999,0022200579,2023-01-05,DEN vs. LAC,W,24,4,8,0.5,0,1,0.0,4,5,0.8,0,6,6,9,1,0,2,0,12,18,1,2022,Regular Season
22022,203999,0022200557,2023-01-02,DEN @ MIN,L,33,10,20,0.5,1,3,0.333,3,4,0.75,1,6,7,9,2,0,5,4,24,-9,1,2022,Regular Season
22022,203999,0022200549,2023-01-01,DEN vs. BOS,W,32,10,13,0.769,2,2,1.0,8,8,1.0,0,12,12,12,1,0,0,1,30,14,1,2022,Regular Season
22022,203999,0022200535,2022-12-30,DEN vs. MIA,W,36,8,15,0.533,2,3,0.667,1,1,1.0,1,11,12,12,1,1,3,3,19,14,1,2022,Regular Season
22022,203999,0022200522,2022-12-28,DEN @ SAC,L,32,15,24,0.625,0,3,0.0,10,10,1.0,1,6,7,6,1,1,5,3,40,-1,1,2022,Regular Season
22022,203999,0022200514,2022-12-27,DEN @ SAC,W,37,7,10,0.7,0,0,0.0,6,6,1.0,0,9,9,11,1,0,0,3,20,13,1,2022,Regular Season
22022,203999,0022200497,2022-12-25,DEN vs. PHX,W,44,16,25,0.64,2,4,0.5,7,9,0.778,4,11,15,15,0,1,3,4,41,12,1,2022,Regular Season
22022,203999,0022200489,2022-12-23,DEN vs. POR,W,36,12,21,0.571,0,0,0.0,5,8,0.625,2,6,8,11,2,0,2,4,29,9,1,2022,Regular Season
22022,203999,0022200465,2022-12-20,DEN vs. MEM,W,37,6,12,0.5,1,1,1.0,0,1,0.0,4,9,13,13,2,0,4,1,13,13,1,2022,Regular Season
22022,203999,0022200450,2022-12-18,DEN vs. CHA,W,40,13,26,0.5,2,4,0.5,12,17,0.706,7,20,27,10,2,0,5,4,40,20,1,2022,Regular Season
22022,203999,0022200437,2022-12-16,DEN @ LAL,L,35,8,15,0.533,1,3,0.333,8,9,0.889,2,9,11,8,4,0,5,3,25,-14,1,2022,Regular Season
22022,203999,0022200422,2022-12-14,DEN vs. WAS,W,33,17,20,0.85,0,2,0.0,9,10,0.9,2,12,14,8,5,1,8,2,43,28,1,2022,Regular Season
22022,203999,0022200393,2022-12-10,DEN vs. UTA,W,35,11,20,0.55,1,4,0.25,8,10,0.8,3,9,12,14,1,4,3,3,31,10,1,2022,Regular Season
22022,203999,0022200376,2022-12-08,DEN @ POR,W,34,14,25,0.56,1,3,0.333,4,6,0.667,3,7,10,9,0,1,6,1,33,-8,1,2022,Regular Season
22022,203999,0022200362,2022-12-06,DEN vs. DAL,L,34,7,13,0.538,0,3,0.0,5,6,0.833,0,8,8,8,1,0,3,1,19,2,1,2022,Regular Season
22022,203999,0022200344,2022-12-04,DEN @ NOP,L,37,13,19,0.684,1,4,0.25,5,9,0.556,4,12,16,9,2,1,4,4,32,1,1,2022,Regular Season
22022,203999,0022200327,2022-12-02,DEN @ ATL,L,35,10,15,0.667,3,6,0.5,1,4,0.25,1,9,10,8,1,0,2,2,24,-8,1,2022,Regular Season
22022,203999,0022200320,2022-11-30,DEN vs. HOU,W,28,7,9,0.778,2,3,0.667,1,1,1.0,1,8,9,12,1,1,4,5,17,10,1,2022,Regular Season
22022,203999,0022200305,2022-11-28,DEN vs. HOU,W,27,11,17,0.647,1,2,0.5,9,10,0.9,6,6,12,8,0,0,3,2,32,8,1,2022,Regular Season
22022,203999,0022200285,2022-11-25,DEN @ LAC,W,32,7,13,0.538,0,1,0.0,5,7,0.714,2,11,13,6,2,1,2,3,19,19,1,2022,Regular Season
22022,203999,0022200268,2022-11-23,DEN @ OKC,W,43,11,15,0.733,1,3,0.333,16,18,0.889,3,7,10,9,0,0,4,5,39,11,1,2022,Regular Season
22022,203999,0022200258,2022-11-22,DEN vs. DET,L,37,12,16,0.75,0,0,0.0,7,11,0.636,2,7,9,10,1,1,5,3,31,13,1,2022,Regular Season
22022,203999,0022200196,2022-11-13,DEN @ CHI,W,28,4,4,1.0,0,0,0.0,0,0,0.0,0,6,6,14,3,0,2,0,8,29,1,2022,Regular Season
22022,203999,0022200176,2022-11-11,DEN @ BOS,L,30,12,20,0.6,2,4,0.5,3,4,0.75,3,5,8,3,0,0,2,4,29,-14,1,2022,Regular Season
22022,203999,0022200160,2022-11-09,DEN @ IND,W,21,10,20,0.5,1,3,0.333,3,3,1.0,1,3,4,6,2,1,1,5,24,11,1,2022,Regular Season
22022,203999,0022200154,2022-11-07,DEN @ SAS,W,34,11,20,0.55,0,1,0.0,4,5,0.8,1,7,8,10,2,3,4,2,26,15,1,2022,Regular Season
22022,203999,0022200138,2022-11-05,DEN vs. SAS,W,27,9,10,0.9,1,1,1.0,2,2,1.0,0,6,6,10,2,0,4,2,21,20,1,2022,Regular Season
22022,203999,0022200119,2022-11-03,DEN @ OKC,W,36,6,9,0.667,0,0,0.0,3,3,1.0,0,13,13,14,1,0,10,3,15,15,1,2022,Regular Season
22022,203999,0022200095,2022-10-30,DEN @ LAL,L,36,8,16,0.5,1,5,0.2,6,7,0.857,4,10,14,6,0,2,2,0,23,0,1,2022,Regular Season
22022,203999,0022200078,2022-10-28,DEN vs. UTA,W,25,3,10,0.3,0,4,0.0,6,8,0.75,3,7,10,6,1,1,1,1,12,8,1,2022,Regular Season
22022,203999,0022200064,2022-10-26,DEN vs. LAL,W,35,12,17,0.706,0,4,0.0,7,7,1.0,1,12,13,9,4,0,3,3,31,28,1,2022,Regular Season
22022,203999,0022200051,2022-10-24,DEN @ POR,L,27,3,4,0.75,0,0,0.0,3,3,1.0,1,8,9,9,0,0,1,5,9,-10,1,2022,Regular Season
22022,203999,0022200035,2022-10-22,DEN vs. OKC,W,39,6,10,0.6,1,1,1.0,6,9,0.667,1,15,16,13,1,1,3,2,19,18,1,2022,Regular Season
22022,203999,0022200026,2022-10-21,DEN @ GSW,W,34,7,13,0.538,1,2,0.5,11,11,1.0,3,9,12,10,0,0,5,4,26,-3,1,2022,Regular Season
22022,203999,0022200012,2022-10-19,DEN @ UTA,L,33,12,17,0.706,1,3,0.333,2,2,1.0,2,2,4,6,3,0,3,4,27,-5,1,2022,Regular Season
42021,203999,0042100165,2022-04-27,DEN @ GSW,L,32,12,18,0.667,0,2,0.0,6,8,0.75,3,16,19,8,1,2,6,5,30,0,1,2021,Playoffs
42021,203999,0042100164,2022-04-24,DEN vs. GSW,W,38,14,21,0.667,3,5,0.6,6,6,1.0,1,7,8,6,0,0,7,3,37,-2,1,2021,Playoffs
42021,203999,0042100163,2022-04-21,DEN vs. GSW,L,38,14,22,0.636,2,3,0.667,7,9,0.778,4,14,18,5,3,0,5,3,37,3,1,2021,Playoffs
42021,203999,0042100162,2022-04-18,DEN @ GSW,L,28,9,20,0.45,0,4,0.0,8,8,1.0,5,6,11,4,1,2,3,5,26,-26,1,2021,Playoffs
42021,203999,0042100161,2022-04-16,DEN @ GSW,L,35,12,25,0.48,0,4,0.0,1,2,0.5,4,6,10,6,3,1,3,4,25,-19,1,2021,Playoffs
22021,203999,0022101201,2022-04-07,DEN vs. MEM,W,35,16,24,0.667,1,3,0.333,2,2,1.0,3,13,16,6,4,1,3,2,35,37,1,2021,Regular Season
22021,203999,0022101186,2022-04-05,DEN vs. SAS,L,40,18,35,0.514,1,5,0.2,4,6,0.667,2,15,17,4,2,0,2,3,41,-11,1,2021,Regular Season
22021,203999,0022101168,2022-04-03,DEN @ LAL,W,33,15,22,0.682,0,3,0.0,8,11,0.727,1,17,18,6,2,2,7,3,38,7,1,2021,Regular Season
22021,203999,0022101159,2022-04-01,DEN vs. MIN,L,43,14,21,0.667,0,2,0.0,10,12,0.833,5,14,19,8,1,0,4,2,38,7,1,2021,Regular Season
22021,203999,0022101137,2022-03-30,DEN @ IND,W,36,15,19,0.789,0,0,0.0,7,8,0.875,3,10,13,9,2,1,7,3,37,11,1,2021,Regular Season
22021,203999,0022101122,2022-03-28,DEN @ CHA,W,35,9,17,0.529,0,0,0.0,8,12,0.667,5,14,19,11,2,0,4,1,26,21,1,2021,Regular Season
22021,203999,0022101113,2022-03-26,DEN vs. OKC,W,35,13,15,0.867,0,1,0.0,9,10,0.9,2,10,12,8,2,2,3,4,35,19,1,2021,Regular Season
22021,203999,0022101099,2022-03-24,DEN vs. PHX,L,32,9,10,0.9,1,2,0.5,9,11,0.818,2,4,6,6,3,0,8,2,28,-15,1,2021,Regular Season
22021,203999,0022101083,2022-03-22,DEN vs. LAC,W,34,9,15,0.6,0,2,0.0,12,13,0.923,1,13,14,6,2,3,1,5,30,10,1,2021,Regular Season
22021,203999,0022101068,2022-03-20,DEN vs. BOS,L,33,8,23,0.348,2,6,0.333,5,6,0.833,4,4,8,4,1,1,2,2,23,-21,1,2021,Regular Season
22021,203999,0022101049,2022-03-18,DEN @ CLE,L,38,15,24,0.625,0,4,0.0,2,2,1.0,5,5,10,8,2,1,4,3,32,-16,1,2021,Regular Season
22021,203999,0022101035,2022-03-16,DEN @ WAS,W,26,10,14,0.714,2,2,1.0,7,7,1.0,2,11,13,8,2,1,3,2,29,16,1,2021,Regular Season
22021,203999,0022101022,2022-03-14,DEN @ PHI,W,34,8,16,0.5,1,3,0.333,5,7,0.714,1,12,13,8,2,2,5,1,22,-9,1,2021,Regular Season
22021,203999,0022101009,2022-03-12,DEN vs. TOR,L,31,9,13,0.692,0,0,0.0,8,9,0.889,4,6,10,7,0,2,3,2,26,-4,1,2021,Regular Season
22021,203999,0022100994,2022-03-10,DEN vs. GSW,L,32,9,21,0.429,0,8,0.0,5,6,0.833,1,11,12,9,1,1,5,4,23,-7,1,2021,Regular Season
22021,203999,0022100991,2022-03-09,DEN @ SAC,W,35,15,24,0.625,0,2,0.0,8,9,0.889,3,15,18,7,1,2,3,4,38,6,1,2021,Regular Season
22021,203999,0022100528,2022-03-07,DEN vs. GSW,W,35,12,17,0.706,0,0,0.0,8,14,0.571,3,12,15,13,0,1,3,3,32,14,1,2021,Regular Season
22021,203999,0022100967,2022-03-06,DEN vs. NOP,W,43,16,22,0.727,3,5,0.6,11,12,0.917,3,9,12,11,3,4,5,3,46,22,1,2021,Regular Season
22021,203999,0022100938,2022-03-02,DEN vs. OKC,L,33,10,17,0.588,0,4,0.0,2,2,1.0,4,12,16,4,2,0,6,2,22,-27,1,2021,Regular Season
22021,203999,0022100918,2022-02-27,DEN @ POR,W,26,3,5,0.6,0,1,0.0,2,2,1.0,1,17,18,11,1,0,2,2,8,6,1,2021,Regular Season
22021,203999,0022100911,2022-02-26,DEN vs. SAC,W,34,6,16,0.375,0,5,0.0,6,8,0.75,2,8,10,11,0,0,2,5,18,-5,1,2021,Regular Season
22021,203999,0022100895,2022-02-24,DEN @ SAC,W,34,9,15,0.6,2,4,0.5,5,7,0.714,1,11,12,9,4,1,2,3,25,17,1,2021,Regular Season
22021,203999,0022100883,2022-02-16,DEN @ GSW,W,34,13,24,0.542,3,5,0.6,6,9,0.667,5,12,17,8,1,0,5,3,35,6,1,2021,Regular Season
22021,203999,0022100864,2022-02-14,DEN vs. ORL,W,35,10,26,0.385,3,9,0.333,3,3,1.0,5,10,15,7,1,0,5,2,26,7,1,2021,Regular Season
22021,203999,0022100850,2022-02-12,DEN @ TOR,W,35,10,16,0.625,0,2,0.0,8,10,0.8,5,10,15,6,0,2,4,1,28,3,1,2021,Regular Season
22021,203999,0022100842,2022-02-11,DEN @ BOS,L,34,9,20,0.45,3,10,0.3,2,4,0.5,5,11,16,11,0,2,9,2,23,3,1,2021,Regular Season
22021,203999,0022100821,2022-02-08,DEN vs. NYK,W,30,8,14,0.571,0,3,0.0,5,7,0.714,3,8,11,7,0,0,6,2,21,1,1,2021,Regular Season
22021,203999,0022100804,2022-02-06,DEN vs. BKN,W,30,12,15,0.8,0,2,0.0,3,4,0.75,1,11,12,10,2,1,2,1,27,27,1,2021,Regular Season
22021,203999,0022100794,2022-02-04,DEN vs. NOP,L,35,7,10,0.7,3,3,1.0,8,8,1.0,2,10,12,9,2,0,4,4,25,-6,1,2021,Regular Season
22021,203999,0022100770,2022-02-01,DEN @ MIN,L,30,6,12,0.5,1,4,0.25,8,9,0.889,2,14,16,8,1,0,5,3,21,-7,1,2021,Regular Season
22021,203999,0022100756,2022-01-30,DEN @ MIL,W,28,7,9,0.778,2,4,0.5,2,2,1.0,0,10,10,15,3,1,5,1,18,24,1,2021,Regular Season
22021,203999,0022100729,2022-01-28,DEN @ NOP,W,30,11,19,0.579,3,6,0.5,4,4,1.0,3,10,13,10,2,0,6,5,29,15,1,2021,Regular Season
22021,203999,0022100453,2022-01-26,DEN @ BKN,W,35,8,13,0.615,2,2,1.0,8,8,1.0,2,8,10,8,1,0,2,5,26,6,1,2021,Regular Season
22021,203999,0022100714,2022-01-25,DEN @ DET,W,34,9,20,0.45,3,8,0.375,7,7,1.0,3,18,21,9,1,0,3,2,28,14,1,2021,Regular Season
22021,203999,0022100707,2022-01-23,DEN vs. DET,W,36,12,19,0.632,1,6,0.167,9,10,0.9,2,7,9,8,2,1,3,1,34,13,1,2021,Regular Season
22021,203999,0022100692,2022-01-21,DEN vs. MEM,L,40,11,16,0.688,2,4,0.5,2,3,0.667,3,8,11,12,2,1,0,3,26,0,1,2021,Regular Season
22021,203999,0022100678,2022-01-19,DEN vs. LAC,W,41,16,25,0.64,3,5,0.6,14,16,0.875,7,7,14,10,3,1,5,4,49,15,1,2021,Regular Season
22021,203999,0022100653,2022-01-16,DEN vs. UTA,L,37,10,18,0.556,2,5,0.4,3,3,1.0,3,12,15,14,2,0,3,5,25,5,1,2021,Regular Season
22021,203999,0022100649,2022-01-15,DEN vs. LAL,W,28,7,12,0.583,1,2,0.5,2,2,1.0,2,10,12,13,1,0,3,1,17,16,1,2021,Regular Season
22021,203999,0022100631,2022-01-13,DEN vs. POR,W,28,8,10,0.8,1,2,0.5,3,3,1.0,0,8,8,7,0,2,3,2,20,18,1,2021,Regular Season
22021,203999,0022100616,2022-01-11,DEN @ LAC,L,37,9,14,0.643,1,3,0.333,2,2,1.0,5,8,13,8,1,0,5,2,21,6,1,2021,Regular Season
22021,203999,0022100601,2022-01-09,DEN @ OKC,W,33,8,21,0.381,1,3,0.333,5,5,1.0,8,10,18,6,1,0,2,0,22,10,1,2021,Regular Season
22021,203999,0022100588,2022-01-07,DEN vs. SAC,W,34,13,20,0.65,3,6,0.5,4,8,0.5,1,9,10,7,2,2,2,3,33,0,1,2021,Regular Season
22021,203999,0022100575,2022-01-05,DEN vs. UTA,L,37,10,17,0.588,1,3,0.333,5,6,0.833,2,19,21,11,0,2,5,2,26,-1,1,2021,Regular Season
22021,203999,0022100558,2022-01-03,DEN @ DAL,L,35,11,18,0.611,1,4,0.25,4,4,1.0,4,12,16,3,2,0,3,3,27,-6,1,2021,Regular Season
22021,203999,0022100543,2022-01-01,DEN @ HOU,W,25,8,12,0.667,1,2,0.5,7,9,0.778,1,10,11,3,0,1,4,4,24,7,1,2021,Regular Season
22021,203999,0022100514,2021-12-28,DEN @ GSW,W,35,8,19,0.421,0,5,0.0,6,8,0.75,5,14,19,5,4,1,8,2,22,6,1,2021,Regular Season
22021,203999,0022100500,2021-12-26,DEN @ LAC,W,38,9,24,0.375,1,3,0.333,7,7,1.0,6,16,22,8,2,2,4,4,26,-7,1,2021,Regular Season
22021,203999,0022100482,2021-12-23,DEN vs. CHA,L,35,13,34,0.382,1,6,0.167,2,3,0.667,6,15,21,5,2,0,6,0,29,2,1,2021,Regular Season
22021,203999,0022100474,2021-12-22,DEN @ OKC,L,25,5,9,0.556,1,4,0.25,2,2,1.0,0,7,7,3,0,2,3,0,13,-15,1,2021,Regular Season
22021,203999,0022100434,2021-12-17,DEN @ ATL,W,26,8,12,0.667,1,2,0.5,3,3,1.0,2,8,10,7,3,0,3,5,20,13,1,2021,Regular Season
22021,203999,0022100424,2021-12-15,DEN vs. MIN,L,35,11,16,0.688,2,4,0.5,3,5,0.6,2,8,10,11,1,0,4,4,27,-17,1,2021,Regular Season
22021,203999,0022100411,2021-12-13,DEN vs. WAS,W,31,9,14,0.643,1,2,0.5,9,11,0.818,2,17,19,9,3,1,4,0,28,21,1,2021,Regular Season
22021,203999,0022100397,2021-12-11,DEN @ SAS,W,34,15,24,0.625,4,6,0.667,1,1,1.0,2,15,17,8,1,2,5,3,35,32,1,2021,Regular Season
22021,203999,0022100381,2021-12-09,DEN @ SAS,L,35,8,19,0.421,2,8,0.25,4,4,1.0,2,11,13,10,2,1,2,3,22,-5,1,2021,Regular Season
22021,203999,0022100375,2021-12-08,DEN @ NOP,W,37,17,23,0.739,0,3,0.0,5,9,0.556,1,10,11,11,1,0,6,2,39,4,1,2021,Regular Season
22021,203999,0022100357,2021-12-06,DEN @ CHI,L,36,6,17,0.353,1,5,0.2,4,6,0.667,1,11,12,15,2,0,3,2,17,7,1,2021,Regular Season
22021,203999,0022100342,2021-12-04,DEN @ NYK,W,27,14,19,0.737,3,7,0.429,1,1,1.0,3,8,11,5,0,0,4,0,32,12,1,2021,Regular Season
22021,203999,0022100320,2021-12-01,DEN @ ORL,L,36,7,19,0.368,0,5,0.0,4,5,0.8,1,14,15,7,1,0,5,1,18,2,1,2021,Regular Season
22021,203999,0022100306,2021-11-29,DEN @ MIA,W,33,9,14,0.643,1,2,0.5,5,6,0.833,3,12,15,7,1,0,1,2,24,17,1,2021,Regular Season
22021,203999,0022100228,2021-11-18,DEN vs. PHI,L,35,10,17,0.588,3,4,0.75,7,9,0.778,1,9,10,7,0,1,1,3,30,-5,1,2021,Regular Season
22021,203999,0022100204,2021-11-15,DEN @ DAL,L,37,15,26,0.577,2,6,0.333,3,6,0.5,3,13,16,6,0,2,3,1,35,-1,1,2021,Regular Season
22021,203999,0022100197,2021-11-14,DEN vs. POR,W,28,11,17,0.647,3,3,1.0,3,3,1.0,2,7,9,9,0,0,3,2,28,9,1,2021,Regular Season
22021,203999,0022100182,2021-11-12,DEN vs. ATL,W,35,10,22,0.455,1,8,0.125,1,4,0.25,5,14,19,10,1,0,2,5,22,19,1,2021,Regular Season
22021,203999,0022100151,2021-11-08,DEN vs. MIA,W,33,10,14,0.714,0,0,0.0,5,8,0.625,4,11,15,10,2,2,2,3,25,14,1,2021,Regular Season
22021,203999,0022100133,2021-11-06,DEN vs. HOU,W,36,9,15,0.6,1,3,0.333,9,11,0.818,2,12,14,2,2,1,5,5,28,7,1,2021,Regular Season
22021,203999,0022100114,2021-11-03,DEN @ MEM,L,35,11,20,0.55,2,5,0.4,10,10,1.0,2,9,11,5,2,0,2,3,34,-3,1,2021,Regular Season
22021,203999,0022100100,2021-11-01,DEN @ MEM,L,33,9,15,0.6,2,6,0.333,3,4,0.75,1,6,7,7,0,4,3,2,23,0,1,2021,Regular Season
22021,203999,0022100087,2021-10-30,DEN @ MIN,W,37,10,23,0.435,3,8,0.375,3,4,0.75,5,14,19,7,1,2,7,2,26,17,1,2021,Regular Season
22021,203999,0022100075,2021-10-29,DEN vs. DAL,W,25,5,9,0.556,1,3,0.333,0,0,0.0,2,14,16,8,1,0,1,4,11,26,1,2021,Regular Season
22021,203999,0022100054,2021-10-26,DEN @ UTA,L,15,8,9,0.889,3,3,1.0,5,7,0.714,1,5,6,6,0,0,1,1,24,7,1,2021,Regular Season
22021,203999,0022100048,2021-10-25,DEN vs. CLE,L,35,9,15,0.6,1,4,0.25,5,6,0.833,3,16,19,3,3,0,6,3,24,-12,1,2021,Regular Season
22021,203999,0022100024,2021-10-22,DEN vs. SAS,W,34,14,19,0.737,2,2,1.0,2,3,0.667,5,11,16,7,3,1,6,4,32,14,1,2021,Regular Season
22021,203999,0022100012,2021-10-20,DEN @ PHX,W,35,13,22,0.591,1,6,0.167,0,0,0.0,2,11,13,2,2,0,3,3,27,28,1,2021,Regular Season
42020,203999,0042000234,2021-06-13,DEN vs. PHX,L,28,9,17,0.529,1,4,0.25,3,4,0.75,2,9,11,4,0,1,0,2,22,-11,1,2020,Playoffs
42020,203999,0042000233,2021-06-11,DEN vs. PHX,L,40,13,29,0.448,1,6,0.167,5,9,0.556,10,10,20,10,0,1,2,2,32,-10,1,2020,Playoffs
42020,203999,0042000232,2021-06-09,DEN @ PHX,L,30,9,17,0.529,1,3,0.333,5,6,0.833,4,9,13,6,1,0,2,1,24,-14,1,2020,Playoffs
42020,203999,0042000231,2021-06-07,DEN @ PHX,L,36,10,23,0.435,2,5,0.4,0,0,0.0,2,7,9,3,2,3,4,2,22,-13,1,2020,Playoffs
42020,203999,0042000166,2021-06-03,DEN @ POR,W,36,13,22,0.591,2,4,0.5,8,8,1.0,1,7,8,6,1,0,5,3,36,15,1,2020,Playoffs
42020,203999,0042000165,2021-06-01,DEN vs. POR,W,46,14,31,0.452,3,9,0.333,7,8,0.875,3,8,11,9,1,4,2,1,38,-2,1,2020,Playoffs
42020,203999,0042000164,2021-05-29,DEN @ POR,L,27,7,18,0.389,1,4,0.25,1,2,0.5,3,6,9,1,0,0,2,3,16,-32,1,2020,Playoffs
42020,203999,0042000163,2021-05-27,DEN @ POR,W,35,12,24,0.5,4,7,0.571,8,8,1.0,6,5,11,5,0,0,2,3,36,10,1,2020,Playoffs
42020,203999,0042000162,2021-05-24,DEN vs. POR,W,31,15,20,0.75,2,4,0.5,6,6,1.0,3,5,8,5,1,0,4,5,38,12,1,2020,Playoffs
42020,203999,0042000161,2021-05-22,DEN vs. POR,L,35,14,27,0.519,3,7,0.429,3,4,0.75,3,13,16,1,0,0,1,1,34,-13,1,2020,Playoffs
22020,203999,0022001076,2021-05-16,DEN @ POR,L,17,9,17,0.529,0,3,0.0,3,3,1.0,1,2,3,2,1,0,1,3,21,-13,1,2020,Regular Season
22020,203999,0022001054,2021-05-14,DEN @ DET,W,26,7,11,0.636,0,0,0.0,6,7,0.857,3,12,15,11,0,0,1,2,20,18,1,2020,Regular Season
22020,203999,0022001052,2021-05-13,DEN @ MIN,W,32,14,21,0.667,0,3,0.0,3,3,1.0,6,8,14,4,1,1,2,2,31,8,1,2020,Regular Season
22020,203999,0022000448,2021-05-11,DEN @ CHA,W,33,7,16,0.438,0,2,0.0,16,17,0.941,2,9,11,6,0,0,2,2,30,12,1,2020,Regular Season
22020,203999,0022001015,2021-05-08,DEN vs. BKN,L,37,10,21,0.476,0,5,0.0,9,9,1.0,3,4,7,6,0,0,5,3,29,3,1,2020,Regular Season
22020,203999,0022001008,2021-05-07,DEN @ UTA,L,35,9,11,0.818,2,2,1.0,4,4,1.0,2,7,9,13,0,1,5,5,24,-4,1,2020,Regular Season
22020,203999,0022000995,2021-05-05,DEN vs. NYK,W,29,10,16,0.625,0,2,0.0,12,15,0.8,3,9,12,6,2,2,4,3,32,15,1,2020,Regular Season
22020,203999,0022000982,2021-05-03,DEN @ LAL,L,36,12,28,0.429,1,4,0.25,7,8,0.875,3,6,9,5,2,1,2,4,32,3,1,2020,Regular Season
22020,203999,0022000966,2021-05-01,DEN @ LAC,W,33,9,17,0.529,2,6,0.333,10,10,1.0,2,12,14,7,0,1,0,4,30,-3,1,2020,Regular Season
22020,203999,0022000948,2021-04-29,DEN vs. TOR,W,28,8,13,0.615,2,3,0.667,1,1,1.0,4,7,11,2,1,0,1,1,19,-4,1,2020,Regular Season
22020,203999,0022000940,2021-04-28,DEN vs. NOP,W,36,12,20,0.6,2,4,0.5,6,8,0.75,0,7,7,8,3,3,6,1,32,7,1,2020,Regular Season
22020,203999,0022000925,2021-04-26,DEN vs. MEM,W,30,6,12,0.5,2,3,0.667,10,10,1.0,1,14,15,5,2,0,6,3,24,11,1,2020,Regular Season
22020,203999,0022000910,2021-04-24,DEN vs. HOU,W,29,10,14,0.714,0,0,0.0,4,6,0.667,0,8,8,12,1,1,4,4,24,10,1,2020,Regular Season
22020,203999,0022000903,2021-04-23,DEN @ GSW,L,33,7,16,0.438,0,3,0.0,5,5,1.0,0,6,6,6,0,0,1,2,19,-18,1,2020,Regular Season
22020,203999,0022000890,2021-04-21,DEN @ POR,W,36,9,18,0.5,1,6,0.167,6,7,0.857,4,5,9,5,0,1,4,0,25,3,1,2020,Regular Season
22020,203999,0022000874,2021-04-19,DEN vs. MEM,W,45,20,31,0.645,2,6,0.333,5,6,0.833,7,8,15,8,0,1,7,3,47,3,1,2020,Regular Season
22020,203999,0022000851,2021-04-16,DEN @ HOU,W,27,10,12,0.833,1,1,1.0,8,9,0.889,6,10,16,7,2,0,0,3,29,9,1,2020,Regular Season
22020,203999,0022000838,2021-04-14,DEN vs. MIA,W,32,6,14,0.429,1,2,0.5,4,5,0.8,4,6,10,11,1,2,2,3,17,7,1,2020,Regular Season
22020,203999,0022000821,2021-04-12,DEN @ GSW,L,37,10,21,0.476,1,5,0.2,6,8,0.75,4,8,12,8,1,1,4,1,27,-14,1,2020,Regular Season
22020,203999,0022000806,2021-04-11,DEN vs. BOS,L,32,6,15,0.4,0,2,0.0,5,7,0.714,2,8,10,11,1,1,2,3,17,9,1,2020,Regular Season
22020,203999,0022000797,2021-04-09,DEN vs. SAS,W,38,9,17,0.529,2,2,1.0,6,6,1.0,5,8,13,14,1,0,6,4,26,7,1,2020,Regular Season
22020,203999,0022000782,2021-04-07,DEN vs. SAS,W,30,11,18,0.611,0,2,0.0,3,4,0.75,1,8,9,10,1,0,6,0,25,5,1,2020,Regular Season
22020,203999,0022000321,2021-04-06,DEN vs. DET,W,27,13,16,0.813,0,0,0.0,1,2,0.5,2,6,8,11,1,1,1,3,27,9,1,2020,Regular Season
22020,203999,0022000761,2021-04-04,DEN vs. ORL,W,38,5,11,0.455,0,1,0.0,7,9,0.778,2,7,9,16,1,0,4,4,17,15,1,2020,Regular Season
22020,203999,0022000736,2021-04-01,DEN @ LAC,W,36,6,16,0.375,2,3,0.667,0,0,0.0,1,6,7,7,0,1,4,3,14,13,1,2020,Regular Season
22020,203999,0022000719,2021-03-30,DEN vs. PHI,W,34,8,14,0.571,0,1,0.0,5,6,0.833,3,7,10,5,0,0,5,1,21,8,1,2020,Regular Season
22020,203999,0022000705,2021-03-28,DEN vs. ATL,W,28,7,12,0.583,1,2,0.5,1,2,0.5,3,7,10,8,1,2,0,0,16,20,1,2020,Regular Season
22020,203999,0022000689,2021-03-26,DEN @ NOP,W,41,17,30,0.567,3,5,0.6,0,0,0.0,2,4,6,9,2,1,1,3,37,23,1,2020,Regular Season
22020,203999,0022000668,2021-03-24,DEN @ TOR,L,30,8,14,0.571,0,2,0.0,4,4,1.0,4,6,10,5,1,0,4,1,20,-13,1,2020,Regular Season
22020,203999,0022000661,2021-03-23,DEN @ ORL,W,36,11,17,0.647,2,4,0.5,4,4,1.0,4,11,15,10,2,1,3,2,28,11,1,2020,Regular Season
22020,203999,0022000646,2021-03-21,DEN vs. NOP,L,35,13,19,0.684,3,4,0.75,0,0,0.0,3,7,10,10,1,1,5,3,29,3,1,2020,Regular Season
22020,203999,0022000637,2021-03-19,DEN vs. CHI,W,42,14,23,0.609,2,4,0.5,4,6,0.667,5,10,15,9,2,1,1,4,34,5,1,2020,Regular Season
22020,203999,0022000624,2021-03-17,DEN vs. CHA,W,29,6,7,0.857,0,0,0.0,0,0,0.0,2,8,10,10,0,0,3,2,12,27,1,2020,Regular Season
22020,203999,0022000606,2021-03-15,DEN vs. IND,W,34,11,25,0.44,2,4,0.5,8,10,0.8,6,8,14,5,4,1,1,2,32,-9,1,2020,Regular Season
22020,203999,0022000592,2021-03-13,DEN vs. DAL,L,36,10,20,0.5,1,5,0.2,5,6,0.833,2,7,9,11,0,0,4,0,26,-12,1,2020,Regular Season
22020,203999,0022000580,2021-03-12,DEN @ MEM,W,36,13,22,0.591,1,2,0.5,1,2,0.5,2,13,15,7,2,0,1,1,28,-3,1,2020,Regular Season
22020,203999,0022000553,2021-03-04,DEN @ IND,W,37,9,18,0.5,1,2,0.5,1,2,0.5,2,10,12,8,0,0,7,2,20,-3,1,2020,Regular Season
22020,203999,0022000540,2021-03-02,DEN @ MIL,W,36,15,23,0.652,2,3,0.667,5,5,1.0,4,6,10,11,2,0,2,1,37,18,1,2020,Regular Season
22020,203999,0022000531,2021-03-01,DEN @ CHI,W,38,17,28,0.607,0,3,0.0,5,5,1.0,2,12,14,9,1,2,1,4,39,12,1,2020,Regular Season
22020,203999,0022000518,2021-02-27,DEN @ OKC,W,30,8,10,0.8,1,2,0.5,2,2,1.0,1,10,11,13,2,0,0,3,19,34,1,2020,Regular Season
22020,203999,0022000502,2021-02-25,DEN vs. WAS,L,38,9,18,0.5,3,4,0.75,3,3,1.0,2,9,11,7,1,2,1,3,24,-2,1,2020,Regular Season
22020,203999,0022000487,2021-02-23,DEN vs. POR,W,38,17,32,0.531,3,6,0.5,4,4,1.0,3,2,5,5,1,0,0,1,41,0,1,2020,Regular Season
22020,203999,0022000470,2021-02-21,DEN @ ATL,L,37,5,15,0.333,2,5,0.4,3,4,0.75,2,8,10,6,3,0,4,5,15,-7,1,2020,Regular Season
22020,203999,0022000563,2021-02-19,DEN @ CLE,W,33,5,8,0.625,1,2,0.5,5,5,1.0,2,10,12,10,4,1,3,2,16,13,1,2020,Regular Season
22020,203999,0022000437,2021-02-17,DEN @ WAS,L,37,12,21,0.571,3,5,0.6,6,6,1.0,1,6,7,9,2,0,3,4,33,5,1,2020,Regular Season
22020,203999,0022000427,2021-02-16,DEN @ BOS,L,38,16,23,0.696,3,5,0.6,8,8,1.0,3,3,6,5,2,1,3,3,43,2,1,2020,Regular Season
22020,203999,0022000416,2021-02-14,DEN vs. LAL,W,35,8,17,0.471,1,5,0.2,6,6,1.0,4,12,16,10,0,1,3,2,23,16,1,2020,Regular Season
22020,203999,0022000401,2021-02-12,DEN vs. OKC,W,37,9,16,0.563,2,7,0.286,2,2,1.0,3,10,13,9,1,1,2,4,22,5,1,2020,Regular Season
22020,203999,0022000388,2021-02-10,DEN vs. CLE,W,30,5,7,0.714,0,0,0.0,2,2,1.0,1,5,6,12,2,0,2,3,12,32,1,2020,Regular Season
22020,203999,0022000373,2021-02-08,DEN vs. MIL,L,39,13,26,0.5,3,6,0.5,6,6,1.0,3,9,12,6,0,0,0,3,35,-2,1,2020,Regular Season
22020,203999,0022000352,2021-02-06,DEN @ SAC,L,41,20,33,0.606,3,6,0.5,7,7,1.0,1,7,8,12,1,3,1,2,50,2,1,2020,Regular Season
22020,203999,0022000341,2021-02-04,DEN @ LAL,L,35,6,16,0.375,0,0,0.0,1,2,0.5,3,6,9,6,1,0,3,4,13,-8,1,2020,Regular Season
22020,203999,0022000306,2021-01-31,DEN vs. UTA,W,37,17,26,0.654,4,4,1.0,9,10,0.9,3,9,12,5,2,1,3,2,47,14,1,2020,Regular Season
22020,203999,0022000296,2021-01-29,DEN @ SAS,L,39,14,24,0.583,5,11,0.455,2,4,0.5,1,9,10,5,1,1,4,3,35,-9,1,2020,Regular Season
22020,203999,0022000275,2021-01-27,DEN @ MIA,W,34,9,14,0.643,1,5,0.2,2,2,1.0,2,9,11,3,0,1,1,2,21,16,1,2020,Regular Season
22020,203999,0022000265,2021-01-25,DEN @ DAL,W,34,8,13,0.615,0,2,0.0,4,4,1.0,3,7,10,4,2,1,6,2,20,-10,1,2020,Regular Season
22020,203999,0022000248,2021-01-23,DEN @ PHX,W,42,9,21,0.429,0,0,0.0,11,14,0.786,7,15,22,6,1,0,6,3,29,8,1,2020,Regular Season
22020,203999,0022000238,2021-01-22,DEN @ PHX,W,40,15,27,0.556,1,3,0.333,0,1,0.0,6,4,10,8,3,0,3,4,31,-13,1,2020,Regular Season
22020,203999,0022000213,2021-01-19,DEN vs. OKC,W,28,12,21,0.571,0,4,0.0,3,3,1.0,5,7,12,6,1,1,1,2,27,12,1,2020,Regular Season
22020,203999,0022000200,2021-01-17,DEN vs. UTA,L,40,14,23,0.609,3,6,0.5,4,4,1.0,8,6,14,9,2,1,6,4,35,6,1,2020,Regular Season
22020,203999,0022000177,2021-01-14,DEN vs. GSW,W,36,8,16,0.5,0,4,0.0,7,7,1.0,1,13,14,10,3,0,3,4,23,10,1,2020,Regular Season
22020,203999,0022000158,2021-01-12,DEN @ BKN,L,34,8,17,0.471,1,4,0.25,6,6,1.0,1,7,8,11,7,1,1,2,23,-11,1,2020,Regular Season
22020,203999,0022000144,2021-01-10,DEN @ NYK,W,30,9,15,0.6,1,3,0.333,3,3,1.0,3,7,10,5,1,1,2,1,22,8,1,2020,Regular Season
22020,203999,0022000133,2021-01-09,DEN @ PHI,W,29,6,8,0.75,0,0,0.0,3,3,1.0,1,8,9,12,0,0,4,2,15,24,1,2020,Regular Season
22020,203999,0022000120,2021-01-07,DEN vs. DAL,L,41,14,31,0.452,4,10,0.4,6,10,0.6,1,10,11,4,2,0,3,4,38,-6,1,2020,Regular Season
22020,203999,0022000104,2021-01-05,DEN vs. MIN,W,37,12,20,0.6,1,1,1.0,10,12,0.833,5,10,15,6,3,1,4,5,35,13,1,2020,Regular Season
22020,203999,0022000088,2021-01-03,DEN @ MIN,W,32,8,12,0.667,0,1,0.0,3,3,1.0,3,9,12,12,0,0,7,5,19,27,1,2020,Regular Season
22020,203999,0022000076,2021-01-01,DEN vs. PHX,L,30,7,13,0.538,3,5,0.6,0,0,0.0,3,6,9,11,1,0,1,5,17,1,1,2020,Regular Season
22020,203999,0022000055,2020-12-29,DEN @ SAC,L,39,9,14,0.643,1,3,0.333,7,7,1.0,1,9,10,12,2,0,10,4,26,1,1,2020,Regular Season
22020,203999,0022000044,2020-12-28,DEN vs. HOU,W,34,8,11,0.727,1,1,1.0,2,3,0.667,4,8,12,18,3,1,3,2,19,20,1,2020,Regular Season
22020,203999,0022000009,2020-12-25,DEN vs. LAC,L,38,7,13,0.538,1,4,0.25,9,11,0.818,3,6,9,10,1,0,5,2,24,-20,1,2020,Regular Season
22020,203999,0022000019,2020-12-23,DEN vs. SAC,L,42,11,18,0.611,1,2,0.5,6,9,0.667,3,12,15,14,0,2,6,3,29,5,1,2020,Regular Season
